primerid	coef	ci.hi	ci.lo	P
AACS	-0.011109906	-0.006648503	0.006648503	2.42895E-09
AAGAB	-0.00505116	-0.001777159	0.001777159	1.65116E-05
AAK1	-0.015262584	-0.006079799	0.006079799	7.0127E-08
AASDH	-0.012788324	-0.009399224	0.009399224	1.10811E-16
AASDHPPT	0.008666928	0.012922503	-0.012922503	1.34866E-05
AATF	-0.014165192	-0.010820337	0.010820337	3.15242E-22
AATK	-0.003667682	0.001857807	-0.001857807	1.35076E-17
ABAT	-0.014988948	-0.01004634	0.01004634	9.75798E-09
ABCA10	-0.060841812	-0.054944578	0.054944578	4.05532E-91
ABCA2	0.094376121	0.099869864	-0.099869864	6.1018E-271
ABCA3	-0.01586455	-0.01037417	0.01037417	1.56613E-11
ABCA5	-0.062190271	-0.054260612	0.054260612	2.23858E-58
ABCA6	-0.003673271	-0.000199136	0.000199136	0.004511651
ABCA7	0.001632592	0.005293454	-0.005293454	1.65758E-12
ABCA9	-0.024441196	-0.020559325	0.020559325	2.59699E-35
ABCB10	-0.007763548	-0.005033383	0.005033383	7.52432E-12
ABCB7	-0.005209155	-0.002084902	0.002084902	7.52439E-09
ABCB8	0.006132341	0.008818823	-0.008818823	2.14928E-12
ABCB9	-0.037954104	-0.033667831	0.033667831	3.0051E-73
ABCC1	-0.012706305	-0.009118086	0.009118086	3.02078E-15
ABCC10	-0.000323052	0.002634335	-0.002634335	1.68993E-11
ABCC5	-0.024671673	-0.018340095	0.018340095	9.25587E-18
ABCC8	-0.047862961	-0.043039933	0.043039933	3.29003E-85
ABCD2	-0.01481377	-0.011311363	0.011311363	1.22409E-19
ABCD3	-0.000899713	0.002815459	-0.002815459	5.70323E-05
ABCD4	-0.003573162	-0.000286047	0.000286047	1.23783E-07
ABCE1	0.01080123	0.013510433	-0.013510433	7.13135E-18
ABHD10	0.012046451	0.014944561	-0.014944561	4.85827E-20
ABHD12	-0.004028605	0.000999333	-0.000999333	1.342E-06
ABHD13	0.003303241	0.006487688	-0.006487688	0.010699228
ABHD17A	0.033569928	0.038021023	-0.038021023	3.97827E-54
ABHD17B	0.002328777	0.005392401	-0.005392401	8.02667E-10
ABHD17C	-0.001958691	0.000772132	-0.000772132	0.35600838
ABHD18	-0.039413654	-0.034464829	0.034464829	1.47648E-57
ABHD2	-0.022638823	-0.015702426	0.015702426	5.7677E-16
ABHD5	-0.005696183	-0.002797545	0.002797545	7.55549E-05
ABHD6	-0.009283552	-0.005768683	0.005768683	1.37122E-11
ABHD8	-0.001097676	0.003101787	-0.003101787	5.73139E-10
ABI1	-0.013218164	-0.006993008	0.006993008	5.43788E-05
ABI2	-0.011541669	-0.003370286	0.003370286	2.9508E-10
ABL1	-0.005768076	-0.000585098	0.000585098	0.000164311
ABL2	0.009661774	0.015591911	-0.015591911	4.27596E-09
ABLIM1	0.042143968	0.050785106	-0.050785106	2.91002E-66
ABLIM2	-0.156875081	-0.149938517	0.149938517	0
ABLIM3	-0.01395426	-0.009841061	0.009841061	2.33266E-12
ABR	-0.038096614	-0.031180563	0.031180563	4.41211E-29
ABTB1	0.032899819	0.036304108	-0.036304108	1.75566E-83
ACAA1	0.005104183	0.007782494	-0.007782494	0.000115354
ACACA	-0.017192949	-0.008961678	0.008961678	7.35656E-08
ACAD9	-0.008423541	-0.00573588	0.00573588	6.29948E-10
ACADM	-0.010828382	-0.006862208	0.006862208	2.56633E-12
ACADSB	-0.00418957	-0.000258893	0.000258893	7.44447E-06
ACADVL	0.037299303	0.042985193	-0.042985193	1.30325E-38
ACAP2	-0.064911945	-0.057817063	0.057817063	7.13968E-74
ACAP3	0.110043163	0.118081712	-0.118081712	8.1837E-182
ACAT1	0.006329246	0.009636093	-0.009636093	1.8101E-10
ACBD3	-0.00614695	-0.003028618	0.003028618	2.60055E-05
ACBD5	0.00453672	0.007591538	-0.007591538	2.73431E-13
ACBD6	-0.035916015	-0.028682916	0.028682916	2.26776E-22
ACER3	-0.004642859	-0.000321383	0.000321383	2.46669E-08
ACIN1	0.024995428	0.031020817	-0.031020817	2.45258E-38
ACO1	0.008447187	0.011632142	-0.011632142	1.13084E-06
ACO2	-0.002695821	0.001764892	-0.001764892	0.00418877
ACOT11	-0.021283903	-0.017781697	0.017781697	1.72532E-43
ACOT7	-0.017669842	-0.012887511	0.012887511	2.11769E-13
ACOX1	0.009182138	0.012084539	-0.012084539	5.84236E-11
ACOX3	-0.014068997	-0.011208869	0.011208869	9.64302E-22
ACSF3	-0.005098934	-0.002370113	0.002370113	3.311E-11
ACSL1	0.003097052	0.005870677	-0.005870677	6.53718E-09
ACSL3	-0.027460082	-0.02067719	0.02067719	1.43252E-17
ACSL4	0.001021163	0.006637454	-0.006637454	5.15186E-06
ACSS2	0.010991655	0.013852256	-0.013852256	1.74575E-16
ACTB	0.169734282	0.178210711	-0.178210711	0
ACTG1	0.005926968	0.011237853	-0.011237853	1.62657E-09
ACTL6B	0.00543851	0.008122309	-0.008122309	2.54737E-15
ACTN1	-0.008805442	-0.002588504	0.002588504	4.46091E-09
ACTN2	0.003394224	0.006458623	-0.006458623	3.96269E-07
ACTN4	-0.045489338	-0.038690718	0.038690718	1.26187E-42
ACTR10	-0.01740132	-0.013524458	0.013524458	4.45487E-19
ACTR1A	0.036633106	0.040803699	-0.040803699	1.27929E-66
ACTR1B	0.007703097	0.010884776	-0.010884776	1.37303E-05
ACTR2	-0.043079248	-0.036971414	0.036971414	4.65167E-54
ACTR3	-2.28705E-06	0.004130033	-0.004130033	1.75258E-08
ACTR3B	-0.030045798	-0.025352171	0.025352171	7.14191E-36
ACVR1	-0.004078738	-0.001113687	0.001113687	0.003463627
ACVR1B	-0.008400005	-0.00343488	0.00343488	4.34609E-10
ACVR1C	-0.01834302	-0.015014741	0.015014741	2.49018E-28
ACVR2A	-0.011410905	-0.006325741	0.006325741	1.25751E-11
ACVR2B	-0.000795203	0.001907458	-0.001907458	0.04389403
ACYP1	0.001021105	0.003581954	-0.003581954	0.000725577
ACYP2	-0.070699125	-0.062942481	0.062942481	1.31954E-71
ADAM10	-0.01871422	-0.012427136	0.012427136	4.78702E-13
ADAM11	0.029522358	0.034800862	-0.034800862	2.59432E-37
ADAM15	0.017870264	0.021181235	-0.021181235	1.78702E-26
ADAM17	-0.01451995	-0.010637607	0.010637607	7.08706E-16
ADAM19	-0.020581799	-0.017291987	0.017291987	1.07896E-37
ADAM22	-0.079241208	-0.070138802	0.070138802	3.06389E-65
ADAM23	-0.117352739	-0.108155924	0.108155924	9.2856E-137
ADAM32	-0.010895368	-0.007095482	0.007095482	8.01925E-08
ADAM9	-0.019331599	-0.01523105	0.01523105	3.02169E-20
ADAMTS10	0.014011058	0.018159789	-0.018159789	5.86113E-24
ADAMTS16	0.008619766	0.011867257	-0.011867257	4.37017E-11
ADAMTS17	0.003838966	0.008240508	-0.008240508	0.020991967
ADAMTS19	0.016661815	0.021770747	-0.021770747	9.91958E-21
ADAMTS3	-0.022588789	-0.01856842	0.01856842	4.62862E-33
ADAMTS6	-0.000863445	0.002322676	-0.002322676	0.604244216
ADAMTSL1	-0.07041789	-0.064653843	0.064653843	2.4262E-130
ADAMTSL3	0.012063914	0.016259261	-0.016259261	8.14991E-08
ADAP1	0.037370967	0.041654096	-0.041654096	8.65267E-75
ADAR	0.03320652	0.038253962	-0.038253962	2.69784E-48
ADARB1	-0.003943018	0.000754409	-0.000754409	0.015753753
ADARB2	0.031147713	0.04223443	-0.04223443	1.02997E-49
ADCK5	0.013613938	0.016603221	-0.016603221	9.44896E-20
ADCY1	-0.067807314	-0.060275673	0.060275673	4.62592E-69
ADCY2	-0.058699411	-0.0492953	0.0492953	1.19739E-35
ADCY3	-0.009953813	-0.006105509	0.006105509	8.65131E-09
ADCY5	0.00668308	0.011051342	-0.011051342	0.000168246
ADCY6	0.004034683	0.007193062	-0.007193062	3.36884E-09
ADCY8	-0.009229771	-0.004013504	0.004013504	2.39961E-12
ADCY9	-0.088968685	-0.081914187	0.081914187	1.7709E-135
ADCYAP1R1	0.009950156	0.013611028	-0.013611028	8.32994E-08
ADD1	0.016713353	0.023051302	-0.023051302	1.07299E-15
ADD2	0.012497889	0.019503646	-0.019503646	2.71222E-22
ADD3	0.02439564	0.031124352	-0.031124352	1.49903E-23
ADGRA1	0.006633979	0.010678746	-0.010678746	5.17188E-05
ADGRA3	0.000763567	0.003398791	-0.003398791	8.12814E-05
ADGRB1	0.024487492	0.030081032	-0.030081032	1.0254E-16
ADGRB2	0.05986559	0.064781519	-0.064781519	8.6071E-136
ADGRB3	-0.054940604	-0.050270805	0.050270805	2.7221E-122
ADGRL1	-0.009078053	-0.002532136	0.002532136	1.20549E-07
ADGRL2	-0.056512657	-0.046496989	0.046496989	5.41707E-66
ADGRL3	-0.019170471	-0.012563514	0.012563514	3.14289E-36
ADGRV1	0.035791466	0.040927537	-0.040927537	1.18288E-53
ADH5	0.007494645	0.010251977	-0.010251977	1.85974E-11
ADIPOR2	0.012158342	0.015683865	-0.015683865	1.49006E-16
ADK	-0.089904198	-0.081157709	0.081157709	1.1928E-89
ADNP	-0.019165502	-0.01301889	0.01301889	1.34082E-13
ADNP2	-0.010453727	-0.006688135	0.006688135	1.21686E-15
ADORA1	0.007507549	0.010375518	-0.010375518	1.96873E-19
ADRA1A	0.01132202	0.015151916	-0.015151916	1.70315E-10
ADRA1B	0.006583873	0.00961037	-0.00961037	5.96598E-05
AEBP2	-0.098333842	-0.08905605	0.08905605	2.09322E-94
AFAP1	-0.007823023	-0.003592355	0.003592355	0.000640881
AFDN	-0.010882284	-0.004108658	0.004108658	6.1486E-10
AFF1	0.015050854	0.020264548	-0.020264548	5.04192E-14
AFF2	0.02681071	0.03219999	-0.03219999	2.00728E-22
AFF3	-0.156696399	-0.147543598	0.147543598	1.0952E-244
AFF4	-0.0306534	-0.024071854	0.024071854	1.12886E-22
AFG1L	-0.035022229	-0.030527868	0.030527868	5.64222E-55
AFG3L2	-0.009868901	-0.006891525	0.006891525	6.11026E-11
AFTPH	-0.006506451	-0.001977214	0.001977214	1.12126E-07
AGAP1	-0.06629952	-0.056895136	0.056895136	2.54208E-42
AGAP2	0.009251372	0.014030233	-0.014030233	8.24805E-17
AGAP3	0.061079898	0.06780935	-0.06780935	2.8586E-100
AGAP4	-0.028998124	-0.02550815	0.02550815	2.60395E-62
AGAP6	-0.072052547	-0.06861882	0.06861882	0
AGBL3	-0.011591362	-0.007910529	0.007910529	6.27088E-11
AGBL4	-0.28269005	-0.274832912	0.274832912	0
AGFG1	-0.012406848	-0.006176793	0.006176793	1.77602E-13
AGK	-0.018734784	-0.015081059	0.015081059	2.99616E-25
AGL	-0.012266114	-0.008392243	0.008392243	5.76651E-14
AGO1	7.33459E-05	0.003880812	-0.003880812	9.35874E-08
AGO2	-0.013112919	-0.008758919	0.008758919	4.86892E-13
AGO3	-0.010282196	-0.003883971	0.003883971	2.69111E-05
AGO4	-0.023852379	-0.01920934	0.01920934	1.19782E-26
AGPAT1	0.011266973	0.014429963	-0.014429963	2.86534E-11
AGPAT3	-0.004885141	-0.000968035	0.000968035	6.63553E-06
AGPAT4	-0.054210241	-0.047608501	0.047608501	1.5684E-57
AGPAT5	-0.006647306	-0.002513688	0.002513688	3.41282E-07
AGPS	-0.014134744	-0.009644429	0.009644429	3.62358E-11
AGRN	-0.019925368	-0.016288151	0.016288151	2.12962E-33
AGTPBP1	-0.056924561	-0.048946907	0.048946907	9.45291E-48
AHCTF1	-0.021694078	-0.015761313	0.015761313	1.4036E-16
AHCYL1	0.025389787	0.03001286	-0.03001286	1.93179E-35
AHCYL2	-0.016661337	-0.010135791	0.010135791	1.36168E-10
AHDC1	0.000420816	0.005870006	-0.005870006	7.11951E-11
AHI1	-0.189759636	-0.180515294	0.180515294	0
AHSA1	0.008896075	0.011804623	-0.011804623	1.48485E-09
AIG1	-0.085893086	-0.077490537	0.077490537	2.823E-88
AJAP1	-0.02588378	-0.020124839	0.020124839	3.48788E-21
AJM1	0.024438809	0.027938912	-0.027938912	7.86772E-43
AK2	0.001367529	0.003966061	-0.003966061	1.45425E-06
AK3	0.001873939	0.005621599	-0.005621599	1.07949E-06
AK4	0.018965656	0.022256537	-0.022256537	1.22863E-30
AK5	-0.029990779	-0.020385492	0.020385492	4.68007E-17
AK9	-0.003769206	4.91886E-07	-4.91886E-07	0.000166801
AKAP1	0.006201159	0.00925128	-0.00925128	3.68481E-06
AKAP10	-0.008046595	-0.003825246	0.003825246	8.42575E-08
AKAP11	-0.013634387	-0.005974979	0.005974979	4.72508E-16
AKAP12	-0.016256413	-0.011025035	0.011025035	1.44958E-12
AKAP13	-0.006215244	-0.002086868	0.002086868	1.51101E-19
AKAP5	-0.006866551	-0.004164518	0.004164518	9.02481E-09
AKAP6	-0.104125075	-0.095318707	0.095318707	4.4112E-122
AKAP7	-0.005510313	-0.001306941	0.001306941	0.000205957
AKAP8L	-0.059824164	-0.052104833	0.052104833	4.0117E-59
AKAP9	-0.04919938	-0.041067007	0.041067007	1.16404E-48
AKIRIN1	-0.00096025	0.002231344	-0.002231344	0.030677181
AKT1	0.005236471	0.008305672	-0.008305672	7.63153E-11
AKT2	0.018539857	0.023772677	-0.023772677	1.01601E-27
AKT3	-0.150910656	-0.142337624	0.142337624	4.2406E-269
ALCAM	0.034480752	0.041849968	-0.041849968	1.48191E-23
ALDH18A1	-0.002826061	-8.87577E-05	8.87577E-05	1.01578E-07
ALDH1A2	-0.01067496	-0.007434517	0.007434517	5.99877E-18
ALDH1L2	0.006270865	0.008688814	-0.008688814	6.02183E-07
ALDH3A2	-3.6109E-05	0.003701224	-0.003701224	1.20602E-15
ALDH5A1	-0.010232305	-0.00697986	0.00697986	4.28813E-14
ALDH7A1	-0.000364163	0.002538237	-0.002538237	2.82359E-05
ALG13	-0.013523929	-0.009080523	0.009080523	2.4334E-12
ALG14	-0.016207787	-0.012999209	0.012999209	2.90072E-23
ALG5	-0.004766053	-0.002044658	0.002044658	1.11622E-05
ALK	-0.005328336	0.000192144	-0.000192144	0.161725905
ALKBH3	-0.011432901	-0.008671042	0.008671042	7.08103E-16
ALKBH5	0.007315943	0.010633777	-0.010633777	1.13206E-08
ALKBH8	-0.011384257	-0.008473223	0.008473223	6.37466E-15
ALMS1	-0.042951522	-0.037358711	0.037358711	2.41432E-52
ALS2	-0.012455939	-0.007334072	0.007334072	6.83643E-13
AMBRA1	-0.05952775	-0.053176798	0.053176798	3.31204E-78
AMD1	0.052605799	0.057239817	-0.057239817	1.9882E-121
AMDHD2	0.013686085	0.016779373	-0.016779373	8.42569E-23
AMER2	0.04422901	0.047973231	-0.047973231	1.9785E-121
AMFR	0.004870742	0.008225925	-0.008225925	1.81097E-06
AMH	-0.015046381	-0.011712608	0.011712608	2.1853E-24
AMIGO1	0.017635251	0.020306322	-0.020306322	2.77905E-37
AMMECR1	-0.015232705	-0.00884243	0.00884243	1.98097E-11
AMN1	-0.007156948	-0.003018081	0.003018081	1.20901E-06
AMOTL1	0.004545464	0.007607208	-0.007607208	0.002389971
AMPD2	0.03990539	0.043335789	-0.043335789	1.1429E-113
AMPH	-0.02646595	-0.017306849	0.017306849	2.20074E-21
AMY2B	-0.00793859	-0.004290079	0.004290079	2.86054E-10
ANAPC1	-0.058159945	-0.053795031	0.053795031	8.2596E-161
ANAPC10	-0.071419486	-0.065171913	0.065171913	6.7744E-112
ANAPC16	-0.002230957	0.002233418	-0.002233418	3.85744E-11
ANAPC4	-0.007396481	-0.00413127	0.00413127	3.91837E-11
ANAPC5	0.010547248	0.014804557	-0.014804557	1.95708E-11
ANAPC7	0.000560633	0.003424752	-0.003424752	0.000537207
ANGEL2	-0.003875913	-0.000438641	0.000438641	5.48236E-11
ANK1	-0.016041151	-0.011177395	0.011177395	4.02187E-13
ANK2	-0.041895328	-0.036712031	0.036712031	1.55319E-67
ANK3	-0.023842142	-0.017440618	0.017440618	2.08707E-34
ANKAR	-0.018575985	-0.014419362	0.014419362	2.80066E-19
ANKDD1A	0.013011029	0.016725014	-0.016725014	2.93204E-22
ANKFN1	-0.025933887	-0.022270888	0.022270888	5.63087E-62
ANKFY1	-0.020564781	-0.016116954	0.016116954	1.34269E-20
ANKH	0.00929416	0.017565161	-0.017565161	3.16189E-08
ANKIB1	-0.037755276	-0.03018756	0.03018756	7.04822E-25
ANKLE2	-0.005555888	-0.002927798	0.002927798	2.17433E-09
ANKMY1	-0.020024287	-0.017200569	0.017200569	1.26129E-51
ANKMY2	-0.00147363	0.002588857	-0.002588857	5.29145E-06
ANKRD10	-0.059751837	-0.053656535	0.053656535	3.06297E-94
ANKRD11	-0.104463395	-0.09650488	0.09650488	1.4475E-145
ANKRD12	0.000769891	0.009377639	-0.009377639	2.47688E-21
ANKRD13A	0.0057179	0.008855895	-0.008855895	1.67977E-05
ANKRD13C	-0.041279125	-0.035332461	0.035332461	1.13611E-43
ANKRD13D	0.022752793	0.0260076	-0.0260076	9.23768E-42
ANKRD16	-0.012794917	-0.009501693	0.009501693	1.60436E-13
ANKRD17	-0.063252522	-0.053939543	0.053939543	8.29618E-41
ANKRD18A	0.005452616	0.007992975	-0.007992975	6.70454E-17
ANKRD18B	-0.01174765	-0.008010582	0.008010582	2.39352E-14
ANKRD23	-0.011616245	-0.008890511	0.008890511	3.70587E-20
ANKRD24	-0.042409477	-0.036804056	0.036804056	1.88389E-72
ANKRD26	-0.056551563	-0.048573198	0.048573198	7.91705E-61
ANKRD27	-0.006978119	-0.003884267	0.003884267	3.32442E-13
ANKRD28	-0.053564141	-0.046719976	0.046719976	1.16076E-52
ANKRD29	-0.008672856	-0.005737225	0.005737225	2.48669E-08
ANKRD30B	-0.02916332	-0.025618623	0.025618623	7.59911E-60
ANKRD30BL	-0.252001338	-0.242227154	0.242227154	0
ANKRD33B	-0.038335504	-0.033397101	0.033397101	2.30565E-57
ANKRD36	-0.036848367	-0.027482394	0.027482394	1.06507E-29
ANKRD36B	-0.025479163	-0.019432258	0.019432258	1.56633E-20
ANKRD36C	-0.09369777	-0.084619259	0.084619259	6.71727E-98
ANKRD40	0.008242442	0.010836183	-0.010836183	5.31362E-12
ANKRD42	-0.014980158	-0.011499698	0.011499698	4.52448E-18
ANKRD44	-0.019812927	-0.014285881	0.014285881	2.47219E-12
ANKRD46	0.00237628	0.006403474	-0.006403474	0.151376267
ANKRD49	0.00744888	0.010430422	-0.010430422	1.74899E-07
ANKRD50	-0.000304743	0.002952909	-0.002952909	0.982584088
ANKRD52	0.012533898	0.01577356	-0.01577356	3.15712E-22
ANKRD6	0.01417989	0.018595544	-0.018595544	1.56437E-09
ANKRD7	-0.026248086	-0.022304626	0.022304626	1.16976E-42
ANKS1A	-0.028471942	-0.022738646	0.022738646	6.83752E-24
ANKS1B	-0.11192726	-0.106978921	0.106978921	0
ANKS3	-0.000320232	0.003483918	-0.003483918	0.00157158
ANKS6	-0.034124466	-0.029674989	0.029674989	3.76207E-53
ANKZF1	-0.006178177	-0.002750021	0.002750021	8.43409E-40
ANO10	-0.032565613	-0.026875718	0.026875718	8.73859E-29
ANO3	-0.0234922	-0.017018664	0.017018664	2.69313E-21
ANO4	-0.037281242	-0.029470482	0.029470482	1.86944E-20
ANO5	-0.053561858	-0.046124297	0.046124297	1.65467E-44
ANO6	-0.015741443	-0.011622339	0.011622339	1.26354E-16
ANO8	0.01343935	0.016486953	-0.016486953	2.0096E-17
ANP32A	0.003450077	0.00718706	-0.00718706	1.90663E-06
ANTXR1	-0.03307906	-0.028415705	0.028415705	1.1581E-45
ANXA11	-0.028074367	-0.023778592	0.023778592	1.12977E-38
ANXA4	0.002316991	0.00500666	-0.00500666	1.59524E-09
ANXA6	0.006916082	0.011673806	-0.011673806	0.002686468
ANXA7	-0.013395992	-0.009166272	0.009166272	1.75808E-12
AOPEP	0.140954516	0.144405198	-0.144405198	0
AP1AR	0.001522471	0.004695122	-0.004695122	5.09998E-11
AP1B1	0.006752282	0.010539705	-0.010539705	1.99541E-13
AP1G1	0.0068999	0.011283023	-0.011283023	4.95512E-12
AP1G2	0.042525468	0.04802383	-0.04802383	1.05683E-71
AP1M1	0.009099278	0.013214891	-0.013214891	4.93974E-06
AP1S1	0.00916423	0.0121431	-0.0121431	1.40449E-08
AP1S2	0.004470657	0.007667103	-0.007667103	0.019353285
AP2A1	0.00591055	0.009309353	-0.009309353	0.00071209
AP2A2	-0.021863727	-0.015485468	0.015485468	4.55151E-17
AP2B1	0.091168061	0.09707913	-0.09707913	9.5517E-257
AP2M1	0.057870096	0.063774188	-0.063774188	3.9941E-85
AP2S1	-0.003019244	0.000607748	-0.000607748	0.007978754
AP3B1	-0.021302241	-0.016541376	0.016541376	1.16044E-27
AP3B2	-0.019680727	-0.01453861	0.01453861	1.0506E-16
AP3D1	-0.003512866	5.18003E-05	-5.18003E-05	0.021907227
AP3M2	0.008912714	0.012017239	-0.012017239	5.55622E-10
AP3S1	-0.019427132	-0.014693784	0.014693784	1.44724E-17
AP4E1	-0.009229727	-0.005809517	0.005809517	4.71488E-11
AP4S1	0.005381738	0.009211607	-0.009211607	1.16322E-05
AP5M1	0.011030004	0.015156463	-0.015156463	8.28404E-16
AP5Z1	0.01129809	0.014177483	-0.014177483	3.15117E-17
APAF1	-0.000511242	0.002230655	-0.002230655	0.000239608
APBA1	-0.067787027	-0.059781969	0.059781969	5.22231E-61
APBA2	-0.085619351	-0.07797061	0.07797061	1.1466E-106
APBB1	0.086245675	0.091933731	-0.091933731	1.7757E-211
APBB2	-0.039087016	-0.031797028	0.031797028	2.87609E-31
APC	0.104448878	0.110964137	-0.110964137	1.2853E-284
APC2	0.005122062	0.009536863	-0.009536863	0.00013595
APH1B	-0.005025536	-0.002389225	0.002389225	1.50687E-05
API5	0.017261256	0.021690919	-0.021690919	1.2187E-25
APIP	-0.011145442	-0.008136311	0.008136311	1.15819E-13
APLP1	0.046238233	0.051328919	-0.051328919	6.64697E-70
APLP2	0.002567372	0.008924095	-0.008924095	0.340115852
APMAP	-0.00804413	-0.005167788	0.005167788	8.57071E-10
APOE	0.064227412	0.068392339	-0.068392339	4.6328E-197
APOL2	0.00220709	0.005371902	-0.005371902	1.3666E-17
APOO	-0.070113015	-0.066027376	0.066027376	2.614E-283
APOOL	0.001476083	0.004681848	-0.004681848	1.11804E-05
APP	-0.019476331	-0.010081656	0.010081656	2.50991E-09
APPBP2	-0.021230562	-0.016262655	0.016262655	1.25213E-19
APPL1	0.01158568	0.01551182	-0.01551182	2.59341E-15
APPL2	-0.033843844	-0.029045813	0.029045813	5.14161E-47
APTX	0.008234381	0.011605933	-0.011605933	1.57249E-12
AQR	-0.000706208	0.003598371	-0.003598371	0.000981224
ARAP2	-0.033000453	-0.024946819	0.024946819	6.14184E-28
AREL1	-0.001843286	0.001029703	-0.001029703	1.24232E-07
ARF1	-0.002211913	0.00304331	-0.00304331	0.655314485
ARFGAP1	0.06886699	0.073635185	-0.073635185	8.6613E-197
ARFGAP2	0.030326553	0.033888495	-0.033888495	2.85717E-63
ARFGAP3	-0.002020423	0.000627871	-0.000627871	5.12884E-05
ARFGEF1	-0.023931945	-0.017292615	0.017292615	6.39973E-12
ARFGEF2	-0.051289687	-0.044922397	0.044922397	1.1529E-57
ARFGEF3	-0.023230294	-0.015190138	0.015190138	1.24513E-09
ARFIP1	-0.013322975	-0.008857588	0.008857588	2.18245E-13
ARFRP1	0.021375676	0.024847333	-0.024847333	3.47896E-39
ARGLU1	-0.025949885	-0.019014754	0.019014754	2.94058E-22
ARHGAP1	0.00970289	0.012684765	-0.012684765	9.2004E-20
ARHGAP10	-0.001888966	0.001912113	-0.001912113	0.000218088
ARHGAP12	0.007432887	0.011821084	-0.011821084	1.07873E-05
ARHGAP17	-0.007095206	-0.003407158	0.003407158	7.0423E-06
ARHGAP18	0.01360117	0.016883268	-0.016883268	2.77778E-15
ARHGAP20	-0.034941147	-0.029671882	0.029671882	3.83611E-39
ARHGAP21	-0.107845203	-0.098941773	0.098941773	2.0255E-123
ARHGAP22	-0.015289584	-0.011287957	0.011287957	6.64487E-23
ARHGAP23	0.016672621	0.019618722	-0.019618722	1.8114E-31
ARHGAP24	0.020852642	0.024104107	-0.024104107	1.0808E-34
ARHGAP26	-0.099767287	-0.090065195	0.090065195	2.56682E-89
ARHGAP28	0.005688595	0.009145918	-0.009145918	0.001062178
ARHGAP29	-0.014594148	-0.011505592	0.011505592	4.23666E-28
ARHGAP32	-0.130967952	-0.121389952	0.121389952	1.3774E-155
ARHGAP33	0.024948938	0.027932504	-0.027932504	9.96483E-61
ARHGAP35	0.046760806	0.052821888	-0.052821888	5.47489E-69
ARHGAP39	-0.013785125	-0.009482659	0.009482659	3.01956E-21
ARHGAP44	-0.051945133	-0.044101075	0.044101075	1.83024E-37
ARHGAP5	0.027371166	0.034483851	-0.034483851	9.0589E-24
ARHGAP6	0.000182545	0.00326583	-0.00326583	0.280748443
ARHGDIA	0.030128218	0.034123435	-0.034123435	1.45427E-48
ARHGDIG	0.038595454	0.042858795	-0.042858795	1.02351E-70
ARHGEF10L	-0.010660236	-0.007759765	0.007759765	1.10157E-14
ARHGEF11	-0.012638218	-0.007090798	0.007090798	1.96821E-06
ARHGEF12	-0.025408661	-0.01663946	0.01663946	1.02792E-15
ARHGEF17	0.030638782	0.034448828	-0.034448828	1.61047E-55
ARHGEF2	-0.005888826	-0.002763481	0.002763481	1.40248E-08
ARHGEF25	0.006041151	0.010543162	-0.010543162	2.02562E-18
ARHGEF28	0.007651008	0.012019118	-0.012019118	0.000331964
ARHGEF3	-0.040854571	-0.034086173	0.034086173	8.91798E-34
ARHGEF4	0.042443999	0.048155388	-0.048155388	2.10414E-56
ARHGEF6	0.003194202	0.006468458	-0.006468458	1.12896E-13
ARHGEF7	-0.094946442	-0.086177676	0.086177676	2.6071E-100
ARHGEF9	-0.053036399	-0.04619219	0.04619219	1.17804E-54
ARID1A	-0.013963627	-0.009122706	0.009122706	1.6011E-10
ARID1B	-0.030392795	-0.021048545	0.021048545	2.02721E-31
ARID2	-0.013074617	-0.008275932	0.008275932	1.9267E-15
ARID4A	0.000102162	0.005658496	-0.005658496	1.42892E-13
ARID4B	-0.070981968	-0.063138352	0.063138352	1.3081E-70
ARID5B	-0.013427698	-0.005002261	0.005002261	7.06715E-11
ARIH1	-0.022665311	-0.015189803	0.015189803	1.10074E-11
ARIH2	0.005322781	0.010108616	-0.010108616	1.09605E-07
ARL1	0.000329251	0.003104111	-0.003104111	0.004179465
ARL10	0.000417948	0.003541926	-0.003541926	4.04592E-09
ARL13B	-0.027894518	-0.023820023	0.023820023	1.4128E-44
ARL14EP	0.003474823	0.006599264	-0.006599264	0.000263617
ARL15	0.00565844	0.015002293	-0.015002293	1.99117E-18
ARL17A	0.007377718	0.010125271	-0.010125271	9.45386E-08
ARL17B	-0.189098877	-0.183797567	0.183797567	0
ARL2BP	0.00505535	0.008284196	-0.008284196	5.25669E-08
ARL3	-0.005426734	-0.00148446	0.00148446	0.000106658
ARL4C	-0.000956814	0.003493852	-0.003493852	0.912644477
ARL5A	0.018911988	0.021783345	-0.021783345	7.23683E-37
ARL5B	0.000901649	0.003665842	-0.003665842	0.080892695
ARL6	-0.009039502	-0.005372888	0.005372888	1.09573E-08
ARL6IP4	0.035415612	0.0399243	-0.0399243	2.67203E-65
ARL6IP5	-0.001654008	0.002628795	-0.002628795	0.000988047
ARL6IP6	-6.64049E-05	0.002877198	-0.002877198	0.100822836
ARL8A	-0.002984645	0.00097274	-0.00097274	0.000996753
ARL8B	0.001157209	0.006383582	-0.006383582	1.45567E-05
ARMC1	0.003256895	0.006467961	-0.006467961	0.000342069
ARMC10	0.005954084	0.008498337	-0.008498337	2.73892E-10
ARMC2	-0.051517891	-0.04607904	0.04607904	2.5476E-77
ARMC8	0.003364071	0.008534639	-0.008534639	2.27041E-07
ARMC9	-0.083471395	-0.076765652	0.076765652	4.4346E-133
ARMCX3	-0.006419892	-0.003223763	0.003223763	9.86669E-09
ARMCX4	-0.041036515	-0.036324109	0.036324109	5.33258E-69
ARMH1	1.15089E-05	0.002852609	-0.002852609	6.98702E-07
ARMH3	-0.018225919	-0.012659497	0.012659497	2.73979E-11
ARMH4	0.010209331	0.014567704	-0.014567704	3.36971E-07
ARNT	-0.003994527	6.37832E-05	-6.37832E-05	3.6487E-08
ARNT2	-0.119970574	-0.1110174	0.1110174	4.6312E-152
ARNTL	-0.006051189	-0.001337919	0.001337919	1.24233E-11
ARNTL2	-0.037523966	-0.033009335	0.033009335	2.52016E-64
ARPC2	-0.002327078	0.001814756	-0.001814756	1.0608E-06
ARPC3	-0.008532838	-0.005492063	0.005492063	1.21004E-08
ARPC5	0.005551696	0.008541687	-0.008541687	1.37837E-07
ARPP19	-0.020162196	-0.012421312	0.012421312	5.47559E-09
ARPP21	-0.156941537	-0.146706671	0.146706671	1.7281E-198
ARRB1	0.014535541	0.01805913	-0.01805913	3.51083E-33
ARRB2	0.012399714	0.015067217	-0.015067217	1.0271E-18
ARRDC3	-0.001846708	0.001245432	-0.001245432	5.73051E-08
ARSA	0.012031926	0.014900786	-0.014900786	1.47752E-23
ARSB	-0.03498166	-0.030585822	0.030585822	8.13105E-55
ARSG	-0.035898879	-0.032638008	0.032638008	2.8504E-113
ART3	-0.012833724	-0.00964401	0.00964401	1.80862E-14
ASAH1	0.001155291	0.004405471	-0.004405471	0.00208602
ASAP1	-0.080407961	-0.071569285	0.071569285	3.33374E-70
ASAP2	-0.039042	-0.034495832	0.034495832	6.98683E-66
ASB3	0.186249391	0.190156636	-0.190156636	0
ASB7	-0.008084569	-0.005261328	0.005261328	1.26183E-09
ASCC1	-0.003629892	-0.000166012	0.000166012	0.007183643
ASCC3	-0.074927254	-0.067399271	0.067399271	1.68788E-84
ASH1L	-0.063531628	-0.054733149	0.054733149	6.3069E-46
ASH2L	-0.004842953	-0.002030407	0.002030407	1.88724E-09
ASIC1	0.037930405	0.041165781	-0.041165781	2.0162E-115
ASIC2	-0.182395269	-0.171734779	0.171734779	1.2371E-244
ASNS	-0.07284826	-0.069092427	0.069092427	0
ASPH	-0.008603968	-0.001759677	0.001759677	3.02567E-15
ASPHD1	-0.019836616	-0.01628444	0.01628444	1.62822E-29
ASPSCR1	0.021274621	0.024149097	-0.024149097	2.28115E-56
ASTN1	-0.06345727	-0.054274285	0.054274285	4.7708E-43
ASTN2	-0.042409134	-0.032455355	0.032455355	5.01715E-23
ASXL1	-0.005937512	-0.000753282	0.000753282	0.00014191
ASXL2	-0.002105866	0.001746269	-0.001746269	4.57274E-06
ASXL3	-0.043551909	-0.036462747	0.036462747	1.89522E-33
ATAD1	-0.006477077	-0.00160931	0.00160931	3.24156E-13
ATAD2	-0.005031711	-0.001727059	0.001727059	1.1195E-09
ATAD2B	-0.016304726	-0.011587646	0.011587646	2.6042E-13
ATAD3B	0.01707134	0.020500791	-0.020500791	1.11145E-32
ATCAY	0.003449461	0.009254503	-0.009254503	0.005854028
ATE1	-0.02172744	-0.01551871	0.01551871	1.00922E-11
ATF1	-0.002936978	0.000242614	-0.000242614	0.046492843
ATF2	-0.000906763	0.005037055	-0.005037055	6.10989E-09
ATF4	0.000893897	0.003924518	-0.003924518	0.001382111
ATF6	-0.011395494	-0.00570268	0.00570268	2.65911E-06
ATF6B	-0.013502427	-0.010274683	0.010274683	2.52015E-20
ATF7IP	-0.024350217	-0.018509464	0.018509464	2.92803E-24
ATF7IP2	-0.021899011	-0.0171643	0.0171643	1.09417E-21
ATG10	-0.034991425	-0.030553016	0.030553016	8.94387E-56
ATG12	-0.002107133	0.001316748	-0.001316748	3.36795E-10
ATG13	0.024551925	0.028697445	-0.028697445	7.2644E-49
ATG14	-0.005768166	-0.002914378	0.002914378	7.87979E-09
ATG16L1	0.010097221	0.012919779	-0.012919779	3.30004E-13
ATG2B	-0.014196344	-0.008966013	0.008966013	3.98131E-10
ATG4B	0.026659932	0.030674823	-0.030674823	2.2693E-47
ATG4C	-0.001718297	0.002529961	-0.002529961	1.2957E-08
ATG5	-0.03248804	-0.027116661	0.027116661	1.51036E-32
ATG7	-0.07192439	-0.064058221	0.064058221	7.38873E-71
ATL1	-0.008387014	-0.002530708	0.002530708	3.41162E-06
ATL2	0.013411432	0.018215629	-0.018215629	1.15708E-19
ATM	-0.009107658	-0.003477714	0.003477714	2.16269E-08
ATMIN	0.004905315	0.008136244	-0.008136244	1.23283E-05
ATN1	0.054556003	0.059704244	-0.059704244	2.1242E-103
ATP10D	-0.000765677	0.002107018	-0.002107018	0.003249709
ATP11A	-0.031057908	-0.026695661	0.026695661	2.18773E-45
ATP11B	-0.02062288	-0.015574004	0.015574004	3.00111E-20
ATP13A1	0.013767112	0.016926388	-0.016926388	1.97882E-21
ATP13A2	0.020464262	0.024774914	-0.024774914	1.06242E-19
ATP13A3	-0.008576124	-0.004110945	0.004110945	1.6138E-09
ATP1A1	0.002928679	0.009784088	-0.009784088	3.58736E-06
ATP1B1	-0.014647792	-0.005575933	0.005575933	3.26666E-18
ATP1B2	0.049584425	0.053469238	-0.053469238	5.4345E-136
ATP1B3	-0.036085895	-0.031607052	0.031607052	4.52442E-57
ATP2A2	-0.031741934	-0.024472131	0.024472131	5.40825E-18
ATP2B1	-0.088193441	-0.078605625	0.078605625	1.48894E-75
ATP2B2	-0.186930358	-0.177701549	0.177701549	0
ATP2B3	-0.000536511	0.002798858	-0.002798858	0.802397522
ATP2B4	-0.009995169	-0.003703322	0.003703322	5.4272E-12
ATP2C1	-0.004467365	0.00273804	-0.00273804	1.13578E-05
ATP5F1A	0.008348875	0.011990571	-0.011990571	3.46116E-08
ATP5F1B	0.0048905	0.00939372	-0.00939372	0.000136207
ATP5F1C	0.011552533	0.014756356	-0.014756356	5.304E-28
ATP5F1D	0.105221619	0.109548668	-0.109548668	0
ATP5F1E	0.061130037	0.064719749	-0.064719749	2.352E-246
ATP5IF1	-0.00528013	-0.001705867	0.001705867	0.001079506
ATP5MC1	0.009711011	0.012562307	-0.012562307	9.08789E-11
ATP5MC2	0.032119415	0.036100604	-0.036100604	2.14583E-57
ATP5MC3	-0.003519789	-0.000605059	0.000605059	0.000288821
ATP5ME	0.111109385	0.114545522	-0.114545522	0
ATP5MG	0.001156502	0.005558903	-0.005558903	6.03761E-06
ATP5PF	0.018258571	0.021131924	-0.021131924	2.87216E-37
ATP6AP1	0.012017873	0.015769197	-0.015769197	1.96648E-11
ATP6AP2	-0.01435064	-0.010865623	0.010865623	1.0831E-15
ATP6V0A1	-0.013646749	-0.005518065	0.005518065	1.48222E-23
ATP6V0A2	-0.004943596	-0.002433927	0.002433927	2.93909E-07
ATP6V0B	0.045212677	0.050634938	-0.050634938	7.19227E-62
ATP6V0C	0.152677717	0.15643638	-0.15643638	0
ATP6V0D1	0.047702547	0.051742074	-0.051742074	8.0502E-120
ATP6V0E1	-0.004449739	-0.001307575	0.001307575	0.002073478
ATP6V0E2	0.032978748	0.037226514	-0.037226514	6.31344E-70
ATP6V1A	-0.013124969	-0.007862792	0.007862792	3.20086E-07
ATP6V1B2	0.00923696	0.015460547	-0.015460547	0.000694938
ATP6V1C1	0.00676556	0.011588166	-0.011588166	1.12029E-14
ATP6V1D	0.001067659	0.004198298	-0.004198298	8.20323E-11
ATP6V1E1	-0.001718675	0.002881953	-0.002881953	0.071816393
ATP6V1F	0.002278284	0.005417242	-0.005417242	3.07129E-09
ATP6V1G1	-0.011064548	-0.007541455	0.007541455	8.94052E-11
ATP6V1H	-0.078770217	-0.071021724	0.071021724	2.73422E-92
ATP8A1	-0.035218586	-0.02573282	0.02573282	4.7122E-23
ATP8A2	-0.114250117	-0.105460257	0.105460257	1.0547E-143
ATP8B1	-0.039058363	-0.035100851	0.035100851	1.81098E-88
ATP8B2	-0.010275672	-0.007021333	0.007021333	1.08616E-12
ATP8B4	-0.007151697	-0.003701893	0.003701893	1.19165E-07
ATP9A	-0.014953671	-0.007377238	0.007377238	1.23983E-10
ATP9B	-0.113154061	-0.10538356	0.10538356	9.235E-181
ATPAF1	-0.001186596	0.002658873	-0.002658873	2.34135E-05
ATPAF2	-0.006238304	-0.003531958	0.003531958	1.38395E-09
ATR	-0.054900912	-0.049312883	0.049312883	5.20183E-84
ATRN	-0.058521543	-0.052808432	0.052808432	2.3902E-90
ATRNL1	-0.181146734	-0.172845531	0.172845531	0
ATRX	-0.08502957	-0.076071979	0.076071979	4.82281E-85
ATXN1	-0.023659065	-0.014273107	0.014273107	9.02031E-13
ATXN10	-0.053564906	-0.046543994	0.046543994	1.56601E-50
ATXN2	-0.059311048	-0.051744939	0.051744939	7.74748E-53
ATXN2L	0.017101957	0.02071667	-0.02071667	3.95793E-25
ATXN3	-0.006746714	-0.00287084	0.00287084	3.29671E-07
ATXN7L1	-0.063082883	-0.056088493	0.056088493	4.65782E-70
ATXN7L3	0.020461575	0.024838316	-0.024838316	1.75117E-35
ATXN7L3B	0.007175576	0.010835728	-0.010835728	0.000202828
AUH	-0.039251134	-0.032834517	0.032834517	9.57762E-36
AUP1	0.042229927	0.045651763	-0.045651763	8.1652E-131
AUTS2	-0.038708555	-0.031254898	0.031254898	2.253E-40
AVEN	-0.001485911	0.001290064	-0.001290064	0.047762282
AVL9	-0.030429327	-0.024146622	0.024146622	4.70198E-23
AXIN1	-0.003182103	4.52636E-05	-4.52636E-05	0.001053819
AZI2	0.006205726	0.009393842	-0.009393842	6.82238E-09
AZIN1	0.000974063	0.005058599	-0.005058599	5.44739E-09
AZIN2	0.006750455	0.009993967	-0.009993967	1.05788E-05
B3GALNT2	0.002619918	0.005398688	-0.005398688	0.093201053
B3GALT2	0.013795693	0.016627522	-0.016627522	3.53076E-22
B3GAT1	0.0010231	0.00606115	-0.00606115	0.000298186
B3GAT3	0.027161073	0.030624659	-0.030624659	1.17899E-56
B3GLCT	-0.011661933	-0.006889832	0.006889832	2.51619E-08
B4GALNT1	0.023415677	0.026912676	-0.026912676	2.9641E-39
B4GALNT3	-0.006033715	-0.002070781	0.002070781	3.04609E-08
B4GALNT4	0.032620678	0.037360691	-0.037360691	8.40314E-44
B4GALT5	0.001914515	0.006732743	-0.006732743	0.003145752
B4GALT6	-0.031773189	-0.026420877	0.026420877	3.81028E-37
B4GAT1	0.015917852	0.019513054	-0.019513054	3.034E-20
BAALC	-0.034586055	-0.028700503	0.028700503	9.992E-38
BABAM2	-0.111347958	-0.103273497	0.103273497	4.5573E-161
BACE1	-0.001795683	0.001950608	-0.001950608	0.037097309
BACH1	-0.001401282	0.002097014	-0.002097014	0.251691974
BACH2	-0.067618845	-0.060804014	0.060804014	5.96995E-84
BAD	0.023560584	0.026547457	-0.026547457	2.49708E-52
BAG4	-0.011306125	-0.006916622	0.006916622	1.79979E-17
BAG5	-0.010576319	-0.007303538	0.007303538	8.81809E-17
BAHCC1	-0.002301962	0.000380017	-0.000380017	0.002073429
BAIAP2	0.031891223	0.038361699	-0.038361699	1.59469E-33
BAIAP3	0.051049818	0.05589892	-0.05589892	3.60206E-95
BANP	0.009886633	0.013535724	-0.013535724	1.73036E-07
BAP1	0.026105395	0.029129389	-0.029129389	1.37908E-63
BASP1	0.051567846	0.060558319	-0.060558319	8.2581E-49
BAZ1B	-0.059340955	-0.053883773	0.053883773	3.3687E-108
BAZ2A	0.000290942	0.00469012	-0.00469012	5.17105E-09
BAZ2B	-0.040592832	-0.03271921	0.03271921	3.12306E-33
BBIP1	0.000941905	0.004073146	-0.004073146	0.001532786
BBS2	-0.004160614	1.40207E-05	-1.40207E-05	4.0836E-07
BBS7	-0.004877708	-0.001195016	0.001195016	4.01409E-05
BBS9	0.038179843	0.045650382	-0.045650382	4.04359E-64
BBX	-0.012624774	-0.006262566	0.006262566	1.12737E-10
BCAN	0.026833302	0.029847578	-0.029847578	5.83221E-70
BCAP29	0.009622084	0.015469883	-0.015469883	3.36364E-11
BCAP31	0.012104309	0.015835892	-0.015835892	3.82407E-10
BCAR1	0.017401524	0.021323619	-0.021323619	6.63317E-24
BCAR3	-0.017300088	-0.014129632	0.014129632	9.04329E-32
BCAS3	-0.105213583	-0.095922432	0.095922432	6.3896E-108
BCAS4	0.00322178	0.006515837	-0.006515837	3.1242E-07
BCAT1	0.005164718	0.009062475	-0.009062475	0.02683209
BCAT2	0.00627589	0.009040824	-0.009040824	5.19501E-10
BCCIP	-0.005138902	-0.002497841	0.002497841	4.70637E-05
BCKDHB	-0.008875826	-0.003550051	0.003550051	2.79248E-10
BCL11A	-0.060522414	-0.053210583	0.053210583	1.85294E-58
BCL11B	0.019025592	0.023964054	-0.023964054	4.13551E-13
BCL2	-0.05819155	-0.052025756	0.052025756	2.36362E-78
BCL2L1	0.000769427	0.004116764	-0.004116764	1.10611E-05
BCL2L13	-0.0083956	-0.004404475	0.004404475	3.21069E-06
BCL7A	-0.020791312	-0.016852285	0.016852285	1.60383E-28
BCL9	0.002527835	0.005442422	-0.005442422	0.169690744
BCLAF1	-0.036977937	-0.03102408	0.03102408	2.88269E-39
BCLAF3	-0.029386704	-0.025488238	0.025488238	2.56345E-55
BCO2	0.010987434	0.013526767	-0.013526767	4.24313E-18
BCOR	0.069741637	0.073256749	-0.073256749	0
BCR	-0.004601006	-0.00031026	0.00031026	6.76736E-05
BDH1	-0.045609555	-0.040898566	0.040898566	4.89533E-84
BDP1	-0.162341986	-0.154664614	0.154664614	0
BEGAIN	-0.014100939	-0.01032592	0.01032592	1.09072E-15
BEND6	-0.042436793	-0.037318156	0.037318156	2.24431E-59
BEX1	-0.009186101	-0.004825084	0.004825084	0.000118092
BEX2	-0.015063685	-0.011217877	0.011217877	1.99469E-14
BEX3	-0.009739153	-0.005013629	0.005013629	1.22014E-08
BEX4	0.000359034	0.004788003	-0.004788003	0.438886183
BHLHB9	-0.05646852	-0.052719705	0.052719705	8.38E-221
BHLHE40	-0.006905791	-0.003996744	0.003996744	6.41067E-22
BICC1	-0.087870254	-0.081339964	0.081339964	6.7708E-156
BICD1	-0.074915438	-0.066328935	0.066328935	2.12457E-64
BICD2	0.005160881	0.007711714	-0.007711714	9.63508E-07
BICDL1	-0.018843413	-0.013223933	0.013223933	6.59097E-13
BICRAL	-0.041272168	-0.03478658	0.03478658	1.17016E-35
BID	-0.010122595	-0.006716894	0.006716894	3.51596E-09
BIN1	0.123007692	0.129790743	-0.129790743	4.4793E-272
BIN3	-0.000604876	0.002400755	-0.002400755	5.80485E-05
BIRC2	-0.005808947	-0.002826181	0.002826181	5.51169E-18
BIRC6	-0.075629248	-0.06689788	0.06689788	1.58867E-63
BLCAP	0.021282701	0.026695551	-0.026695551	4.55237E-19
BLZF1	-0.001629625	0.001444403	-0.001444403	0.002409813
BMERB1	0.141348649	0.144795951	-0.144795951	0
BMP2K	-0.023295464	-0.019170767	0.019170767	1.75076E-37
BMPER	-0.095743696	-0.087579447	0.087579447	1.8961E-118
BMPR1A	-0.004111043	0.001181281	-0.001181281	0.000199815
BMPR2	-0.044346126	-0.036086924	0.036086924	2.48002E-30
BMS1	-0.017879954	-0.014164553	0.014164553	8.4619E-25
BMT2	0.002144749	0.007548799	-0.007548799	1.19786E-06
BNIP3	0.021208806	0.025612509	-0.025612509	5.32989E-26
BNIP3L	-0.021186864	-0.014571757	0.014571757	5.57354E-15
BOD1L1	-0.057666093	-0.051627056	0.051627056	1.28663E-84
BORCS5	-0.008955378	-0.005266008	0.005266008	3.65696E-07
BPTF	-0.10431017	-0.09631937	0.09631937	1.0533E-143
BRAF	-0.037878187	-0.02928928	0.02928928	2.98653E-18
BRAP	-0.005790602	-0.003026927	0.003026927	4.05338E-05
BRAT1	0.028570212	0.031832449	-0.031832449	4.77941E-66
BRCC3	-0.010873078	-0.00784061	0.00784061	6.28893E-13
BRD1	-0.026964875	-0.023575047	0.023575047	4.93512E-60
BRD2	0.023976663	0.027534067	-0.027534067	3.11962E-45
BRD3	-0.001148748	0.001883851	-0.001883851	0.002312304
BRD4	0.003475527	0.009889875	-0.009889875	3.22269E-05
BRD7	0.003324308	0.005880941	-0.005880941	1.24243E-09
BRD8	0.013067436	0.015776475	-0.015776475	8.2585E-28
BRD9	-0.019339997	-0.016164916	0.016164916	1.42965E-53
BRF1	0.021368531	0.025610043	-0.025610043	5.24418E-29
BRI3	-0.008855391	-0.005542891	0.005542891	5.6434E-17
BRI3BP	0.000250579	0.003886162	-0.003886162	0.169747346
BRINP1	-0.067914862	-0.05992991	0.05992991	1.96407E-61
BRINP2	-0.071352822	-0.064082195	0.064082195	5.58884E-82
BRINP3	-0.07803349	-0.069148142	0.069148142	3.01024E-76
BRK1	0.008099346	0.011272365	-0.011272365	3.92804E-06
BRMS1L	-0.004469082	-0.000981503	0.000981503	0.005237311
BRSK1	0.046387312	0.050556029	-0.050556029	7.143E-123
BRSK2	0.051360985	0.057665358	-0.057665358	3.13942E-74
BRWD1	-0.065617809	-0.057094397	0.057094397	1.20851E-55
BRWD3	-0.007743123	-0.003736105	0.003736105	2.30023E-10
BSDC1	-0.028702249	-0.023705025	0.023705025	4.50196E-33
BSG	0.119320321	0.126308508	-0.126308508	1.4904E-240
BSN	-0.016056649	-0.010014325	0.010014325	3.89072E-08
BTAF1	-0.023870306	-0.019045479	0.019045479	5.10749E-26
BTBD1	-0.009203443	-0.005883119	0.005883119	1.54539E-11
BTBD10	-0.061267812	-0.055111524	0.055111524	2.90457E-90
BTBD11	0.008639297	0.013786361	-0.013786361	1.00213E-06
BTBD2	0.029131001	0.033734394	-0.033734394	1.81477E-48
BTBD3	-0.007276852	-0.002310743	0.002310743	4.025E-08
BTBD7	-0.006284297	-0.00139054	0.00139054	2.64832E-07
BTBD8	-0.036344469	-0.029276608	0.029276608	1.3771E-26
BTBD9	-0.065700828	-0.056109673	0.056109673	2.02808E-40
BTF3L4	-0.010182412	-0.006379406	0.006379406	9.01739E-10
BTG1	0.005414027	0.008255207	-0.008255207	0.000969998
BTRC	-0.011332007	-0.003877624	0.003877624	2.67314E-06
BZW1	0.040703071	0.043103745	-0.043103745	8.3686E-254
BZW2	-0.002724625	0.001346024	-0.001346024	5.12201E-05
C11orf49	-0.051429515	-0.044610005	0.044610005	1.3761E-49
C11orf58	-0.011491888	-0.006720438	0.006720438	9.24687E-12
C11orf68	0.022800712	0.025972548	-0.025972548	3.18542E-45
C11orf80	-0.040223245	-0.033964347	0.033964347	3.49534E-39
C11orf87	-0.00787321	-0.003514148	0.003514148	2.02391E-07
C12orf4	-0.014737014	-0.011116772	0.011116772	2.59323E-17
C12orf76	-0.003296533	0.000462783	-0.000462783	1.09003E-16
C14orf132	-0.004257881	-8.27613E-05	8.27613E-05	0.000134597
C16orf72	-0.062640167	-0.057700879	0.057700879	1.7304E-156
C16orf87	-0.015580797	-0.012357262	0.012357262	1.95902E-23
C16orf95	-0.001543682	0.001179616	-0.001179616	0.242941837
C18orf25	-0.019051227	-0.014413345	0.014413345	1.54109E-19
C19orf12	-0.016730821	-0.012842544	0.012842544	5.19465E-26
C1D	0.002452854	0.005995349	-0.005995349	0.002376002
C1GALT1	-0.007740794	-0.003690372	0.003690372	9.63401E-10
C1orf115	0.019344484	0.023237929	-0.023237929	1.21901E-39
C1orf159	-0.012248667	-0.0083749	0.0083749	1.12979E-10
C1orf21	-0.002336382	0.005066669	-0.005066669	1.03237E-06
C1orf216	0.008045115	0.011274844	-0.011274844	7.227E-10
C1orf52	-0.000545638	0.00234819	-0.00234819	9.98378E-06
C1QTNF4	0.00519872	0.008955973	-0.008955973	0.024289923
C2CD2	0.004803825	0.008362127	-0.008362127	4.81641E-07
C2CD2L	0.002676563	0.005240876	-0.005240876	0.124047699
C2CD3	-0.005763414	-0.001973771	0.001973771	0.000136347
C2CD5	-0.170074249	-0.16123048	0.16123048	5.076172602e-313
C2orf69	-0.000147605	0.002612166	-0.002612166	0.030217262
C2orf72	-0.026517223	-0.021895023	0.021895023	3.77213E-50
C2orf80	-0.00117497	0.001450178	-0.001450178	7.53365E-05
C2orf88	0.011335515	0.01434229	-0.01434229	1.23345E-12
C3orf14	0.011573406	0.014580609	-0.014580609	6.63179E-14
C3orf38	-0.015401208	-0.011680124	0.011680124	7.67295E-21
C3orf70	0.004618229	0.007626851	-0.007626851	0.006121629
C4orf3	0.019349358	0.022039817	-0.022039817	4.8236E-44
C4orf48	0.072461574	0.075828165	-0.075828165	0
C4orf50	-0.001888043	0.001931434	-0.001931434	0.03008047
C5orf24	0.017783406	0.021902665	-0.021902665	6.01189E-26
C6orf62	0.018325585	0.023687975	-0.023687975	9.41371E-27
C6orf89	-0.00830959	-0.003914653	0.003914653	1.86545E-11
C7orf50	0.006790138	0.011255436	-0.011255436	2.25642E-06
C8orf34	-0.047756518	-0.040754056	0.040754056	2.64315E-59
C9orf72	-0.011620948	-0.007515449	0.007515449	8.12697E-14
C9orf85	-0.007455619	-0.004392283	0.004392283	8.51274E-11
CA10	-0.089308527	-0.081135463	0.081135463	1.1035E-102
CA11	0.056929079	0.061780762	-0.061780762	3.2597E-129
CA3	0.005283717	0.008102725	-0.008102725	0.001210558
CA5B	-0.014054842	-0.010520599	0.010520599	8.63675E-18
CA8	0.02233663	0.025235235	-0.025235235	4.56612E-52
CAAP1	-0.00924437	-0.0061443	0.0061443	1.64498E-13
CAB39	-0.006694498	-0.001427652	0.001427652	0.00031563
CAB39L	0.010576118	0.014449632	-0.014449632	6.88583E-11
CABIN1	0.001035098	0.006053891	-0.006053891	2.28066E-07
CABLES1	-0.01202832	-0.00795307	0.00795307	2.66383E-10
CABP1	-0.08622265	-0.077373582	0.077373582	3.18414E-80
CACHD1	0.013390258	0.016820186	-0.016820186	2.57533E-20
CACNA1A	-0.206459245	-0.197173917	0.197173917	0
CACNA1B	-0.172754745	-0.16358609	0.16358609	0
CACNA1C	-0.134226181	-0.125698764	0.125698764	9.0799E-206
CACNA1D	-0.121045416	-0.112028668	0.112028668	4.2863E-151
CACNA1E	0.002390532	0.010934473	-0.010934473	5.57713E-10
CACNA1I	0.032683483	0.037197668	-0.037197668	8.98875E-56
CACNA2D1	-0.093530609	-0.083452443	0.083452443	3.13493E-76
CACNA2D2	0.006563194	0.00952006	-0.00952006	2.73355E-05
CACNA2D3	-0.156067858	-0.145834898	0.145834898	9.5182E-206
CACNB1	0.022084412	0.025676779	-0.025676779	4.85008E-35
CACNB2	-0.043656467	-0.033866566	0.033866566	3.19921E-19
CACNB3	0.015128966	0.018094991	-0.018094991	1.07318E-22
CACNB4	0.254386389	0.262368755	-0.262368755	0
CACNG2	-0.073509648	-0.066800882	0.066800882	1.1758E-102
CACNG3	-0.176475735	-0.168456872	0.168456872	0
CACNG7	0.003951946	0.007624193	-0.007624193	0.000159511
CACNG8	-0.048832635	-0.042034683	0.042034683	1.02173E-59
CACUL1	-0.006681985	-0.001861604	0.001861604	4.80575E-07
CACYBP	0.02190145	0.02475925	-0.02475925	1.63158E-50
CADM1	0.063218633	0.072947902	-0.072947902	6.44683E-66
CADM2	-0.016523389	-0.011668244	0.011668244	2.16657E-16
CADM3	0.050595552	0.056737437	-0.056737437	1.26153E-59
CADM4	0.01619758	0.019142173	-0.019142173	4.22704E-26
CADPS	-0.045235912	-0.036034843	0.036034843	2.20655E-38
CADPS2	-0.175879906	-0.165453501	0.165453501	5.3282E-239
CALCOCO1	0.019297511	0.022689237	-0.022689237	3.5686E-39
CALCOCO2	-0.007367547	-0.003166656	0.003166656	2.1959E-08
CALD1	-0.018155917	-0.013339616	0.013339616	3.98743E-13
CALM1	0.236656855	0.246545225	-0.246545225	0
CALM3	0.047829946	0.055258797	-0.055258797	4.47152E-40
CALN1	-0.037026381	-0.028629249	0.028629249	2.31037E-17
CALR	0.005864962	0.009259042	-0.009259042	1.1618E-05
CALU	0.011828457	0.014780857	-0.014780857	7.9244E-18
CALY	0.06482995	0.071694188	-0.071694188	1.28862E-80
CAMK1	0.000516275	0.003836408	-0.003836408	0.203895467
CAMK1D	-0.132260997	-0.122557855	0.122557855	2.0292E-155
CAMK1G	0.009261291	0.012873631	-0.012873631	1.88045E-21
CAMK2A	-0.185101898	-0.17545727	0.17545727	5.1307E-306
CAMK2B	0.024413817	0.033660283	-0.033660283	2.94302E-17
CAMK2D	-0.032677764	-0.024598816	0.024598816	8.10873E-20
CAMK2G	-0.02305333	-0.017526384	0.017526384	3.97198E-19
CAMK2N1	0.026637453	0.034641138	-0.034641138	5.32572E-27
CAMK2N2	0.006856753	0.00961546	-0.00961546	3.09453E-07
CAMK4	-0.071982667	-0.063493095	0.063493095	4.0574E-62
CAMKK1	-0.008652149	-0.003596964	0.003596964	8.46682E-15
CAMKK2	-0.036252435	-0.031060335	0.031060335	8.21884E-48
CAMKMT	0.01599567	0.021167771	-0.021167771	3.37457E-10
CAMKV	0.059082327	0.065267483	-0.065267483	6.2537E-114
CAMLG	-0.005029001	-0.001361064	0.001361064	0.000697407
CAMSAP1	-0.020318154	-0.016231025	0.016231025	1.48623E-22
CAMSAP2	-0.022680715	-0.014172173	0.014172173	3.19062E-14
CAMSAP3	0.004922612	0.007678491	-0.007678491	1.11913E-05
CAMTA1	-0.097076607	-0.087752827	0.087752827	8.30706E-91
CAMTA2	0.025786314	0.030078894	-0.030078894	4.60548E-33
CAND1	-0.002646345	0.002065977	-0.002065977	0.010907449
CAND2	-0.006960946	-0.004400183	0.004400183	3.85251E-07
CANX	0.031148807	0.036590064	-0.036590064	1.41762E-31
CAP1	0.008669538	0.011232067	-0.011232067	3.79999E-11
CAP2	-0.068291892	-0.06091493	0.06091493	8.60032E-73
CAPN2	0.009540466	0.01216686	-0.01216686	1.28705E-19
CAPN7	0.008521918	0.012734741	-0.012734741	2.83208E-07
CAPNS1	0.029195013	0.033013059	-0.033013059	7.60002E-50
CAPRIN1	0.012056966	0.015901448	-0.015901448	1.55526E-09
CAPRIN2	-0.038320707	-0.03361937	0.03361937	2.87915E-61
CAPS2	-0.047366672	-0.041904817	0.041904817	6.52606E-67
CAPZA1	-0.001879265	0.002058202	-0.002058202	0.000230488
CAPZA2	0.008218992	0.01270282	-0.01270282	2.35248E-20
CAPZB	-0.001659393	0.004650094	-0.004650094	1.3204E-05
CARD19	0.023187231	0.02630314	-0.02630314	6.58337E-57
CARM1	0.013970762	0.018077941	-0.018077941	3.68702E-13
CARMIL1	-0.052747305	-0.044386654	0.044386654	2.06988E-47
CARMIL2	0.046719545	0.050129762	-0.050129762	8.2236E-160
CARNMT1	-0.031845773	-0.027787532	0.027787532	1.08945E-55
CARS2	-0.010565267	-0.006608511	0.006608511	1.23462E-08
CASC3	0.008513539	0.012749602	-0.012749602	1.10448E-15
CASD1	0.010417169	0.015330526	-0.015330526	1.50067E-10
CASK	-0.032557351	-0.026159183	0.026159183	1.17718E-23
CASKIN1	0.050621724	0.056050257	-0.056050257	8.91685E-83
CASP8AP2	-0.014375021	-0.009918817	0.009918817	2.04898E-11
CAST	0.010006361	0.014419557	-0.014419557	3.63709E-13
CASTOR2	-0.020335311	-0.016157762	0.016157762	1.47246E-33
CASTOR3	-0.033623636	-0.027048872	0.027048872	9.65765E-34
CATSPER2	-0.071860638	-0.066109652	0.066109652	2.225E-134
CBFA2T2	-0.012891324	-0.006159621	0.006159621	2.83266E-06
CBL	-0.011216263	-0.006949565	0.006949565	1.80046E-10
CBLB	0.000177472	0.005142526	-0.005142526	1.98643E-06
CBLN2	-0.105016535	-0.095054268	0.095054268	3.68387E-94
CBR4	-0.032362421	-0.027111925	0.027111925	1.97481E-33
CBWD1	0.003314706	0.006035289	-0.006035289	0.000600156
CBWD2	-0.020006966	-0.016736017	0.016736017	1.45751E-36
CBWD3	-0.018373032	-0.015297273	0.015297273	2.6203E-32
CBWD5	-0.072827365	-0.066587261	0.066587261	4.426E-119
CBWD6	-0.001514906	0.001988114	-0.001988114	0.031124451
CBX1	0.002275006	0.005657016	-0.005657016	1.02097E-06
CBX3	0.019823984	0.023701022	-0.023701022	5.35844E-38
CBX5	0.032749282	0.037230009	-0.037230009	1.24215E-48
CBX6	0.019484927	0.024310392	-0.024310392	9.78311E-19
CBX7	-0.000853021	0.002781112	-0.002781112	3.64456E-08
CBY1	-0.0074586	-0.0048198	0.0048198	9.43875E-13
CC2D1A	0.029584337	0.03430427	-0.03430427	1.00351E-45
CC2D2A	0.005634816	0.008512144	-0.008512144	1.12791E-06
CCAR1	-0.031604262	-0.025982756	0.025982756	8.30911E-32
CCAR2	0.006830516	0.009404173	-0.009404173	5.12202E-09
CCBE1	0.015641061	0.019232943	-0.019232943	4.76688E-17
CCDC102B	-0.045195018	-0.040384543	0.040384543	2.04378E-87
CCDC112	-0.007477308	-0.004688993	0.004688993	7.16438E-10
CCDC136	-0.018506502	-0.013790825	0.013790825	1.46445E-19
CCDC138	-0.011743133	-0.007050793	0.007050793	2.81072E-09
CCDC14	-0.015563239	-0.010986711	0.010986711	1.22794E-14
CCDC146	-0.008362724	-0.004101255	0.004101255	0.000103153
CCDC148	-0.015444565	-0.011432674	0.011432674	6.66153E-15
CCDC149	-0.019444603	-0.015321637	0.015321637	4.7425E-20
CCDC171	-0.105391658	-0.098027116	0.098027116	2.9829E-174
CCDC180	-0.009708675	-0.00665536	0.00665536	1.49391E-11
CCDC186	-0.011364955	-0.006868397	0.006868397	3.60022E-18
CCDC191	-0.016152768	-0.013278395	0.013278395	3.30922E-31
CCDC25	-0.002377931	0.000836602	-0.000836602	2.9226E-15
CCDC28A	-0.00350776	-0.000766063	0.000766063	0.000202257
CCDC3	-0.038291019	-0.030632982	0.030632982	5.01919E-23
CCDC30	-0.049300066	-0.042995478	0.042995478	2.37203E-53
CCDC50	0.002920945	0.006597719	-0.006597719	2.81817E-11
CCDC57	-0.035008606	-0.029021982	0.029021982	1.94854E-42
CCDC59	-0.005749541	-0.001824514	0.001824514	9.39672E-07
CCDC6	-0.002462094	0.003446777	-0.003446777	4.69742E-07
CCDC66	-0.024098758	-0.018751602	0.018751602	4.24306E-22
CCDC7	-0.076915961	-0.070674058	0.070674058	2.8419E-130
CCDC82	-0.011023522	-0.006262434	0.006262434	1.51217E-13
CCDC85A	-0.026684673	-0.018220696	0.018220696	4.80385E-14
CCDC85B	0.035182919	0.039107074	-0.039107074	7.5477E-68
CCDC88A	-0.171831115	-0.162683541	0.162683541	1.1043E-302
CCDC91	-0.094608751	-0.086401287	0.086401287	2.5124E-112
CCDC92	-0.059930397	-0.05250492	0.05250492	1.92041E-55
CCDC93	-0.012257323	-0.007774848	0.007774848	6.3081E-11
CCHCR1	0.001205191	0.004027051	-0.004027051	5.57203E-06
CCK	-0.016115649	-0.010094876	0.010094876	1.70808E-15
CCM2	-0.010996661	-0.007439162	0.007439162	7.52174E-15
CCNB1IP1	-0.004020204	-0.001388264	0.001388264	1.8712E-06
CCNC	-0.006372408	-0.00321078	0.00321078	2.99293E-08
CCND2	-0.015853665	-0.010686207	0.010686207	3.39031E-09
CCND3	0.006506733	0.01171538	-0.01171538	1.41874E-10
CCNG2	0.003546345	0.007268056	-0.007268056	0.098235509
CCNH	0.092849689	0.101570564	-0.101570564	4.6843E-102
CCNI	0.018428904	0.023554883	-0.023554883	1.53487E-11
CCNL1	-0.000997092	0.002253517	-0.002253517	1.16135E-12
CCNL2	0.015801127	0.020111076	-0.020111076	1.22177E-21
CCNT2	-0.027828204	-0.023116715	0.023116715	5.41108E-34
CCNY	-0.052194421	-0.044803033	0.044803033	5.44916E-43
CCNYL1	-0.016722448	-0.013871402	0.013871402	1.99297E-34
CCP110	0.008617596	0.013356931	-0.013356931	5.04137E-17
CCPG1	-0.127056471	-0.119150463	0.119150463	5.4182E-220
CCSAP	-0.00458995	0.000327408	-0.000327408	1.05704E-07
CCSER1	-0.147690986	-0.141470161	0.141470161	0
CCSER2	-0.052689389	-0.045640144	0.045640144	6.32422E-48
CCT2	0.00216674	0.00483644	-0.00483644	0.117164068
CCT3	0.014000102	0.017387623	-0.017387623	6.93557E-15
CCT4	0.005714421	0.008875121	-0.008875121	1.6422E-07
CCT6A	0.011080015	0.013871343	-0.013871343	2.91583E-15
CCT8	0.012994584	0.016109809	-0.016109809	2.32413E-17
CD200	-0.011489203	-0.007036284	0.007036284	1.47382E-15
CD247	-0.003503474	-0.00074689	0.00074689	0.040388785
CD276	-0.002915238	-0.000338573	0.000338573	0.000578438
CD2AP	-0.020951258	-0.016923776	0.016923776	7.24361E-28
CD46	0.005419251	0.00942192	-0.00942192	5.08165E-13
CD47	-0.002589121	0.005338025	-0.005338025	1.38959E-08
CD81	0.042639734	0.046984852	-0.046984852	4.01287E-81
CD99L2	-0.003505209	0.001414993	-0.001414993	0.010738237
CDC123	-0.011098748	-0.007891391	0.007891391	7.64837E-17
CDC14B	-0.041523684	-0.035925018	0.035925018	1.09664E-49
CDC16	-0.009433997	-0.005658178	0.005658178	1.69583E-11
CDC25B	-0.001248622	0.002751602	-0.002751602	9.03253E-07
CDC27	-0.02803654	-0.022244378	0.022244378	4.10031E-26
CDC34	0.019521069	0.022595695	-0.022595695	2.16244E-34
CDC37	0.022107486	0.02582937	-0.02582937	1.51429E-37
CDC37L1	-0.002789005	-8.82752E-05	8.82752E-05	0.000646922
CDC40	-0.007255353	-0.002445357	0.002445357	2.09394E-15
CDC42	-0.000414747	0.004262621	-0.004262621	0.00041534
CDC42BPA	-0.127099468	-0.118052381	0.118052381	2.4629E-164
CDC42BPB	-0.004120958	0.001337171	-0.001337171	2.91378E-09
CDC42EP3	-0.005363909	-0.002663006	0.002663006	7.44631E-06
CDC42SE1	0.009207266	0.011969612	-0.011969612	6.96644E-16
CDC42SE2	-0.018783136	-0.012730599	0.012730599	2.49881E-13
CDC5L	-0.014268135	-0.010617038	0.010617038	2.32097E-19
CDC73	-0.019095715	-0.013572151	0.013572151	1.28805E-14
CDH10	-0.03153953	-0.022217836	0.022217836	1.53012E-20
CDH11	0.000930707	0.006230239	-0.006230239	0.002445951
CDH12	-0.200906779	-0.189974909	0.189974909	1.1857E-281
CDH13	-0.050728313	-0.040759673	0.040759673	6.24492E-23
CDH18	-0.074590472	-0.064413231	0.064413231	1.49757E-58
CDH2	-0.01844936	-0.009237995	0.009237995	7.37478E-18
CDH20	0.106029777	0.112218815	-0.112218815	1.609E-244
CDH22	-0.07475784	-0.069217747	0.069217747	1.0884E-157
CDH4	-0.016025187	-0.010922899	0.010922899	5.50513E-10
CDH6	0.0084684	0.012525885	-0.012525885	2.3975E-05
CDH7	-0.009752482	-0.00548843	0.00548843	3.3232E-05
CDH8	-0.022138619	-0.013122486	0.013122486	3.53609E-32
CDH9	-0.108464361	-0.09988379	0.09988379	1.1603E-135
CDHR3	0.01130264	0.016480522	-0.016480522	1.64232E-06
CDIP1	0.031871556	0.037666139	-0.037666139	2.21963E-29
CDK10	0.033582207	0.038549512	-0.038549512	1.05224E-44
CDK11B	-0.011404891	-0.008556536	0.008556536	5.30609E-15
CDK12	-0.040913052	-0.035590101	0.035590101	6.96598E-51
CDK13	-0.061746279	-0.05380879	0.05380879	3.23962E-52
CDK14	-0.112529631	-0.102939644	0.102939644	2.3824E-119
CDK16	0.042221692	0.046257906	-0.046257906	1.67516E-97
CDK17	-0.009668945	-0.003733153	0.003733153	5.22982E-13
CDK18	0.038713774	0.042316349	-0.042316349	5.0089E-113
CDK19	-0.021708413	-0.015433366	0.015433366	3.52935E-17
CDK5R1	0.005598857	0.010845563	-0.010845563	0.001163699
CDK5R2	0.01187486	0.015277564	-0.015277564	8.34732E-12
CDK5RAP1	-0.002301671	0.000909326	-0.000909326	6.30478E-06
CDK5RAP2	-0.000484515	0.00436349	-0.00436349	6.1058E-11
CDK5RAP3	0.011218401	0.013781617	-0.013781617	2.34175E-21
CDK6	-0.030216367	-0.024859161	0.024859161	3.40283E-30
CDK8	-0.022672676	-0.016577726	0.016577726	2.10668E-13
CDK9	0.027027996	0.030228382	-0.030228382	1.69287E-70
CDKAL1	-0.051727929	-0.043554831	0.043554831	5.56805E-37
CDKL1	-0.026233279	-0.021307759	0.021307759	8.89512E-25
CDKL2	0.019704199	0.023197875	-0.023197875	4.42246E-34
CDKL3	-0.011410842	-0.007916047	0.007916047	3.47432E-15
CDKL5	-0.053803632	-0.045567841	0.045567841	7.97674E-40
CDKN2D	-0.003956322	-0.001199379	0.001199379	0.001141347
CDON	-0.014338825	-0.009753232	0.009753232	1.30094E-12
CDR2	-0.034615459	-0.028750059	0.028750059	1.00891E-30
CDS1	-0.005939721	-0.002419953	0.002419953	8.18327E-07
CDS2	0.007184976	0.011917052	-0.011917052	0.006010204
CDYL	-0.02366557	-0.019171064	0.019171064	3.30652E-27
CDYL2	-0.033249669	-0.028149963	0.028149963	1.12659E-40
CEACAM19	-0.016265141	-0.01343621	0.01343621	1.04407E-29
CEBPB	0.01401554	0.017107049	-0.017107049	1.11211E-19
CEBPZ	-0.009854253	-0.007179675	0.007179675	7.17783E-13
CEBPZOS	-0.002504839	0.000973249	-0.000973249	4.16865E-05
CELF1	-0.03327643	-0.024438294	0.024438294	1.2015E-24
CELF2	-0.070096383	-0.063790492	0.063790492	1.5097E-118
CELF3	-0.001144142	0.002503315	-0.002503315	0.053872884
CELF4	-0.109370145	-0.100131263	0.100131263	2.6256E-117
CELF5	-0.069171248	-0.062061661	0.062061661	1.98858E-80
CELSR2	0.012560257	0.016388526	-0.016388526	3.66353E-11
CELSR3	0.025437239	0.028628341	-0.028628341	2.37037E-54
CEMIP	-0.011833895	-0.007085617	0.007085617	7.16946E-12
CEMIP2	0.013030125	0.017442785	-0.017442785	5.72428E-20
CEND1	0.069696714	0.075472715	-0.075472715	8.4441E-121
CENPC	-0.021837638	-0.015778776	0.015778776	4.68193E-19
CENPJ	-0.01546817	-0.011833523	0.011833523	2.28323E-17
CENPP	-0.007208853	-0.002078942	0.002078942	3.06741E-09
CENPT	0.027950321	0.031062179	-0.031062179	6.43116E-78
CENPV	-0.001167417	0.00175822	-0.00175822	1.02576E-06
CEP104	-0.009143844	-0.00593865	0.00593865	5.3279E-14
CEP112	-0.072612462	-0.065309808	0.065309808	9.77071E-85
CEP120	0.000839637	0.004037262	-0.004037262	0.000981923
CEP126	-0.026328443	-0.01962357	0.01962357	1.68519E-14
CEP128	-0.009673634	-0.005686874	0.005686874	1.86042E-12
CEP162	-0.00762724	-0.004078943	0.004078943	2.50641E-08
CEP164	-0.005581134	-0.001681691	0.001681691	5.62935E-11
CEP170	-0.031359999	-0.02390875	0.02390875	1.21678E-20
CEP170B	0.018111863	0.021416518	-0.021416518	1.4093E-28
CEP192	-0.056092444	-0.049956151	0.049956151	6.40429E-73
CEP250	-0.00497507	-0.001851248	0.001851248	9.30661E-08
CEP290	-0.019529388	-0.013072688	0.013072688	1.27411E-23
CEP295	-0.032406423	-0.027675988	0.027675988	3.06728E-46
CEP350	-0.060964988	-0.053685653	0.053685653	3.84039E-61
CEP44	-0.012513739	-0.009334142	0.009334142	2.64453E-22
CEP57	-0.028881835	-0.024210714	0.024210714	4.9567E-35
CEP57L1	-0.017446341	-0.013924406	0.013924406	7.19294E-24
CEP63	-0.018723519	-0.014237606	0.014237606	1.48641E-19
CEP68	-0.02070366	-0.017116184	0.017116184	4.33985E-32
CEP70	0.000932808	0.005502638	-0.005502638	2.19346E-08
CEP78	-0.001220614	0.002366958	-0.002366958	5.6654E-12
CEP83	-0.030544172	-0.026717692	0.026717692	3.36775E-56
CEP85L	-0.03760676	-0.030841056	0.030841056	5.64873E-28
CEP89	-0.016022725	-0.012674748	0.012674748	3.1476E-26
CEP95	0.002918118	0.006655411	-0.006655411	0.001456972
CEP97	-0.032192937	-0.027489523	0.027489523	4.35242E-54
CEPT1	0.006050078	0.009641942	-0.009641942	5.95399E-10
CERCAM	0.030933177	0.034301025	-0.034301025	5.5807E-122
CERS4	-0.040268955	-0.03491127	0.03491127	3.13427E-53
CERS5	0.0463518	0.051689485	-0.051689485	6.22796E-73
CERS6	-0.057534507	-0.048102004	0.048102004	1.35554E-35
CERT1	0.091604322	0.094340928	-0.094340928	0
CFAP161	0.01808137	0.02272251	-0.02272251	2.49181E-15
CFAP221	-0.045229945	-0.040523011	0.040523011	1.70913E-84
CFAP299	-0.046582816	-0.042191134	0.042191134	1.2298E-101
CFAP36	-0.007836148	-0.00439677	0.00439677	7.37255E-14
CFAP44	-0.012808545	-0.008502672	0.008502672	1.95888E-09
CFAP46	-0.071699976	-0.06699534	0.06699534	6.1822E-205
CFAP54	0.000806331	0.004086409	-0.004086409	0.060946085
CFAP69	-0.016091819	-0.012356479	0.012356479	1.02304E-16
CFAP70	0.004006638	0.007105293	-0.007105293	0.02369817
CFAP97	0.002699017	0.005583289	-0.005583289	1.13227E-05
CFDP1	0.004646263	0.009245824	-0.009245824	1.17983E-09
CFL1	0.048355847	0.053915862	-0.053915862	1.27029E-63
CGGBP1	0.019351729	0.023333834	-0.023333834	8.42767E-27
CGREF1	-0.002631805	9.4906E-05	-9.4906E-05	0.130645956
CHCHD10	0.011154421	0.01542659	-0.01542659	1.30637E-06
CHCHD2	0.002286717	0.005472102	-0.005472102	0.256890577
CHCHD3	-0.064939483	-0.05745511	0.05745511	3.10582E-64
CHCHD6	-0.048790432	-0.043977468	0.043977468	7.83565E-89
CHD1	-0.00182142	0.002587013	-0.002587013	6.49077E-07
CHD1L	-0.056477366	-0.053059499	0.053059499	3.6517E-271
CHD2	0.076975453	0.083196016	-0.083196016	2.363E-163
CHD3	0.043172981	0.047350616	-0.047350616	5.72673E-93
CHD5	0.186845844	0.19574158	-0.19574158	0
CHD6	-0.053205826	-0.045678857	0.045678857	1.07806E-42
CHD8	-0.005215015	-0.000861955	0.000861955	0.017090589
CHD9	-0.088103197	-0.079198144	0.079198144	1.28301E-82
CHFR	-0.016562245	-0.012568404	0.012568404	2.00607E-16
CHGA	0.013922514	0.019568982	-0.019568982	2.28993E-24
CHGB	-0.025721009	-0.022862667	0.022862667	1.59606E-73
CHIC1	-0.071614862	-0.065445038	0.065445038	3.9767E-116
CHIC2	-0.016958817	-0.013221579	0.013221579	6.73814E-21
CHID1	0.000157023	0.002807308	-0.002807308	1.18793E-06
CHKA	-0.014839302	-0.010160639	0.010160639	6.43954E-28
CHL1	0.008242445	0.017721769	-0.017721769	2.40974E-28
CHM	-0.043689972	-0.037961689	0.037961689	7.81904E-52
CHMP1A	0.022907099	0.026358803	-0.026358803	6.00454E-42
CHMP2B	-0.001489804	0.001333945	-0.001333945	4.69182E-07
CHMP4B	-0.004633436	-0.001676107	0.001676107	0.000111035
CHMP5	0.001488066	0.004357522	-0.004357522	1.38615E-05
CHN1	-0.056204994	-0.045918662	0.045918662	7.94587E-74
CHORDC1	0.003363119	0.007385966	-0.007385966	1.07089E-05
CHPT1	0.007746059	0.012774716	-0.012774716	7.72668E-05
CHRD	0.006768799	0.010620515	-0.010620515	0.000150004
CHRM1	0.011405825	0.014606593	-0.014606593	9.8013E-12
CHRM2	0.004305217	0.008584519	-0.008584519	4.82482E-05
CHRM3	-0.136407609	-0.126493368	0.126493368	9.9275E-161
CHRNA4	0.008022856	0.01100859	-0.01100859	1.86239E-07
CHRNA7	-0.006924517	-0.00399498	0.00399498	1.95832E-05
CHST1	-0.006762086	-0.003118974	0.003118974	1.15559E-07
CHST11	0.012172931	0.017806305	-0.017806305	1.86079E-06
CHST15	-0.021320236	-0.015888977	0.015888977	6.4192E-16
CHSY1	-0.005701197	-0.002051175	0.002051175	0.002459831
CHSY3	-0.093275937	-0.08318534	0.08318534	7.11063E-81
CHTOP	0.001292805	0.004172158	-0.004172158	1.441E-10
CIAO1	0.019657988	0.022307453	-0.022307453	3.64298E-58
CIR1	-0.00752291	-0.003899047	0.003899047	3.91724E-11
CIRBP	-0.019187959	-0.012670523	0.012670523	1.77796E-97
CISD1	-0.005468992	-0.001450878	0.001450878	0.000252798
CIT	-0.067669769	-0.058981192	0.058981192	1.76532E-51
CIZ1	0.011935449	0.015066944	-0.015066944	2.88239E-15
CKAP5	0.005328314	0.010023211	-0.010023211	2.0723E-09
CKB	0.079988537	0.088340891	-0.088340891	4.925E-105
CKMT1B	-0.047720979	-0.042931957	0.042931957	2.23234E-93
CLASP1	-0.061091668	-0.051694337	0.051694337	5.63617E-39
CLASP2	-0.065673069	-0.056357542	0.056357542	2.02998E-43
CLASRP	0.018270487	0.022301431	-0.022301431	1.24319E-28
CLCN3	0.010181326	0.016074942	-0.016074942	5.37507E-12
CLCN4	-0.00570412	-0.001441924	0.001441924	0.002147917
CLCN7	0.049997494	0.054957138	-0.054957138	1.8257E-94
CLDN12	-0.004427281	-0.000378901	0.000378901	3.46636E-06
CLDND1	0.033439457	0.037585954	-0.037585954	1.48606E-72
CLEC16A	-0.076320825	-0.069661756	0.069661756	7.3337E-112
CLEC2L	-0.030193787	-0.026650433	0.026650433	1.3568E-63
CLHC1	-0.001708944	0.00123066	-0.00123066	0.484377302
CLINT1	-0.001836586	0.001655084	-0.001655084	1.42014E-05
CLIP1	-0.05339449	-0.046011969	0.046011969	3.263E-49
CLIP2	-0.034795681	-0.028060302	0.028060302	1.19423E-31
CLIP3	0.073399774	0.079691998	-0.079691998	2.7326E-114
CLIP4	-0.00964817	-0.003933315	0.003933315	1.02618E-09
CLK1	0.033055066	0.037815952	-0.037815952	1.68896E-60
CLK4	-0.001677299	0.001914594	-0.001914594	6.71115E-13
CLMN	0.023981677	0.027149014	-0.027149014	6.66505E-53
CLMP	-0.016388273	-0.013000565	0.013000565	1.22906E-21
CLNS1A	5.23991E-05	0.004609582	-0.004609582	0.02727846
CLOCK	0.0021107	0.007930802	-0.007930802	0.169197013
CLPB	-0.002672686	0.000189308	-0.000189308	4.84839E-06
CLPTM1	0.023384635	0.027561515	-0.027561515	4.73289E-28
CLPX	0.000570345	0.003297047	-0.003297047	5.6758E-09
CLSTN1	0.002823763	0.011410929	-0.011410929	0.000122212
CLSTN2	0.020286382	0.030325332	-0.030325332	8.86991E-29
CLSTN3	-0.001836522	0.004789286	-0.004789286	7.2579E-16
CLTA	0.000271547	0.004647949	-0.004647949	0.244345668
CLTB	0.032099097	0.036544187	-0.036544187	2.06621E-48
CLTC	0.008165654	0.014816009	-0.014816009	3.25441E-09
CLU	0.36648737	0.375567983	-0.375567983	0
CLUAP1	-0.014079868	-0.010791625	0.010791625	8.8425E-21
CLUH	0.025421645	0.029343929	-0.029343929	6.40829E-43
CLVS1	-0.063556288	-0.056317537	0.056317537	4.86635E-67
CLVS2	0.012117255	0.019391574	-0.019391574	1.60723E-15
CLYBL	-0.017019213	-0.013565471	0.013565471	2.55602E-24
CMAS	0.006176658	0.009384759	-0.009384759	1.06793E-05
CMC1	-0.008925958	-0.004938314	0.004938314	2.69078E-10
CMC2	-0.017069494	-0.013180883	0.013180883	2.38802E-19
CMIP	-0.016599039	-0.008032108	0.008032108	3.30765E-11
CMPK1	-0.001380443	0.002333659	-0.002333659	0.001221058
CMSS1	-0.0314118	-0.023513243	0.023513243	1.18176E-16
CMTM4	-0.018866008	-0.013325277	0.013325277	4.02964E-13
CMTR1	0.016063357	0.019553439	-0.019553439	1.1506E-29
CMYA5	-0.094762397	-0.089659928	0.089659928	2.96816679241e-311
CNBP	0.010135501	0.013476936	-0.013476936	6.5937E-14
CNIH1	-0.001560146	0.002154128	-0.002154128	0.037526439
CNIH2	0.025313993	0.028342481	-0.028342481	5.80683E-60
CNIH3	-0.010023384	-0.005395961	0.005395961	4.40046E-09
CNKSR2	-0.064240467	-0.054402086	0.054402086	1.51202E-63
CNN3	0.019550182	0.02251701	-0.02251701	3.53833E-42
CNNM1	-0.001347998	0.003904461	-0.003904461	2.00778E-05
CNNM2	-0.019053993	-0.012413261	0.012413261	3.27634E-09
CNOT1	0.009032793	0.012793435	-0.012793435	4.07276E-12
CNOT10	-0.015568739	-0.011973454	0.011973454	3.23253E-20
CNOT2	-0.014264011	-0.007987761	0.007987761	3.53764E-13
CNOT3	0.014514247	0.017169175	-0.017169175	1.66705E-26
CNOT4	-0.024403409	-0.018192976	0.018192976	8.96213E-16
CNOT6	-0.000119986	0.003351363	-0.003351363	0.005572523
CNOT6L	-0.012650005	-0.007097187	0.007097187	2.62249E-11
CNOT7	0.009144712	0.012906352	-0.012906352	1.27792E-08
CNOT9	-0.000672878	0.002379308	-0.002379308	0.025019786
CNP	0.031347436	0.034476149	-0.034476149	1.57549E-84
CNR1	0.00069234	0.00553674	-0.00553674	0.002860245
CNRIP1	0.008494268	0.012495046	-0.012495046	5.73548E-06
CNST	-0.023525828	-0.018151784	0.018151784	4.7041E-25
CNTLN	0.00063946	0.00416392	-0.00416392	0.000558923
CNTN1	-0.011583125	-0.004635231	0.004635231	1.19557E-73
CNTN2	0.026457948	0.030126575	-0.030126575	5.69882E-59
CNTN3	-0.042379244	-0.033453562	0.033453562	8.06159E-20
CNTN4	-0.009236457	0.001152884	-0.001152884	1.05977E-61
CNTN5	0.069113717	0.081423347	-0.081423347	3.4389E-29
CNTN6	0.005268485	0.009351242	-0.009351242	2.14105E-05
CNTNAP1	0.048345039	0.051658976	-0.051658976	6.434E-182
CNTNAP2	-0.049764306	-0.043315114	0.043315114	3.85752E-73
CNTNAP3	-0.004400488	-0.00111964	0.00111964	0.000410207
CNTNAP3B	-0.059803983	-0.054064876	0.054064876	3.1862E-148
CNTNAP4	0.010564038	0.0178241	-0.0178241	2.66667E-10
CNTNAP5	-0.188272718	-0.178188091	0.178188091	2.0647E-288
CNTRL	-0.020595091	-0.016372701	0.016372701	2.36424E-23
COA1	-0.061020665	-0.055149594	0.055149594	7.27143E-93
COBL	-0.076039476	-0.067385527	0.067385527	2.02323E-66
COBLL1	-0.01363097	-0.009367077	0.009367077	1.69587E-11
COG1	0.003120942	0.005907389	-0.005907389	0.019554083
COG2	0.002946626	0.006107366	-0.006107366	5.32764E-13
COG3	-0.008338084	-0.004895802	0.004895802	4.22382E-10
COG5	-0.029611828	-0.022173255	0.022173255	8.49652E-17
COG6	-0.049151521	-0.042917031	0.042917031	8.39642E-55
COG7	-0.014241754	-0.010700699	0.010700699	1.29266E-17
COL11A1	-0.027394825	-0.022525588	0.022525588	1.40285E-32
COL12A1	-0.014280103	-0.010679705	0.010679705	5.75186E-19
COL16A1	0.011801232	0.014463796	-0.014463796	2.82574E-18
COL19A1	-0.412835527	-0.404798845	0.404798845	0
COL21A1	0.003577276	0.007548488	-0.007548488	2.88E-05
COL23A1	-0.013628906	-0.010443124	0.010443124	5.08239E-17
COL24A1	-0.039219314	-0.03559595	0.03559595	5.1387E-108
COL25A1	-0.009222847	-0.005282106	0.005282106	9.51325E-06
COL26A1	-0.114089401	-0.108338165	0.108338165	0
COL28A1	-0.007091758	-0.004285515	0.004285515	1.25457E-10
COL4A2	-0.002845375	0.000516299	-0.000516299	0.01305039
COL5A2	-0.000747945	0.00348946	-0.00348946	2.72648E-17
COL6A1	0.041001638	0.045196681	-0.045196681	2.14627E-88
COL7A1	0.003247916	0.005930037	-0.005930037	1.10928E-11
COLGALT2	0.005590763	0.010687241	-0.010687241	9.75911E-09
COLQ	-0.033483192	-0.029273741	0.029273741	1.46752E-55
COMMD1	-0.039914409	-0.033563768	0.033563768	2.42559E-35
COMMD10	-0.060583539	-0.05434746	0.05434746	5.07709E-81
COMT	-0.002673068	0.000425549	-0.000425549	8.05908E-05
COP1	-0.13165021	-0.123141719	0.123141719	1.8776E-208
COPA	0.014181552	0.018884679	-0.018884679	9.93949E-16
COPB1	0.015615179	0.018930564	-0.018930564	1.17917E-22
COPB2	0.002917084	0.005808268	-0.005808268	1.87649E-06
COPE	0.033005385	0.036123725	-0.036123725	1.49557E-93
COPG2	-0.02224433	-0.018402902	0.018402902	4.53118E-32
COPRS	0.003090749	0.006210184	-0.006210184	0.016863164
COPS2	0.010226306	0.014132849	-0.014132849	1.12216E-11
COPS4	-0.005946127	-0.003232819	0.003232819	2.06672E-07
COPS6	-0.003768319	-0.000630451	0.000630451	7.4192E-08
COPS7B	-0.002388388	0.000315254	-0.000315254	0.000202305
COPS9	0.02341627	0.026296411	-0.026296411	2.83754E-56
COQ4	-0.019628545	-0.015434575	0.015434575	1.38055E-54
COQ8A	0.013399864	0.017483194	-0.017483194	1.03467E-14
COQ9	0.001725093	0.004300447	-0.004300447	0.014344474
CORO1C	0.005048695	0.008548054	-0.008548054	0.00861378
CORO2B	-0.03513166	-0.029178855	0.029178855	1.12101E-34
CORO6	0.018943575	0.024803382	-0.024803382	1.43689E-33
COX10	-0.000660804	0.002471073	-0.002471073	0.16563989
COX11	0.002112595	0.005193362	-0.005193362	0.000759399
COX19	-0.008223479	-0.005249627	0.005249627	9.28222E-09
COX4I1	0.018504572	0.022921831	-0.022921831	2.2748E-16
COX5B	0.029176223	0.03276393	-0.03276393	2.42762E-55
COX6B1	0.022243058	0.025557911	-0.025557911	5.08187E-39
COX6C	0.046817374	0.050695411	-0.050695411	1.2541E-165
COX7A2	0.01333146	0.016143881	-0.016143881	8.01772E-20
COX7A2L	-0.011408645	-0.006458897	0.006458897	1.18816E-06
COX7C	0.040231166	0.043687081	-0.043687081	4.7588E-113
CPD	-0.010039845	-0.005256989	0.005256989	7.01361E-15
CPE	0.04545887	0.053580516	-0.053580516	2.13624E-54
CPEB1	0.062615407	0.065520675	-0.065520675	0
CPEB2	-0.012817635	-0.00719549	0.00719549	1.59024E-12
CPEB3	-0.058713496	-0.049650703	0.049650703	4.49613E-43
CPEB4	-0.037496944	-0.028718604	0.028718604	5.67936E-22
CPLANE1	-0.08478841	-0.077176943	0.077176943	5.4795E-105
CPLX1	-0.023481125	-0.017986614	0.017986614	5.36513E-26
CPLX2	0.009528272	0.016607	-0.016607	8.10968E-13
CPNE1	0.042762251	0.046409008	-0.046409008	1.3083E-115
CPNE3	-0.00554976	-0.002064781	0.002064781	1.64127E-08
CPNE4	-0.045546421	-0.03741836	0.03741836	7.42412E-74
CPNE5	-0.026521003	-0.021182213	0.021182213	1.87572E-28
CPNE6	0.026115678	0.029379766	-0.029379766	9.22894E-56
CPNE7	0.027886787	0.030609797	-0.030609797	3.67081E-92
CPNE8	-0.052937573	-0.046618451	0.046618451	2.15549E-65
CPNE9	-0.002107709	0.000738409	-0.000738409	1.07454E-07
CPOX	-0.02147161	-0.018195161	0.018195161	2.03909E-51
CPQ	0.009881623	0.013546608	-0.013546608	2.92774E-24
CPSF1	0.054756402	0.058147699	-0.058147699	4.0848E-230
CPSF2	0.002500974	0.005216234	-0.005216234	3.03123E-08
CPSF6	-0.040438901	-0.033701924	0.033701924	1.05383E-35
CPSF7	0.01442636	0.017910097	-0.017910097	3.48086E-19
CPT1C	-0.008425301	-0.003896796	0.003896796	5.65819E-09
CRADD	0.007906233	0.013400044	-0.013400044	8.11823E-05
CRB1	0.012629571	0.017026806	-0.017026806	9.21783E-08
CRBN	0.002686958	0.007059519	-0.007059519	0.00211583
CREB1	0.009329053	0.014196335	-0.014196335	7.88938E-10
CREB5	0.003159895	0.007108378	-0.007108378	1.51157E-10
CREBBP	-0.041865445	-0.035214128	0.035214128	2.46699E-36
CREBL2	0.010377548	0.013010768	-0.013010768	1.21879E-14
CREBRF	0.017281205	0.02319862	-0.02319862	7.84091E-23
CREBZF	-0.014886893	-0.011204952	0.011204952	9.69867E-29
CREG2	-4.50678E-05	0.005385463	-0.005385463	7.49468E-06
CRELD1	0.026288042	0.030836707	-0.030836707	1.25883E-29
CREM	-0.00895486	-0.005425295	0.005425295	1.05958E-07
CRIM1	0.01008689	0.016187977	-0.016187977	9.01812E-10
CRIP2	0.01465767	0.018841232	-0.018841232	2.65115E-11
CRK	-0.00819922	-0.004621288	0.004621288	1.58009E-11
CRKL	0.012823412	0.016302223	-0.016302223	6.01022E-15
CRLF1	-0.009828488	-0.00661558	0.00661558	7.27786E-13
CRLF3	-0.001843493	0.001798393	-0.001798393	0.007072523
CRLS1	-0.011095205	-0.006998347	0.006998347	2.71948E-12
CRMP1	-0.028608649	-0.023554543	0.023554543	6.26747E-32
CROCC	-0.001329894	0.003216753	-0.003216753	3.20635E-09
CRPPA	0.092500082	0.095234203	-0.095234203	0
CRTAC1	0.004259008	0.007952651	-0.007952651	0.066587282
CRTC1	0.004417598	0.010666223	-0.010666223	5.57442E-11
CRTC3	-0.044056081	-0.038415137	0.038415137	2.47738E-52
CRY1	0.004920608	0.007585271	-0.007585271	3.27552E-05
CRY2	0.002129054	0.006619206	-0.006619206	2.35082E-08
CRYAB	0.029100242	0.032475629	-0.032475629	4.43274E-66
CRYBG3	-9.46868E-05	0.002735385	-0.002735385	0.000320358
CRYL1	-0.030857716	-0.026085517	0.026085517	1.17149E-42
CRYM	-0.026874671	-0.023161531	0.023161531	8.79853E-48
CS	0.031042355	0.033813903	-0.033813903	3.004E-106
CSAD	-0.011471412	-0.007204496	0.007204496	2.63471E-11
CSDE1	0.013978263	0.019303681	-0.019303681	6.92022E-14
CSE1L	0.010652427	0.013623237	-0.013623237	1.95929E-14
CSGALNACT1	-0.033836874	-0.026757057	0.026757057	6.1701E-27
CSGALNACT2	-0.006750829	-0.003392828	0.003392828	1.47156E-08
CSK	0.003422087	0.00641492	-0.00641492	0.000314671
CSMD1	-0.040842723	-0.034485643	0.034485643	1.74238E-35
CSMD2	-0.036289039	-0.028312282	0.028312282	3.35907E-28
CSMD3	-0.088258032	-0.08057037	0.08057037	3.1113E-115
CSNK1A1	0.006148931	0.013108322	-0.013108322	9.20621E-12
CSNK1D	0.00731983	0.011200615	-0.011200615	1.24942E-06
CSNK1E	0.022690723	0.028597503	-0.028597503	1.23351E-24
CSNK1G1	0.067433167	0.070294092	-0.070294092	0
CSNK1G2	0.003524062	0.006447877	-0.006447877	3.28582E-08
CSNK1G3	-0.016885153	-0.011795579	0.011795579	8.9447E-12
CSNK2A1	-0.014747187	-0.010229419	0.010229419	9.00047E-10
CSNK2A2	-0.003544393	-0.00048979	0.00048979	0.008276724
CSPG5	0.017061638	0.020765984	-0.020765984	5.3289E-24
CSPP1	-0.025941311	-0.019338841	0.019338841	6.3316E-18
CSRNP2	-0.003744307	-0.000520407	0.000520407	2.23184E-07
CSRNP3	-0.071222825	-0.061888484	0.061888484	1.44374E-55
CSRP1	0.049798019	0.053099417	-0.053099417	3.647E-206
CST3	0.081547502	0.086273832	-0.086273832	5.9767E-247
CSTB	0.009859597	0.012863625	-0.012863625	1.50892E-10
CSTF3	0.000882025	0.005912958	-0.005912958	9.5085E-08
CTBP1	0.027654657	0.032683852	-0.032683852	1.67315E-36
CTBP2	-0.007372656	-0.003057561	0.003057561	0.000195244
CTC1	-0.001036715	0.001698324	-0.001698324	0.000198816
CTCF	-0.012674116	-0.009365148	0.009365148	4.4819E-15
CTDSP2	0.017891714	0.021567892	-0.021567892	1.05573E-27
CTDSPL	-0.060608675	-0.053284439	0.053284439	1.19026E-58
CTDSPL2	-0.023918228	-0.019213165	0.019213165	3.07592E-25
CTIF	-0.012522971	-0.004825321	0.004825321	1.59449E-13
CTNNA1	0.017315464	0.021092658	-0.021092658	2.28051E-22
CTNNA2	-0.054521715	-0.045976434	0.045976434	8.25817E-36
CTNNA3	0.056492279	0.06273811	-0.06273811	2.07267E-76
CTNNAL1	-0.033148719	-0.028523339	0.028523339	2.21913E-48
CTNNB1	0.007914933	0.013169706	-0.013169706	3.56069E-08
CTNNBIP1	-0.003087078	-4.16164E-05	4.16164E-05	9.46085E-09
CTNNBL1	-0.009712578	-0.005734047	0.005734047	2.72409E-08
CTNND1	0.044314597	0.047875398	-0.047875398	4.2418E-145
CTNND2	-0.039944563	-0.033657496	0.033657496	3.22931E-36
CTSA	0.007092661	0.01128644	-0.01128644	1.14372E-10
CTSB	0.022367327	0.026643012	-0.026643012	1.10079E-23
CTSF	0.049983701	0.053412003	-0.053412003	7.8663E-179
CTTN	-0.001536921	0.003421259	-0.003421259	2.0895E-10
CTTNBP2	-0.039516939	-0.032423516	0.032423516	2.23402E-29
CTTNBP2NL	-0.014312892	-0.010875749	0.010875749	7.63731E-18
CTXN1	0.047109005	0.051422271	-0.051422271	2.0764E-99
CUL1	0.00257628	0.008249564	-0.008249564	0.000428257
CUL2	-0.000819128	0.002550529	-0.002550529	0.012003243
CUL3	-0.018431732	-0.013141167	0.013141167	9.06121E-15
CUL4A	-0.019501358	-0.01550022	0.01550022	9.58448E-24
CUL4B	0.003825496	0.007692664	-0.007692664	4.52992E-16
CUL5	-0.008790514	-0.003383973	0.003383973	9.91147E-12
CUL9	0.004880601	0.008815648	-0.008815648	3.1126E-11
CUX1	-0.059718297	-0.051959671	0.051959671	4.25578E-55
CUX2	-0.089442688	-0.082285686	0.082285686	4.3206E-134
CWC22	-0.004273376	-0.001146469	0.001146469	4.93123E-17
CWC27	-0.015915366	-0.009873706	0.009873706	2.76257E-12
CWF19L1	-0.001883202	0.001066696	-0.001066696	0.000276331
CWF19L2	-0.02626027	-0.021037228	0.021037228	2.96966E-27
CX3CL1	0.013150724	0.016691987	-0.016691987	1.32276E-14
CXADR	0.008263682	0.012561314	-0.012561314	1.40078E-08
CXCL14	0.01794422	0.021109831	-0.021109831	2.66545E-31
CXXC1	0.012956433	0.016344087	-0.016344087	2.0581E-16
CXXC4	0.045493985	0.049554304	-0.049554304	1.7398E-109
CXXC5	0.044744377	0.05055316	-0.05055316	3.86611E-59
CYB561	0.00752832	0.010193466	-0.010193466	1.59596E-09
CYB5B	-0.003934633	-0.000222421	0.000222421	1.47684E-08
CYB5D2	-0.006281235	-0.002881073	0.002881073	3.07992E-09
CYB5R4	-0.00927093	-0.004894791	0.004894791	5.42125E-06
CYCS	-0.004045936	-0.001278089	0.001278089	0.015659756
CYFIP1	-0.038358884	-0.033785373	0.033785373	9.06882E-61
CYFIP2	0.006444387	0.013750657	-0.013750657	0.004559491
CYGB	0.010670091	0.013511225	-0.013511225	5.09013E-13
CYHR1	0.032845855	0.037885482	-0.037885482	4.27001E-53
CYLD	-0.004538566	0.000108832	-0.000108832	2.21993E-09
CYP2U1	-0.005254574	-0.002166643	0.002166643	0.000699138
CYP46A1	0.022146058	0.027608684	-0.027608684	2.24545E-26
CYP4V2	0.010075223	0.012789053	-0.012789053	4.77973E-16
CYP4X1	-0.009976321	-0.007104005	0.007104005	4.57365E-15
CYP7B1	-0.009412234	-0.005654107	0.005654107	5.15217E-07
CYREN	-0.025079198	-0.022116047	0.022116047	4.66539E-70
CYTH1	0.019494366	0.023906307	-0.023906307	5.11723E-22
CYTH3	-0.028399795	-0.023086845	0.023086845	5.04639E-25
DAAM1	-0.011562537	-0.003543449	0.003543449	2.23978E-08
DAB1	-0.071622208	-0.061091236	0.061091236	2.70984E-42
DAB2IP	0.003358444	0.007522246	-0.007522246	1.26587E-13
DACH1	0.02775711	0.032255758	-0.032255758	2.27143E-39
DACH2	-0.002622737	0.000709794	-0.000709794	0.045395336
DAG1	0.000569224	0.003873314	-0.003873314	0.01583154
DAGLB	0.007979514	0.011258787	-0.011258787	3.02603E-09
DAP3	-0.012198214	-0.008433207	0.008433207	3.08634E-14
DAPK1	-0.033347091	-0.025136094	0.025136094	1.00117E-14
DAPK3	0.015722662	0.019120468	-0.019120468	6.49263E-25
DAZAP1	0.006312943	0.010352921	-0.010352921	3.99511E-14
DAZAP2	0.006167515	0.009110999	-0.009110999	1.38385E-07
DBN1	0.025888239	0.029169632	-0.029169632	1.95831E-54
DBNL	-0.001484469	0.001509961	-0.001509961	3.41156E-09
DBT	-0.003277849	-0.000239276	0.000239276	1.1092E-05
DCAF1	-0.006574908	-0.003229125	0.003229125	5.05369E-10
DCAF10	-0.01103998	-0.006029872	0.006029872	1.14714E-07
DCAF16	0.00304126	0.005897272	-0.005897272	2.99158E-07
DCAF17	0.003476875	0.006138551	-0.006138551	4.44257E-09
DCAF5	0.004411232	0.009873802	-0.009873802	0.005516484
DCAF6	-0.063818768	-0.05662376	0.05662376	1.40489E-67
DCAF7	-0.003991739	-0.000140396	0.000140396	2.0389E-06
DCAF8	0.081206828	0.084933022	-0.084933022	0
DCAKD	-0.022480272	-0.019137183	0.019137183	4.43754E-49
DCBLD2	-0.050828229	-0.046007477	0.046007477	3.6001E-103
DCC	-0.056836265	-0.045906297	0.045906297	2.2126E-26
DCDC1	-0.010639194	-0.007710881	0.007710881	7.66988E-21
DCHS2	-0.001639787	0.001236852	-0.001236852	0.529568056
DCLK1	-0.142272854	-0.133876074	0.133876074	8.825E-239
DCLK2	-0.026939203	-0.019206754	0.019206754	4.32745E-14
DCP1A	-0.015185069	-0.011240945	0.011240945	1.93238E-13
DCP1B	-0.003525774	-0.000623067	0.000623067	2.2218E-05
DCP2	0.013375115	0.017178254	-0.017178254	5.62624E-21
DCTN2	0.012160911	0.015193217	-0.015193217	1.47352E-15
DCTN4	-0.005570383	-0.001841543	0.001841543	9.17318E-08
DCTN5	-0.011198754	-0.006771523	0.006771523	2.63486E-09
DCUN1D1	-0.000965954	0.003095621	-0.003095621	3.39497E-09
DCUN1D2	-0.01002453	-0.005854914	0.005854914	6.87701E-10
DCUN1D4	-0.003161916	0.002637016	-0.002637016	4.17237E-06
DCUN1D5	0.008446833	0.011280877	-0.011280877	5.07799E-19
DCX	-0.003377246	0.001014281	-0.001014281	0.002094927
DDA1	0.007427841	0.010174749	-0.010174749	2.42745E-07
DDAH1	-0.002396369	0.003754371	-0.003754371	0.0114558
DDB1	0.006173443	0.009890303	-0.009890303	4.61556E-05
DDHD1	-0.043768985	-0.037417442	0.037417442	5.92701E-42
DDHD2	-0.006060754	-0.002101538	0.002101538	6.86553E-07
DDI2	-0.002062535	0.001211768	-0.001211768	0.02834582
DDX1	0.006885085	0.010486919	-0.010486919	5.78944E-11
DDX10	-0.037703273	-0.032137759	0.032137759	5.17578E-41
DDX17	0.035312404	0.044483954	-0.044483954	5.14363E-38
DDX18	-0.009329726	-0.006107048	0.006107048	1.73099E-11
DDX21	-0.017621069	-0.014617763	0.014617763	6.37996E-36
DDX24	-0.107254712	-0.10081568	0.10081568	1.1037E-238
DDX25	-0.010091756	-0.00725864	0.00725864	2.15248E-15
DDX3X	0.019081397	0.023854605	-0.023854605	1.67679E-19
DDX41	0.018358201	0.021151009	-0.021151009	3.41507E-41
DDX42	-0.008321981	-0.004301928	0.004301928	5.99741E-17
DDX46	-0.038433222	-0.033574476	0.033574476	1.679E-57
DDX5	0.127011845	0.133557701	-0.133557701	0
DDX50	-0.007409299	-0.004116136	0.004116136	6.90188E-08
DDX51	0.012065842	0.015429987	-0.015429987	3.57622E-17
DDX52	0.006331218	0.009043468	-0.009043468	1.05072E-07
DDX55	-0.017100977	-0.01413385	0.01413385	9.51529E-31
DDX6	0.030639676	0.036009783	-0.036009783	6.25994E-36
DEAF1	0.030149706	0.03488822	-0.03488822	9.17552E-45
DECR1	-0.013804935	-0.010707599	0.010707599	1.05753E-22
DEF8	0.045621921	0.049349834	-0.049349834	7.4231E-127
DEK	0.011006226	0.013612168	-0.013612168	4.12368E-20
DELE1	-0.015659192	-0.012266964	0.012266964	6.32936E-23
DENND1A	-0.064122829	-0.055511745	0.055511745	1.5402E-47
DENND1B	-0.035100037	-0.029188616	0.029188616	4.46773E-34
DENND2A	-0.00175445	0.001727572	-0.001727572	0.354255314
DENND3	-0.010490303	-0.006936772	0.006936772	5.42878E-16
DENND4A	-0.075364995	-0.066878711	0.066878711	8.10935E-67
DENND4B	0.024941823	0.028507777	-0.028507777	4.06248E-43
DENND4C	-0.024744737	-0.019724921	0.019724921	1.19342E-22
DENND5A	-0.006201247	-0.001294374	0.001294374	1.14612E-06
DENND5B	-0.056905744	-0.048231664	0.048231664	1.81502E-40
DENND6A	-0.010337582	-0.005908713	0.005908713	4.5983E-08
DENND6B	-0.009332438	-0.004789865	0.004789865	2.45525E-17
DENR	0.001750217	0.004755727	-0.004755727	1.60446E-06
DEPTOR	-0.008000253	-0.004653743	0.004653743	6.71394E-07
DESI2	-0.000939435	0.001866146	-0.001866146	0.002620017
DFFB	-0.000971123	0.001892873	-0.001892873	0.014094212
DGAT1	0.028298253	0.031470397	-0.031470397	9.22658E-71
DGCR2	0.001465903	0.007006219	-0.007006219	0.004810829
DGCR6L	0.013156773	0.016137382	-0.016137382	4.73173E-20
DGCR8	0.004167579	0.00738453	-0.00738453	6.24831E-19
DGKB	-0.112330128	-0.101516541	0.101516541	3.07395E-96
DGKD	0.014732127	0.018839791	-0.018839791	1.93924E-11
DGKE	-0.017016887	-0.011916609	0.011916609	1.8801E-12
DGKG	0.016159413	0.022831475	-0.022831475	1.11045E-05
DGKH	-0.029773122	-0.02525871	0.02525871	1.10226E-40
DGKI	-0.109934891	-0.100307364	0.100307364	1.6986E-111
DGKZ	0.056456371	0.064122199	-0.064122199	2.33684E-81
DGLUCY	-0.020743547	-0.016632033	0.016632033	8.39189E-24
DGUOK	-0.003056812	0.000266195	-0.000266195	1.11658E-11
DHCR24	0.011029939	0.014171557	-0.014171557	5.65451E-11
DHFR	-0.406920573	-0.399033531	0.399033531	0
DHRS7B	-0.016638244	-0.013199819	0.013199819	3.86342E-24
DHRSX	-0.020362656	-0.016017628	0.016017628	4.35321E-20
DHTKD1	-0.01198625	-0.008918909	0.008918909	1.37044E-17
DHX15	-0.007670303	-0.003502941	0.003502941	6.72749E-10
DHX29	-0.008891907	-0.005327372	0.005327372	1.5932E-15
DHX30	0.006644712	0.011184745	-0.011184745	9.2468E-10
DHX32	-0.010699143	-0.007428276	0.007428276	2.96686E-14
DHX36	-0.015812706	-0.010932486	0.010932486	1.69164E-18
DHX40	-0.007884689	-0.005092634	0.005092634	2.81225E-09
DHX57	-0.024594634	-0.020846991	0.020846991	5.15316E-40
DHX8	0.024254177	0.026688079	-0.026688079	7.59004E-87
DHX9	-0.006295923	-0.001978811	0.001978811	6.87932E-06
DIAPH1	-0.008153021	-0.003890788	0.003890788	8.30013E-05
DIAPH2	-0.079243436	-0.071459306	0.071459306	5.77452E-88
DICER1	-0.012198521	-0.005945612	0.005945612	2.79756E-09
DIDO1	-0.008684561	-0.004688633	0.004688633	1.28109E-11
DIP2A	-0.007156803	-0.002673676	0.002673676	0.003029418
DIP2B	-0.012354834	-0.005318602	0.005318602	8.91035E-13
DIP2C	-0.049732702	-0.040707727	0.040707727	2.49131E-26
DIPK1A	0.105893164	0.108839879	-0.108839879	0
DIRAS1	0.030778001	0.035783175	-0.035783175	4.08057E-33
DIRAS2	-0.004979458	-2.29209E-05	2.29209E-05	0.005979977
DIS3	0.001272965	0.004139434	-0.004139434	1.59907E-06
DIS3L2	-0.053594336	-0.047440749	0.047440749	4.2034E-65
DISP2	0.012271347	0.015356556	-0.015356556	1.59508E-16
DIXDC1	-0.016378636	-0.011595436	0.011595436	1.30115E-11
DKK3	0.01896764	0.025744246	-0.025744246	2.4663E-07
DLC1	-0.000172603	0.005821588	-0.005821588	0.494664226
DLD	-0.002300215	0.000822656	-0.000822656	0.000786621
DLEU7	-0.008140071	-0.004796477	0.004796477	1.11992E-07
DLG1	-0.033282529	-0.024229011	0.024229011	6.67251E-27
DLG2	-0.036092173	-0.031403523	0.031403523	2.10976E-55
DLG3	0.003750998	0.0071904	-0.0071904	0.028182538
DLG4	0.010924189	0.016250939	-0.016250939	2.53239E-28
DLG5	-0.011463545	-0.008305543	0.008305543	2.02054E-16
DLGAP1	-0.091131056	-0.085805133	0.085805133	2.0189E-287
DLGAP2	-0.210592897	-0.202105112	0.202105112	0
DLGAP3	-0.008863745	-0.004175598	0.004175598	7.26863E-09
DLGAP4	-0.026347552	-0.019844487	0.019844487	5.51606E-18
DLST	-0.000496231	0.002105046	-0.002105046	0.257928293
DMAP1	0.005649212	0.009407685	-0.009407685	7.83216E-17
DMD	-0.058277476	-0.048976936	0.048976936	2.89429E-41
DMGDH	-0.013128506	-0.010079848	0.010079848	2.313E-20
DMPK	-0.022370501	-0.018752707	0.018752707	1.19749E-53
DMTF1	-0.018904291	-0.01289701	0.01289701	8.00952E-15
DMTN	0.026026477	0.031612527	-0.031612527	1.34547E-37
DMXL1	-0.056721704	-0.04940749	0.04940749	6.1744E-54
DMXL2	-0.0769085	-0.069349583	0.069349583	1.42239E-88
DNA2	0.003273916	0.006102902	-0.006102902	0.003026455
DNAAF4	-0.020115365	-0.016869993	0.016869993	2.19369E-36
DNAAF5	-0.016843192	-0.013789993	0.013789993	1.85096E-29
DNAH14	-0.023932052	-0.019052622	0.019052622	2.16113E-22
DNAH6	0.000186887	0.005990876	-0.005990876	3.88184E-12
DNAH7	-0.031682792	-0.026647828	0.026647828	8.45743E-40
DNAH9	-0.005410373	-0.00221118	0.00221118	6.1212E-06
DNAJA1	0.026437512	0.029762418	-0.029762418	3.52293E-53
DNAJA2	0.013508772	0.017151115	-0.017151115	4.18144E-14
DNAJA4	0.004846674	0.007969643	-0.007969643	0.002265752
DNAJB1	0.020995168	0.024154967	-0.024154967	2.68846E-37
DNAJB14	-0.010015999	-0.003866131	0.003866131	1.48398E-13
DNAJB2	0.08359552	0.090895177	-0.090895177	2.2551E-130
DNAJB6	0.005166128	0.010050175	-0.010050175	7.71181E-07
DNAJC1	-0.02057148	-0.014448183	0.014448183	3.85546E-19
DNAJC10	-0.002550649	0.001325391	-0.001325391	2.32848E-08
DNAJC11	-0.012919885	-0.0089467	0.0089467	4.58769E-18
DNAJC13	-0.005720454	-0.001536287	0.001536287	8.53887E-07
DNAJC15	-0.002452097	0.00058223	-0.00058223	1.37774E-05
DNAJC16	-0.009675954	-0.005901401	0.005901401	3.64774E-13
DNAJC18	-0.014275556	-0.011019569	0.011019569	5.51603E-19
DNAJC21	-0.002565952	0.000834739	-0.000834739	1.09062E-10
DNAJC24	-0.005135273	-0.002158092	0.002158092	2.93675E-09
DNAJC3	-0.002068431	0.00137141	-0.00137141	0.001061841
DNAJC5	0.009001936	0.013892109	-0.013892109	1.3289E-05
DNAJC6	-0.0234848	-0.014736629	0.014736629	4.96653E-14
DNAJC7	0.020552616	0.02521999	-0.02521999	1.04072E-22
DNAJC8	0.01932978	0.022336922	-0.022336922	2.11802E-40
DNAJC9	0.001103198	0.00506108	-0.00506108	0.029502235
DNAL1	0.000210088	0.003491529	-0.003491529	5.61457E-09
DNASE1	-0.008106278	-0.005104539	0.005104539	4.01517E-16
DNER	0.010679888	0.01752368	-0.01752368	0.000575932
DNHD1	0.022538365	0.025677532	-0.025677532	4.29287E-48
DNM1	0.174958533	0.184310913	-0.184310913	0
DNM1L	-0.023701811	-0.018016105	0.018016105	6.95494E-18
DNM2	-0.012221297	-0.007551173	0.007551173	7.36851E-11
DNM3	-0.039739488	-0.030329681	0.030329681	3.47228E-36
DNMBP	-0.005545062	-0.002954784	0.002954784	1.15664E-05
DNMT1	0.009948485	0.012607636	-0.012607636	9.58326E-16
DNMT3A	-0.051622929	-0.045830891	0.045830891	7.55926E-71
DOC2A	0.006384462	0.011162711	-0.011162711	5.55686E-07
DOCK10	0.057185744	0.06297804	-0.06297804	4.2028E-92
DOCK11	0.000653807	0.003798388	-0.003798388	0.765876673
DOCK3	-0.171993849	-0.165250214	0.165250214	0
DOCK4	-0.034286459	-0.024603004	0.024603004	4.13852E-22
DOCK7	-0.020588746	-0.015012084	0.015012084	2.06719E-19
DOCK9	0.03523092	0.042884808	-0.042884808	3.39301E-37
DOK5	-0.022451677	-0.017960203	0.017960203	1.47639E-23
DOK6	-0.031639236	-0.023217275	0.023217275	5.80066E-38
DOP1A	0.135275034	0.138603411	-0.138603411	0
DOT1L	0.006523464	0.009501761	-0.009501761	2.3736E-15
DPF1	0.03235005	0.036169673	-0.036169673	4.0428E-62
DPF3	-0.002509343	0.001164806	-0.001164806	0.011921895
DPH6	-0.076097113	-0.070656432	0.070656432	5.6032E-175
DPH7	0.005690308	0.008339273	-0.008339273	1.57865E-10
DPM1	-0.001658804	0.001780844	-0.001780844	3.17055E-05
DPP10	0.019675096	0.031832009	-0.031832009	0.00011979
DPP6	-0.145419743	-0.13650629	0.13650629	5.1799E-221
DPP7	0.164787328	0.17129143	-0.17129143	0
DPP8	-0.016380451	-0.011856244	0.011856244	8.53933E-15
DPY19L1	-0.005111112	0.000200854	-0.000200854	4.6362E-11
DPY19L2	-0.070461712	-0.064460061	0.064460061	4.1276E-118
DPY19L3	0.000922901	0.004434828	-0.004434828	0.045126994
DPY19L4	0.000323267	0.003187867	-0.003187867	1.97465E-09
DPY30	0.001338436	0.004475246	-0.004475246	1.80195E-08
DPYD	-0.001794616	0.007410961	-0.007410961	3.27463E-20
DPYSL2	0.075993985	0.084813187	-0.084813187	4.72355E-79
DPYSL3	0.009025703	0.012102657	-0.012102657	1.56779E-10
DPYSL4	0.011388426	0.014339955	-0.014339955	1.59664E-14
DPYSL5	0.005236922	0.009397183	-0.009397183	0.000128922
DRG1	0.002624263	0.005517061	-0.005517061	2.08708E-06
DRG2	0.016060165	0.019038891	-0.019038891	2.22361E-27
DROSHA	-0.003713559	0.000335208	-0.000335208	0.001485969
DRP2	-5.39801E-05	0.003380036	-0.003380036	4.925E-14
DSCAM	-0.099654136	-0.090236648	0.090236648	1.16831E-95
DSCAML1	-0.02743581	-0.019957669	0.019957669	9.65083E-13
DSE	-0.002267359	0.002464193	-0.002464193	0.494008842
DST	-0.019995821	-0.011880206	0.011880206	1.91747E-18
DSTN	-0.004755065	0.000518032	-0.000518032	4.10824E-12
DSTYK	0.007081923	0.010681659	-0.010681659	0.000326484
DTNA	-0.034778498	-0.024985734	0.024985734	2.12893E-17
DTNB	-0.10345242	-0.095018291	0.095018291	1.0745E-126
DTNBP1	-0.003198539	7.54765E-05	-7.54765E-05	0.004126218
DTWD1	0.000498788	0.005380359	-0.005380359	0.001307044
DTWD2	-0.039467237	-0.034827764	0.034827764	1.36569E-66
DTX3	0.059375412	0.063846425	-0.063846425	1.1387E-149
DUS1L	0.01626279	0.020241761	-0.020241761	4.8878E-26
DUSP16	0.002576496	0.005277209	-0.005277209	0.000598635
DUSP26	0.010686801	0.013513923	-0.013513923	5.62317E-15
DUSP3	0.001566714	0.004307411	-0.004307411	3.25079E-06
DUSP8	0.052620878	0.057713149	-0.057713149	3.5512E-107
DUT	0.040060977	0.043403838	-0.043403838	2.299E-123
DVL1	0.022160265	0.025318585	-0.025318585	4.59131E-43
DVL3	0.014492708	0.017484511	-0.017484511	2.60179E-24
DYM	-0.037475667	-0.029454896	0.029454896	4.60085E-21
DYNC1H1	-0.02592383	-0.018747688	0.018747688	5.52681E-12
DYNC1I1	-0.043733427	-0.034202628	0.034202628	2.09282E-25
DYNC1I2	-0.015397366	-0.009046991	0.009046991	4.7896E-09
DYNC1LI1	-0.003205336	0.000608611	-0.000608611	2.66474E-05
DYNC1LI2	0.002716402	0.007451919	-0.007451919	8.31214E-20
DYNC2H1	-0.012867337	-0.005392375	0.005392375	7.94002E-07
DYNC2LI1	-0.019339825	-0.015009018	0.015009018	2.89951E-29
DYNLL1	0.028070014	0.033481953	-0.033481953	5.07688E-26
DYNLL2	0.041727523	0.046454218	-0.046454218	4.40642E-65
DYNLRB1	0.005301641	0.010041514	-0.010041514	1.04438E-13
DYNLT3	-0.005919623	-0.002752615	0.002752615	1.52933E-09
DYRK1A	-0.018474438	-0.010920732	0.010920732	1.68938E-10
DYSF	-0.013525837	-0.010355243	0.010355243	4.96017E-34
DZANK1	-0.002099638	0.000644303	-0.000644303	0.001153664
DZIP1	-0.016889209	-0.010892969	0.010892969	1.8804E-10
DZIP3	-0.054733471	-0.047988955	0.047988955	1.65514E-59
E2F3	-0.01741732	-0.013243167	0.013243167	1.1104E-17
EAPP	-0.01559851	-0.01266121	0.01266121	1.62857E-29
ECD	-0.0051389	-0.002251197	0.002251197	8.09573E-08
ECE1	-0.002350773	0.001863541	-0.001863541	2.15394E-06
ECHDC1	-0.009306694	-0.006082989	0.006082989	3.76258E-10
ECHDC2	-0.019277498	-0.015999876	0.015999876	6.20706E-33
ECHS1	0.001575092	0.004864859	-0.004864859	0.000985387
ECPAS	-0.020690224	-0.01415208	0.01415208	1.33863E-14
ECSIT	-0.006540334	-0.003252168	0.003252168	1.07106E-09
EDC3	-0.006819062	-0.003860855	0.003860855	1.35276E-13
EDEM1	-0.006050441	-0.002854777	0.002854777	5.57522E-12
EDEM3	-0.006207075	-0.001992584	0.001992584	4.05626E-07
EDF1	0.050647203	0.054836548	-0.054836548	8.8476E-122
EDIL3	0.054785523	0.063737825	-0.063737825	3.02963E-52
EDRF1	0.002118618	0.005072716	-0.005072716	1.11721E-05
EEA1	-0.019179086	-0.014154725	0.014154725	6.71833E-23
EED	-0.001173502	0.002024387	-0.002024387	1.20298E-07
EEF1A1	0.160183213	0.166098217	-0.166098217	0
EEF1A2	0.080933842	0.088320683	-0.088320683	1.4021E-110
EEF1D	0.004098436	0.008881579	-0.008881579	2.34932E-24
EEF2	0.041765615	0.046141027	-0.046141027	2.95293E-76
EEF2K	0.009046086	0.012763003	-0.012763003	2.78824E-15
EEFSEC	-0.016954836	-0.012962072	0.012962072	2.14614E-18
EEPD1	-0.014329387	-0.009781316	0.009781316	2.52978E-09
EFCAB11	-0.004886382	-0.002091274	0.002091274	1.31153E-08
EFCAB14	0.003293022	0.006261201	-0.006261201	4.42348E-05
EFCAB2	-0.008812746	-0.003692618	0.003692618	0.000315407
EFCAB6	-0.022053487	-0.017984029	0.017984029	2.21981E-26
EFCAB7	-0.034855334	-0.030792982	0.030792982	9.43015E-67
EFHC1	-0.008899852	-0.005725041	0.005725041	1.086E-07
EFHD2	0.025324481	0.029255583	-0.029255583	4.75332E-39
EFL1	-0.005567025	-0.002718394	0.002718394	0.000258073
EFNA5	-0.041725712	-0.031328947	0.031328947	5.53377E-42
EFNB2	0.009493773	0.013315518	-0.013315518	1.07421E-08
EFR3A	-0.013114691	-0.005938633	0.005938633	8.3162E-19
EFR3B	-0.049581096	-0.044626619	0.044626619	1.38044E-86
EFTUD2	0.000792006	0.003773809	-0.003773809	2.9596E-07
EGFL7	0.016034222	0.01995183	-0.01995183	7.5465E-22
EGFR	0.022168163	0.026660684	-0.026660684	7.34988E-23
EGLN1	0.001918974	0.006055259	-0.006055259	6.91806E-09
EHBP1	-0.126795036	-0.117627861	0.117627861	4.0106E-160
EHD3	-0.002945542	0.00034754	-0.00034754	0.000540568
EHMT1	-0.048579749	-0.042078356	0.042078356	2.98701E-48
EHMT2	0.010449601	0.013711988	-0.013711988	1.30023E-22
EI24	0.012659699	0.015774694	-0.015774694	1.57959E-16
EID1	0.01037475	0.014313978	-0.014313978	1.05244E-06
EIF1	0.062990052	0.068946697	-0.068946697	5.07081E-93
EIF1AX	0.024920652	0.030329907	-0.030329907	3.82691E-22
EIF1B	-0.00432268	-0.000268763	0.000268763	0.002178914
EIF2AK1	-0.006586493	-0.003639497	0.003639497	3.32822E-12
EIF2AK2	0.008614536	0.012631209	-0.012631209	5.05769E-17
EIF2AK3	-0.004925605	-0.001521583	0.001521583	2.24147E-05
EIF2AK4	0.003112454	0.00723647	-0.00723647	0.022645014
EIF2B3	-0.008669705	-0.004653805	0.004653805	2.8539E-07
EIF2B5	0.016244023	0.018921938	-0.018921938	1.42942E-32
EIF2S2	0.002268703	0.005179941	-0.005179941	5.218E-09
EIF2S3	0.008865231	0.01192538	-0.01192538	1.67119E-11
EIF3A	-0.011284432	-0.007269623	0.007269623	6.68937E-14
EIF3B	0.001391585	0.00505833	-0.00505833	8.81874E-08
EIF3E	0.014905337	0.018652942	-0.018652942	2.04305E-17
EIF3H	-0.004589423	-0.000472723	0.000472723	0.003666575
EIF3J	0.015748687	0.018790578	-0.018790578	1.52627E-26
EIF3K	0.008832017	0.012313104	-0.012313104	1.02193E-33
EIF3L	-0.026473501	-0.023069695	0.023069695	9.05516E-57
EIF3M	0.007958589	0.011158939	-0.011158939	1.29062E-09
EIF4A1	0.072503752	0.076153322	-0.076153322	0
EIF4A2	0.002305873	0.008986654	-0.008986654	0.195451159
EIF4B	0.022310097	0.025704476	-0.025704476	3.53225E-41
EIF4E	0.000340557	0.004672036	-0.004672036	7.5966E-06
EIF4E2	-0.005802331	-0.002698871	0.002698871	1.0416E-06
EIF4E3	-0.015677386	-0.010998277	0.010998277	1.83928E-14
EIF4EBP2	0.006812391	0.009604233	-0.009604233	2.21034E-10
EIF4ENIF1	-0.002907775	-5.77531E-05	5.77531E-05	2.45004E-06
EIF4G1	0.011622028	0.014414682	-0.014414682	1.10799E-15
EIF4G2	0.024451017	0.028508008	-0.028508008	8.57134E-32
EIF4G3	-0.082865391	-0.073510259	0.073510259	5.57186E-66
EIF4H	0.001939989	0.004931449	-0.004931449	0.413031454
EIF5	0.023745843	0.027559763	-0.027559763	2.10408E-36
EIF5A	0.044391744	0.048456585	-0.048456585	2.1441E-101
EIF5B	-0.025395411	-0.020736657	0.020736657	6.51684E-39
EIPR1	-0.029315491	-0.024774912	0.024774912	1.46786E-36
ELAVL1	-0.0066168	-0.002459727	0.002459727	6.4663E-10
ELAVL2	0.013891792	0.021122519	-0.021122519	0.000777501
ELAVL3	0.060060691	0.06714965	-0.06714965	2.3919E-75
ELAVL4	-0.021468612	-0.01393727	0.01393727	1.71128E-15
ELF2	-0.014481776	-0.008672257	0.008672257	7.07709E-09
ELFN2	-0.008211155	-0.004489801	0.004489801	6.3779E-12
ELK1	0.01967778	0.024605562	-0.024605562	8.11148E-36
ELK4	-0.001803019	0.00102411	-0.00102411	0.000210061
ELL2	-0.008989758	-0.002499009	0.002499009	2.17555E-13
ELMO1	-0.043774012	-0.035729313	0.035729313	3.67822E-33
ELMOD1	-0.033976388	-0.027703085	0.027703085	4.85699E-27
ELMOD3	-0.00536928	-0.002319266	0.002319266	1.77822E-10
ELOB	0.058342066	0.062186307	-0.062186307	1.9735E-208
ELOC	-0.00059992	0.001998118	-0.001998118	0.000309397
ELOVL4	-0.018069478	-0.014086125	0.014086125	2.54834E-20
ELOVL5	0.013437544	0.016974786	-0.016974786	2.15419E-14
ELOVL6	-0.013755476	-0.008447959	0.008447959	1.61321E-11
ELOVL7	-0.009325267	-0.006303331	0.006303331	6.69853E-13
ELP1	-0.008724947	-0.004875371	0.004875371	4.43085E-08
ELP2	0.001832136	0.006837046	-0.006837046	9.48307E-07
ELP3	0.002225107	0.005873419	-0.005873419	0.009164516
ELP4	-0.042634115	-0.036341985	0.036341985	5.48836E-43
EMB	0.002388473	0.005579637	-0.005579637	4.93863E-09
EMC2	0.00886868	0.012070649	-0.012070649	2.29905E-18
EME2	0.007208294	0.010406263	-0.010406263	5.99137E-13
EML1	-0.01177149	-0.007769414	0.007769414	6.42886E-09
EML2	-0.008153208	-0.003876506	0.003876506	1.95598E-08
EML4	-0.006507524	-0.002599938	0.002599938	3.23866E-06
EML5	-0.049277844	-0.043503997	0.043503997	2.03514E-62
EML6	-0.137398538	-0.128506558	0.128506558	3.5664E-205
EMSY	-0.023716234	-0.01868571	0.01868571	2.18188E-22
ENAH	-0.012785916	-0.006883597	0.006883597	3.52406E-05
ENC1	-0.044919296	-0.036906153	0.036906153	1.83563E-32
ENDOD1	-0.001180495	0.001644643	-0.001644643	0.159160428
ENO1	0.040858969	0.045291705	-0.045291705	4.86453E-71
ENO2	0.083426398	0.090957053	-0.090957053	2.6915E-108
ENOPH1	-0.003206609	-0.000380602	0.000380602	0.001145335
ENOX1	-0.205754981	-0.19602194	0.19602194	0
ENOX2	0.001817558	0.004759656	-0.004759656	0.001385427
ENPP4	0.005779002	0.008912326	-0.008912326	5.58041E-10
ENSA	-0.085121384	-0.077646213	0.077646213	4.003E-110
ENTPD3	-0.006613887	-0.003107151	0.003107151	0.000180403
ENTPD4	-0.005934876	-0.002350921	0.002350921	6.37854E-05
ENTPD6	0.028410906	0.03337632	-0.03337632	1.40538E-47
EP300	-0.011318144	-0.005256706	0.005256706	1.68911E-07
EP400	-0.022485661	-0.017483346	0.017483346	2.40941E-19
EPB41	-0.001481594	0.004247038	-0.004247038	1.07361E-12
EPB41L1	-0.019721906	-0.013368967	0.013368967	4.71522E-17
EPB41L2	-0.162041126	-0.153200176	0.153200176	4.6827E-300
EPB41L3	-0.115692201	-0.10674687	0.10674687	1.1972E-140
EPB41L4B	-0.04048895	-0.034251524	0.034251524	3.69433E-39
EPB41L5	-0.026190851	-0.021079708	0.021079708	3.68849E-24
EPC1	0.002008091	0.008334771	-0.008334771	0.001660023
EPC2	-0.063645591	-0.05760315	0.05760315	7.72169E-97
EPDR1	0.004358418	0.007556966	-0.007556966	0.022154568
EPG5	-0.007634511	-0.00321684	0.00321684	7.47158E-06
EPHA10	0.003432914	0.007134849	-0.007134849	3.30192E-06
EPHA3	-0.031201578	-0.025390198	0.025390198	2.73611E-33
EPHA4	-0.064316018	-0.055471578	0.055471578	7.91356E-54
EPHA5	-0.055629142	-0.048149019	0.048149019	5.84877E-48
EPHA6	-0.037728765	-0.027116192	0.027116192	6.97229E-41
EPHA7	0.047436004	0.054336128	-0.054336128	3.03404E-48
EPHB1	-0.082929422	-0.076980055	0.076980055	2.1246E-167
EPHB2	-0.02137849	-0.017249887	0.017249887	3.07719E-25
EPHB6	0.069555856	0.076239206	-0.076239206	4.0133E-116
EPHX4	-0.007191748	-0.00405925	0.00405925	1.97494E-06
EPM2A	-0.014098822	-0.010501396	0.010501396	4.76928E-18
EPM2AIP1	-0.02046644	-0.014968238	0.014968238	1.10124E-18
EPN1	0.02181171	0.025017094	-0.025017094	2.02585E-44
EPN2	0.001895029	0.007723168	-0.007723168	1.22685E-08
EPS15	-0.002517885	0.003025423	-0.003025423	1.55627E-16
EPS15L1	-0.020161647	-0.01485278	0.01485278	4.30838E-14
ERBB4	0.142718826	0.156748165	-0.156748165	6.3419E-129
ERBIN	0.031688875	0.037955878	-0.037955878	1.68556E-55
ERC1	-0.052520849	-0.043125452	0.043125452	9.15208E-38
ERC2	-0.13996962	-0.130923693	0.130923693	3.6141E-200
ERCC1	0.004466129	0.007509145	-0.007509145	7.84878E-08
ERCC3	-0.005038982	-0.002418273	0.002418273	1.98175E-05
ERCC4	-0.006483722	-0.003946119	0.003946119	3.51693E-09
ERCC6	-0.01204937	-0.008291388	0.008291388	1.72023E-11
ERCC6L2	-0.035393006	-0.02880773	0.02880773	2.33252E-28
ERCC8	-0.022584901	-0.018970213	0.018970213	2.00646E-38
ERGIC1	-0.024713168	-0.020781783	0.020781783	3.49927E-35
ERGIC2	0.005449635	0.008830868	-0.008830868	4.91336E-11
ERGIC3	0.016666456	0.019447454	-0.019447454	7.91933E-39
ERH	0.000639509	0.003559064	-0.003559064	0.556849801
ERI3	0.002239694	0.007333724	-0.007333724	3.04284E-05
ERICH1	-0.02381471	-0.020357781	0.020357781	1.49157E-43
ERICH3	-0.049422575	-0.044599119	0.044599119	3.57811E-94
ERLEC1	0.007661785	0.010707366	-0.010707366	3.38896E-07
ERLIN1	-0.000922498	0.001775242	-0.001775242	2.62017E-09
ERMP1	-0.002613125	0.0005483	-0.0005483	0.064663515
ERO1A	-0.003927193	0.000562731	-0.000562731	0.000258977
ERO1B	0.003951124	0.008057566	-0.008057566	0.037319915
ERP44	-0.029170692	-0.023967458	0.023967458	7.20054E-28
ESCO1	-0.016703448	-0.012856066	0.012856066	5.24477E-21
ESF1	-0.047089706	-0.041552183	0.041552183	4.61876E-62
ESRRA	0.021529814	0.024648276	-0.024648276	2.12615E-43
ESRRG	-0.014524868	-0.005783534	0.005783534	9.00668E-16
ESYT2	-0.030098121	-0.024001941	0.024001941	8.46214E-24
ETF1	0.002235328	0.004851124	-0.004851124	0.013470459
ETFA	-0.003563397	-0.000795554	0.000795554	5.89234E-05
ETFDH	-0.018225179	-0.014959091	0.014959091	4.05547E-34
ETNK1	-0.024955448	-0.018004547	0.018004547	1.49499E-24
ETS2	-0.010069217	-0.006487288	0.006487288	1.52912E-12
ETV5	-0.027660609	-0.024018132	0.024018132	3.78645E-61
ETV6	-0.042163287	-0.036259681	0.036259681	1.26474E-50
EVA1C	-0.02720928	-0.022994476	0.022994476	1.049E-39
EVI5	-0.07011501	-0.062686592	0.062686592	8.30679E-76
EVI5L	0.007123084	0.01027947	-0.01027947	1.94134E-14
EVL	0.008746879	0.016859259	-0.016859259	2.8188E-12
EWSR1	0.00929292	0.013479811	-0.013479811	1.17591E-11
EXD2	0.00173933	0.005217025	-0.005217025	5.53205E-05
EXD3	-0.021741147	-0.016838744	0.016838744	4.65851E-32
EXOC1	-0.050925755	-0.046106508	0.046106508	2.9464E-105
EXOC2	-0.015483671	-0.009714137	0.009714137	1.44692E-08
EXOC3	0.006448686	0.009730133	-0.009730133	5.53899E-18
EXOC4	-0.030014046	-0.020531894	0.020531894	1.5762E-14
EXOC5	-0.005055188	-2.37857E-05	2.37857E-05	3.43874E-08
EXOC6	-0.055297909	-0.04840962	0.04840962	3.78751E-55
EXOC6B	-0.061261965	-0.051786177	0.051786177	9.47167E-37
EXOC7	0.014374148	0.018124253	-0.018124253	1.71248E-19
EXOG	-0.009645454	-0.006627316	0.006627316	1.28618E-10
EXOSC10	-0.010292133	-0.007033193	0.007033193	1.57345E-18
EXOSC6	-0.002921883	0.000931284	-0.000931284	1.03037E-06
EXT1	-0.061145307	-0.051991436	0.051991436	1.67348E-42
EXT2	-0.008259357	-0.003370962	0.003370962	1.18602E-07
EXTL1	0.014097166	0.017369894	-0.017369894	9.71457E-21
EXTL2	-0.005673924	-0.002238991	0.002238991	2.06944E-05
EXTL3	0.008654441	0.012845814	-0.012845814	2.71222E-06
EYA3	-0.005134508	-0.000415881	0.000415881	0.000115408
EYA4	0.001337543	0.004834046	-0.004834046	0.251713399
EYS	-0.000696032	0.002262156	-0.002262156	0.610157651
EZH1	0.028919996	0.033524522	-0.033524522	7.49835E-48
FAAH	0.005301926	0.009855104	-0.009855104	4.07022E-12
FAAH2	-0.035743184	-0.031064141	0.031064141	1.93754E-51
FADS3	0.009845454	0.013299585	-0.013299585	1.01045E-09
FAF1	-0.110750425	-0.101590919	0.101590919	9.03E-123
FAF2	-0.011045263	-0.007577578	0.007577578	1.54456E-10
FAHD2A	-0.014200384	-0.010525708	0.010525708	2.06584E-20
FAIM2	0.242496296	0.251814224	-0.251814224	0
FAM102A	0.001528936	0.004127508	-0.004127508	0.001657746
FAM102B	-0.018490881	-0.014471491	0.014471491	8.53537E-25
FAM107A	0.049664501	0.052933002	-0.052933002	6.09E-197
FAM110B	0.007161837	0.012373315	-0.012373315	0.001614908
FAM117B	0.002067378	0.007345941	-0.007345941	0.000238322
FAM120A	-0.027027467	-0.021473044	0.021473044	1.73913E-23
FAM120B	-0.058552967	-0.052260128	0.052260128	6.93975E-74
FAM120C	-0.010197693	-0.007150494	0.007150494	2.04684E-13
FAM124A	0.005783145	0.008714153	-0.008714153	2.03176E-10
FAM126B	-0.048921565	-0.042335551	0.042335551	3.27994E-50
FAM131A	0.008344514	0.012443478	-0.012443478	3.14114E-06
FAM131B	0.025598557	0.028713971	-0.028713971	1.60254E-65
FAM133B	0.03517971	0.038463279	-0.038463279	1.27091E-97
FAM135A	-0.040201419	-0.03332807	0.03332807	9.378E-34
FAM135B	-0.032069378	-0.024518517	0.024518517	4.23108E-21
FAM13A	-0.046983775	-0.039624493	0.039624493	6.75672E-37
FAM13B	-0.010988738	-0.004296783	0.004296783	9.34671E-13
FAM13C	0.009733061	0.015080681	-0.015080681	8.90298E-11
FAM151B	-0.001942863	0.000748429	-0.000748429	0.33646804
FAM153A	-0.024108469	-0.02022467	0.02022467	9.15118E-34
FAM156A	-0.028469527	-0.025247349	0.025247349	2.65027E-71
FAM161A	-0.010530168	-0.007194537	0.007194537	4.11437E-13
FAM162A	-0.003512129	6.16935E-05	-6.16935E-05	0.000121178
FAM168A	-0.059838466	-0.051696931	0.051696931	3.72917E-47
FAM168B	0.001761234	0.006799245	-0.006799245	0.000141683
FAM169A	-0.014461584	-0.007998156	0.007998156	2.03591E-12
FAM171A1	-0.057542814	-0.050250692	0.050250692	7.84004E-55
FAM171A2	0.014185408	0.017537511	-0.017537511	7.87956E-19
FAM171B	0.033181426	0.040387292	-0.040387292	2.58044E-35
FAM172A	-0.109607607	-0.100434374	0.100434374	8.0304E-120
FAM174A	-0.011663131	-0.008758696	0.008758696	4.04239E-17
FAM174B	-0.011500413	-0.007760448	0.007760448	1.55736E-10
FAM177A1	0.00523046	0.008409894	-0.008409894	9.3846E-08
FAM184A	-0.028886059	-0.024188928	0.024188928	6.04476E-33
FAM185A	-0.107777252	-0.10212329	0.10212329	8.74139e-318
FAM189A1	-0.042341405	-0.034964476	0.034964476	1.76867E-29
FAM193A	-0.048470191	-0.042775856	0.042775856	9.36217E-63
FAM193B	0.00886489	0.014199465	-0.014199465	7.45361E-15
FAM199X	-0.003746133	0.000249706	-0.000249706	4.42831E-10
FAM200B	0.009801251	0.012860882	-0.012860882	4.10689E-15
FAM204A	-0.010255575	-0.006174412	0.006174412	4.05627E-12
FAM20B	0.006362836	0.009766276	-0.009766276	1.18765E-05
FAM20C	0.001061408	0.003650263	-0.003650263	0.005195501
FAM214A	0.00460816	0.010286861	-0.010286861	1.59496E-06
FAM216A	-0.005733664	-0.003230185	0.003230185	3.78989E-06
FAM217B	0.00155951	0.006039928	-0.006039928	0.004207211
FAM219A	-0.011894472	-0.007235907	0.007235907	2.31489E-09
FAM219B	0.010593028	0.013288137	-0.013288137	1.69543E-18
FAM222B	-0.010813301	-0.005069201	0.005069201	1.5406E-05
FAM228B	-0.013622982	-0.009169532	0.009169532	6.21617E-21
FAM234B	-0.007753146	-0.00472976	0.00472976	3.15075E-09
FAM3C	-0.007541016	-0.002806611	0.002806611	9.41192E-11
FAM50A	0.008404369	0.011777825	-0.011777825	4.37651E-21
FAM53C	0.021561832	0.025228042	-0.025228042	1.76536E-32
FAM78B	-0.064730866	-0.059776257	0.059776257	2.2976E-148
FAM81A	-0.075514451	-0.069372108	0.069372108	1.3996E-132
FAM8A1	0.010701051	0.01338319	-0.01338319	6.9226E-17
FAM91A1	0.001739166	0.004764389	-0.004764389	1.39446E-12
FAM98B	0.001419737	0.00487924	-0.00487924	4.09079E-09
FAN1	-0.002384294	0.000823225	-0.000823225	0.001872279
FANCC	0.003448954	0.00665317	-0.00665317	8.25411E-09
FANCL	-0.025355102	-0.020480735	0.020480735	3.08465E-32
FAR1	-0.050032942	-0.043737579	0.043737579	8.96899E-63
FAR2	-0.053556063	-0.047101496	0.047101496	3.34698E-59
FARP1	-0.024691281	-0.017273596	0.017273596	1.02276E-13
FARP2	-0.016847799	-0.01301854	0.01301854	5.23886E-24
FARS2	-0.042236486	-0.034052863	0.034052863	7.72226E-25
FARSB	0.001262843	0.005492096	-0.005492096	2.73667E-08
FASN	0.017120353	0.020554932	-0.020554932	6.43373E-22
FASTK	0.053616987	0.05810119	-0.05810119	1.5464E-134
FASTKD1	-0.009272461	-0.004833385	0.004833385	1.09961E-08
FASTKD2	0.01801433	0.020853948	-0.020853948	3.9342E-36
FAT3	-0.113001828	-0.103171309	0.103171309	1.8461E-112
FAT4	0.006737016	0.009768491	-0.009768491	7.86274E-05
FAU	0.052944549	0.056372912	-0.056372912	1.7515E-201
FAXC	-0.01142411	-0.006669401	0.006669401	3.51129E-06
FBH1	-0.001678069	0.001655952	-0.001655952	0.000261065
FBLL1	0.024266277	0.027530159	-0.027530159	3.01436E-49
FBLN7	-0.030575223	-0.027397123	0.027397123	1.74727E-82
FBN1	-0.025902574	-0.01915603	0.01915603	2.17869E-14
FBRSL1	0.006243384	0.009705072	-0.009705072	2.2479E-07
FBXL13	-0.001385295	0.001781171	-0.001781171	0.00120225
FBXL14	0.00963989	0.012453732	-0.012453732	3.8366E-13
FBXL15	0.018899279	0.022268143	-0.022268143	7.73344E-35
FBXL16	0.01147615	0.014648215	-0.014648215	1.05513E-11
FBXL17	-0.132571064	-0.12369132	0.12369132	3.6894E-186
FBXL18	-0.004821687	-0.001476666	0.001476666	2.7577E-11
FBXL19	0.012243905	0.016319881	-0.016319881	4.61419E-21
FBXL2	-0.019226973	-0.013531601	0.013531601	1.6439E-10
FBXL20	-0.028441616	-0.021244745	0.021244745	6.3359E-15
FBXL3	-0.007122858	-0.003491764	0.003491764	9.1648E-17
FBXL4	-0.03332773	-0.028902563	0.028902563	1.19349E-52
FBXL5	-0.06680729	-0.060787023	0.060787023	1.2893E-112
FBXL7	0.048403437	0.053521498	-0.053521498	5.39178E-75
FBXO11	-0.022362194	-0.014819488	0.014819488	1.14944E-10
FBXO16	-0.07541371	-0.070317442	0.070317442	7.1353E-191
FBXO2	0.002946965	0.006352116	-0.006352116	0.236960963
FBXO21	-0.003988796	0.000920975	-0.000920975	0.000264241
FBXO22	-0.016208533	-0.011855385	0.011855385	1.54386E-16
FBXO25	-0.01918295	-0.015474093	0.015474093	1.24139E-27
FBXO27	-0.021702947	-0.018126149	0.018126149	7.728E-35
FBXO28	-0.02348449	-0.019304675	0.019304675	6.95829E-31
FBXO3	-0.017100176	-0.012694192	0.012694192	2.05261E-20
FBXO30	0.004958143	0.007569587	-0.007569587	1.81631E-06
FBXO31	0.026797193	0.029425825	-0.029425825	4.3312E-102
FBXO32	-0.034739056	-0.028909196	0.028909196	7.65398E-33
FBXO33	-0.009908718	-0.005249308	0.005249308	1.60106E-10
FBXO34	-0.027478794	-0.020696231	0.020696231	1.16361E-16
FBXO36	-0.014064999	-0.010994675	0.010994675	7.36733E-19
FBXO38	-0.011820528	-0.008537325	0.008537325	1.52793E-13
FBXO41	0.014358836	0.017876003	-0.017876003	2.52092E-15
FBXO42	0.007680585	0.013442216	-0.013442216	1.54508E-08
FBXO44	0.096336799	0.102409299	-0.102409299	4.4189E-242
FBXO7	0.00650215	0.009276645	-0.009276645	3.80132E-12
FBXO9	-0.004511764	-0.000159981	0.000159981	1.2226E-13
FBXW11	-0.019316966	-0.01335887	0.01335887	7.70435E-15
FBXW2	-0.007077472	-0.003975919	0.003975919	4.57733E-07
FBXW4	-0.014706094	-0.009673864	0.009673864	4.52711E-10
FBXW5	0.030896019	0.034641713	-0.034641713	3.35327E-64
FBXW7	-0.197445103	-0.188172843	0.188172843	0
FBXW8	-0.010760509	-0.00729879	0.00729879	5.07912E-10
FCHO1	0.002329124	0.005377349	-0.005377349	1.25463E-05
FCHO2	-0.037026477	-0.031496938	0.031496938	6.32531E-45
FCHSD2	-0.01366102	-0.006968886	0.006968886	4.83762E-15
FDFT1	0.012319674	0.015533378	-0.015533378	3.90388E-13
FDPS	-0.010264736	-0.007103482	0.007103482	5.75335E-13
FDX1	-0.001652839	0.001050096	-0.001050096	0.009515176
FECH	0.008376618	0.011022798	-0.011022798	4.98769E-14
FEM1B	0.006657763	0.011497318	-0.011497318	2.4277E-10
FEM1C	0.005085555	0.007767429	-0.007767429	4.50071E-06
FER	-0.056229278	-0.046877889	0.046877889	9.24493E-38
FERMT2	0.007578613	0.010279047	-0.010279047	7.04241E-11
FEZ1	0.003348669	0.007793549	-0.007793549	3.76076E-07
FEZ2	-0.040138563	-0.034935744	0.034935744	1.03455E-54
FGD1	-0.00211363	0.000916878	-0.000916878	0.012037656
FGD4	0.020573129	0.024922011	-0.024922011	3.96097E-22
FGD6	-0.007379225	-0.004574281	0.004574281	1.15039E-15
FGF12	-0.063548474	-0.057490168	0.057490168	1.6693E-147
FGF13	-0.003065599	0.003897106	-0.003897106	9.51832E-06
FGF14	-0.071111972	-0.066034418	0.066034418	1.564E-230
FGF17	-0.004317872	0.001251357	-0.001251357	1.6611E-13
FGF9	-0.014696871	-0.011690216	0.011690216	1.48772E-22
FGFR1	0.007234752	0.010055112	-0.010055112	2.23427E-09
FGFR1OP2	-0.020052035	-0.014262182	0.014262182	2.67512E-23
FGFR2	0.011042692	0.014158051	-0.014158051	1.92026E-19
FGGY	-0.029968099	-0.026110313	0.026110313	4.51728E-54
FHIT	0.023380403	0.032881031	-0.032881031	4.16871E-34
FHL1	0.014456596	0.01861066	-0.01861066	2.49482E-11
FHL2	-0.02537014	-0.022171913	0.022171913	1.40201E-59
FHOD3	-0.041364121	-0.034473126	0.034473126	6.77321E-34
FIG4	-0.015308907	-0.011000755	0.011000755	6.58913E-13
FIGN	0.025881087	0.031429072	-0.031429072	1.19841E-24
FILIP1L	-0.001836935	0.0009675	-0.0009675	0.000309665
FIS1	0.005206075	0.007921991	-0.007921991	9.07645E-07
FKBP15	-0.008185749	-0.005170443	0.005170443	4.60802E-12
FKBP3	0.033002668	0.037070868	-0.037070868	2.68889E-57
FKBP4	0.017512506	0.020759463	-0.020759463	2.99287E-25
FKBP5	0.025815162	0.030709941	-0.030709941	3.42686E-36
FKBP8	0.090846196	0.0966728	-0.0966728	2.0448E-204
FKTN	-0.018037854	-0.014126932	0.014126932	8.08827E-21
FLNA	0.016897403	0.01958241	-0.01958241	1.83668E-33
FLNB	0.003814224	0.008025236	-0.008025236	1.1898E-05
FLOT1	0.011616161	0.01576839	-0.01576839	1.28635E-09
FLOT2	0.018228154	0.021789593	-0.021789593	2.3006E-27
FLRT2	0.016939846	0.027111135	-0.027111135	8.11378E-22
FLRT3	0.011346233	0.014341854	-0.014341854	9.66469E-14
FLVCR1	-0.007869787	-0.00460447	0.00460447	8.98304E-08
FLYWCH1	0.012854295	0.01677646	-0.01677646	2.37462E-18
FMN1	-0.092354423	-0.082500863	0.082500863	6.11681E-74
FMN2	-0.061798931	-0.052359064	0.052359064	1.03034E-36
FMNL2	0.002727128	0.012464	-0.012464	9.19934E-08
FMNL3	-0.005326386	-0.002002388	0.002002388	2.93921E-08
FMR1	0.004620269	0.008861546	-0.008861546	2.90211E-12
FNBP1	-0.004953711	0.001058919	-0.001058919	5.95036E-06
FNBP1L	-0.024684908	-0.01950767	0.01950767	3.28727E-20
FNBP4	-0.038237905	-0.033303717	0.033303717	9.84563E-58
FNDC10	0.007347281	0.010173751	-0.010173751	4.35939E-15
FNDC3A	-0.046348325	-0.03949193	0.03949193	1.57636E-40
FNDC3B	-0.014234973	-0.009635035	0.009635035	1.05755E-14
FNIP2	-0.000278542	0.006692918	-0.006692918	4.25556E-19
FOCAD	-0.162700201	-0.153202495	0.153202495	6.8479E-250
FOXG1	-0.003084752	0.0009194	-0.0009194	0.001217206
FOXJ3	-0.053795327	-0.047710859	0.047710859	8.01672E-67
FOXK1	-0.019014155	-0.014340661	0.014340661	1.43191E-18
FOXK2	-0.023866947	-0.018900017	0.018900017	1.38054E-20
FOXN2	0.003176462	0.006282836	-0.006282836	2.96956E-11
FOXN3	-0.026753635	-0.019280856	0.019280856	2.50649E-12
FOXO3	0.009176808	0.016471023	-0.016471023	5.92751E-05
FOXP1	-0.044220895	-0.034423874	0.034423874	5.62765E-33
FOXP2	-0.031357788	-0.024047322	0.024047322	3.16631E-16
FOXRED1	0.004708756	0.00757183	-0.00757183	0.000101045
FRA10AC1	-0.013859022	-0.009748032	0.009748032	8.16357E-20
FRAS1	-0.017396751	-0.010281675	0.010281675	1.32443E-20
FREM1	-0.008734649	-0.005144293	0.005144293	1.03615E-05
FRMD3	-0.010338427	-0.006095878	0.006095878	9.67756E-06
FRMD4A	-0.103002198	-0.097166804	0.097166804	4.6234E-279
FRMD4B	0.014241094	0.017842327	-0.017842327	2.33582E-14
FRMD5	-0.054945622	-0.044922044	0.044922044	1.65705E-28
FRMD6	-0.022247097	-0.019048003	0.019048003	1.89171E-46
FRMPD4	-0.043517537	-0.03544014	0.03544014	2.5277E-78
FRRS1L	-0.027036283	-0.019718573	0.019718573	1.71517E-16
FRS2	-0.023270398	-0.018136871	0.018136871	3.98345E-20
FRY	-0.046329261	-0.037001234	0.037001234	1.39804E-33
FRYL	0.006067755	0.013328453	-0.013328453	7.94347E-19
FSCN1	0.0008231	0.004468778	-0.004468778	0.54310523
FSD1	0.032780172	0.037276323	-0.037276323	4.47126E-48
FSD1L	-0.080879356	-0.074754934	0.074754934	5.8945E-150
FSIP1	-0.02482701	-0.021523587	0.021523587	4.5098E-51
FSTL3	0.009616998	0.01258841	-0.01258841	6.58279E-16
FSTL4	-0.21147493	-0.202005623	0.202005623	0
FSTL5	0.005389698	0.014541942	-0.014541942	0.000457587
FTCD	-0.017277262	-0.013821578	0.013821578	4.49953E-30
FTCDNL1	-0.02341979	-0.019177527	0.019177527	3.27407E-35
FTH1	0.115520154	0.122666842	-0.122666842	6.311E-224
FTL	0.184779945	0.191338336	-0.191338336	0
FTO	-0.085448421	-0.076288454	0.076288454	1.42194E-73
FUBP1	0.010640269	0.015349985	-0.015349985	6.99319E-14
FUBP3	-0.03360881	-0.02892792	0.02892792	1.27411E-46
FUS	0.029328781	0.03497732	-0.03497732	5.1431E-30
FUT10	-0.00198816	0.000738679	-0.000738679	0.000155317
FUT8	-0.044288717	-0.036485311	0.036485311	3.62506E-31
FUT9	-0.008427931	0.000946836	-0.000946836	1.48591E-18
FXR1	0.029660538	0.036039214	-0.036039214	2.80241E-37
FXR2	0.017402225	0.020755266	-0.020755266	4.02855E-27
FXYD7	0.013511828	0.019519285	-0.019519285	3.53484E-36
FYN	-0.037015657	-0.029412387	0.029412387	1.3178E-25
FYTTD1	-0.006326498	-0.003173242	0.003173242	1.35298E-08
FZD3	-0.053345167	-0.045409775	0.045409775	6.96017E-49
FZR1	0.032188447	0.036080013	-0.036080013	1.31741E-66
G2E3	-0.009215937	-0.005036293	0.005036293	3.15852E-12
G3BP1	0.006500296	0.010725594	-0.010725594	1.44157E-08
G3BP2	0.01374901	0.01926744	-0.01926744	1.42198E-12
GAA	0.003673296	0.006968914	-0.006968914	4.66927E-08
GAB1	0.023367997	0.030951873	-0.030951873	7.35921E-38
GAB2	-0.00483294	0.000857592	-0.000857592	0.019478486
GABARAPL1	0.006640485	0.010513693	-0.010513693	0.000220323
GABARAPL2	0.008287617	0.011278006	-0.011278006	6.17952E-11
GABBR1	0.017490233	0.022769117	-0.022769117	7.04836E-14
GABBR2	-0.185450932	-0.176288287	0.176288287	0
GABPA	0.004447595	0.007417894	-0.007417894	5.35166E-07
GABPB1	-0.023138222	-0.019809385	0.019809385	1.13197E-43
GABPB2	-0.022001927	-0.018101351	0.018101351	2.28043E-32
GABRA1	-0.016455793	-0.008981915	0.008981915	2.6166E-08
GABRA2	-0.023212096	-0.016134163	0.016134163	3.67507E-17
GABRA3	-0.012225882	-0.00793843	0.00793843	1.2652E-16
GABRA4	-0.032356708	-0.025253179	0.025253179	3.70078E-26
GABRA5	0.014086143	0.017584443	-0.017584443	3.25479E-25
GABRB1	0.010977185	0.020388481	-0.020388481	6.38818E-54
GABRB2	-0.028955071	-0.020159613	0.020159613	3.99398E-81
GABRB3	-0.083288875	-0.07377455	0.07377455	2.35244E-66
GABRD	-0.034615877	-0.02982405	0.02982405	7.95019E-64
GABRG1	0.002387687	0.005784999	-0.005784999	2.47999E-05
GABRG2	-0.000634459	0.007762376	-0.007762376	3.07111E-11
GABRG3	-0.161372636	-0.151484226	0.151484226	3.0467E-222
GAD1	-0.010177004	-0.005368439	0.005368439	1.41262E-31
GAD2	-0.000440964	0.004113992	-0.004113992	6.55951E-10
GAK	-0.029685107	-0.024741991	0.024741991	1.70354E-39
GALC	-0.005850012	-0.002749274	0.002749274	5.81573E-13
GALK2	-0.025178806	-0.019710948	0.019710948	4.47334E-21
GALNT1	-0.016695447	-0.011454016	0.011454016	3.45776E-11
GALNT11	-0.051764827	-0.04561677	0.04561677	1.06997E-62
GALNT13	-0.036520848	-0.028088456	0.028088456	1.9126E-20
GALNT14	-0.015072436	-0.011028437	0.011028437	8.02568E-13
GALNT16	0.042604764	0.047211762	-0.047211762	3.71429E-76
GALNT17	-0.127373325	-0.11784471	0.11784471	6.5691E-149
GALNT18	-0.071766143	-0.063957385	0.063957385	5.17257E-72
GALNT2	-0.008184124	-0.003204849	0.003204849	0.000456688
GALNT7	-0.011470517	-0.006019149	0.006019149	4.72555E-06
GALNT8	-0.006109986	-0.0017559	0.0017559	0.014938304
GALNT9	-0.004745736	0.000668221	-0.000668221	3.87113E-14
GALNTL6	-0.079280146	-0.067991072	0.067991072	3.37556E-70
GAMT	0.02227204	0.025314639	-0.025314639	2.40187E-48
GAN	-0.027822608	-0.023946689	0.023946689	3.60817E-46
GANAB	0.01140998	0.014517723	-0.014517723	5.58005E-17
GANC	0.00288989	0.00558787	-0.00558787	2.52748E-06
GAP43	-0.04205273	-0.035701233	0.035701233	5.26822E-39
GAPDH	0.082205653	0.089743176	-0.089743176	1.8513E-173
GAPVD1	-0.015457068	-0.010534982	0.010534982	5.04419E-10
GAREM1	-0.037217021	-0.030861432	0.030861432	5.11132E-33
GARNL3	-0.097831118	-0.089952283	0.089952283	7.8918E-134
GAS2	-0.020421655	-0.015623531	0.015623531	1.10125E-17
GAS2L1	0.018635021	0.021374698	-0.021374698	2.60778E-39
GAS6	0.018216366	0.022217326	-0.022217326	3.06869E-23
GAS7	-0.006854504	0.001318851	-0.001318851	1.13459E-07
GAS8	-0.008114013	-0.004846485	0.004846485	7.79958E-11
GATAD1	0.006253031	0.009024438	-0.009024438	6.23694E-20
GATAD2B	-0.01307504	-0.006866294	0.006866294	9.602E-08
GATB	-0.015221196	-0.011659339	0.011659339	5.66899E-22
GATD1	0.00519267	0.008829757	-0.008829757	9.48353E-17
GBA	-0.023075713	-0.018991812	0.018991812	8.51222E-38
GBE1	-0.006412466	-0.002547999	0.002547999	6.58045E-10
GBF1	-0.008652702	-0.003598717	0.003598717	3.61648E-05
GCA	-0.007945999	-0.004945841	0.004945841	1.52969E-23
GCC2	-0.047429825	-0.040854301	0.040854301	5.72997E-56
GCFC2	-0.027685115	-0.023704128	0.023704128	1.73662E-44
GCLC	0.001021621	0.003602282	-0.003602282	6.80348E-05
GCLM	-0.00083583	0.002279554	-0.002279554	0.000330438
GCNA	0.001060195	0.003722388	-0.003722388	0.602895178
GDA	-0.031199957	-0.02601437	0.02601437	4.52579E-38
GDAP1	-0.017077229	-0.008023932	0.008023932	1.57867E-13
GDAP1L1	-0.024419476	-0.020119734	0.020119734	2.86624E-31
GDAP2	-0.001995205	0.001373052	-0.001373052	0.000103556
GDI1	0.10077692	0.108882535	-0.108882535	8.6471E-145
GDI2	0.000290825	0.003676851	-0.003676851	1.07228E-06
GDPD1	-0.030453509	-0.025952044	0.025952044	1.46705E-44
GFAP	0.179645832	0.184288407	-0.184288407	0
GFM1	-0.008496595	-0.005621941	0.005621941	6.5612E-13
GFM2	-0.006466172	-0.003295118	0.003295118	1.45078E-06
GFOD1	-0.015657237	-0.007789215	0.007789215	2.24024E-06
GFOD2	-0.005738663	-0.003084383	0.003084383	6.9868E-05
GFPT1	-0.012453254	-0.008082777	0.008082777	6.35699E-12
GFPT2	-0.013055644	-0.010222956	0.010222956	3.16506E-22
GFRA2	-0.016333807	-0.012918649	0.012918649	4.04875E-22
GGA1	0.022494469	0.026087536	-0.026087536	3.23773E-39
GGA2	-0.000751828	0.004291289	-0.004291289	0.001137146
GGA3	-0.00176285	0.000908607	-0.000908607	0.011725042
GGNBP2	-0.012881986	-0.008998585	0.008998585	1.40764E-23
GGT7	0.053237401	0.058232094	-0.058232094	3.0958E-105
GHITM	0.005277402	0.009009467	-0.009009467	0.021741887
GHR	0.002635421	0.00795157	-0.00795157	0.001604574
GID8	0.001492632	0.004481663	-0.004481663	0.001229306
GIGYF1	0.010662085	0.015886092	-0.015886092	2.98716E-35
GIGYF2	-0.017624788	-0.011323117	0.011323117	2.3122E-12
GINM1	0.002791627	0.005601692	-0.005601692	4.46756E-08
GIPC1	-0.021029965	-0.017273876	0.017273876	9.921E-37
GIPC2	-0.010072472	-0.006037299	0.006037299	3.33901E-07
GIT1	0.049689924	0.054696224	-0.054696224	7.00662E-87
GIT2	-0.028893486	-0.023886235	0.023886235	1.75452E-29
GK	-0.030098851	-0.026562543	0.026562543	9.01088E-67
GK5	-0.015837596	-0.012201517	0.012201517	8.82185E-20
GKAP1	-0.008044712	-0.00459712	0.00459712	5.15305E-10
GLB1	-0.006950128	-0.002657655	0.002657655	1.39493E-06
GLB1L3	-0.013263204	-0.010036172	0.010036172	5.365E-19
GLCCI1	-0.093606997	-0.085752546	0.085752546	5.0094E-121
GLCE	-0.021550492	-0.017731324	0.017731324	2.76517E-28
GLDN	-0.018480326	-0.015310315	0.015310315	2.2005E-32
GLG1	-0.01551392	-0.008001793	0.008001793	2.37971E-07
GLI4	0.039169844	0.04295007	-0.04295007	7.683E-99
GLIS1	-0.025853055	-0.021013453	0.021013453	3.27697E-25
GLIS3	-0.053503172	-0.047301056	0.047301056	8.2753E-65
GLMN	-0.006555369	-0.002645884	0.002645884	2.96222E-08
GLO1	0.00570206	0.008821065	-0.008821065	3.15017E-06
GLOD4	0.003075835	0.005702545	-0.005702545	4.21416E-07
GLRA2	0.013510372	0.016626229	-0.016626229	7.80021E-21
GLRA3	-0.020375881	-0.015877273	0.015877273	1.18788E-21
GLRB	-0.050599465	-0.043994492	0.043994492	6.54287E-56
GLRX3	-0.014999887	-0.011354475	0.011354475	5.91575E-19
GLS	-0.098016815	-0.088619354	0.088619354	3.7637E-94
GLS2	-0.00982884	-0.006659255	0.006659255	1.55371E-10
GLT1D1	-0.028461454	-0.024127432	0.024127432	1.01977E-37
GLUD1	0.008702617	0.012886617	-0.012886617	1.39234E-18
GLUL	0.092678725	0.097276473	-0.097276473	0
GLYR1	-0.016317649	-0.012020877	0.012020877	5.50332E-20
GMCL1	-0.005213463	-0.000829947	0.000829947	2.24845E-09
GMDS	-0.065137563	-0.057668526	0.057668526	3.12483E-65
GMFB	0.022252966	0.025652279	-0.025652279	3.25933E-39
GMPS	-0.00058783	0.003490644	-0.003490644	0.0094178
GNA11	-0.012220589	-0.00801496	0.00801496	2.31562E-20
GNA12	-0.01083579	-0.007184009	0.007184009	6.66895E-09
GNA13	0.007559169	0.010335925	-0.010335925	8.31953E-10
GNAI1	0.011265447	0.016929787	-0.016929787	1.14445E-07
GNAI2	0.015580329	0.01925172	-0.01925172	1.07868E-19
GNAI3	-0.004504403	-0.000678	0.000678	1.09355E-05
GNAL	-0.040424777	-0.034610529	0.034610529	4.87173E-52
GNAO1	-0.011356801	-0.002978046	0.002978046	5.93639E-09
GNAQ	-0.020869756	-0.011383481	0.011383481	4.01559E-17
GNAS	0.119376586	0.128966042	-0.128966042	3.211E-136
GNAZ	0.017049883	0.020407867	-0.020407867	6.8989E-33
GNB1	0.011308135	0.017877481	-0.017877481	4.50563E-08
GNB2	0.041282054	0.04571123	-0.04571123	1.36943E-76
GNB5	-0.046496015	-0.040824376	0.040824376	1.00852E-58
GNE	0.000138335	0.002719122	-0.002719122	0.006187284
GNG2	-0.000173238	0.00492795	-0.00492795	0.441877698
GNG3	0.023603519	0.027030448	-0.027030448	3.06952E-42
GNG4	-0.005271149	-0.002356988	0.002356988	0.0012065
GNG7	-0.017092463	-0.012132076	0.012132076	4.3974E-16
GNGT1	-0.042766984	-0.040029236	0.040029236	3.5369E-253
GNL1	-0.013129942	-0.009652724	0.009652724	3.95215E-19
GNPDA1	-0.002790013	4.92281E-05	-4.92281E-05	0.000291767
GNPDA2	-0.003236585	0.000549047	-0.000549047	1.42758E-05
GNPTAB	-0.031923289	-0.026826467	0.026826467	3.53401E-36
GNPTG	-0.013398335	-0.010272796	0.010272796	1.7895E-20
GNS	0.001075455	0.004172592	-0.004172592	3.29903E-06
GOLGA1	-0.003151016	-0.000198084	0.000198084	2.88564E-05
GOLGA2	0.018143737	0.020985248	-0.020985248	1.65955E-40
GOLGA3	0.013176146	0.01758861	-0.01758861	1.20711E-14
GOLGA4	-0.154363795	-0.146144375	0.146144375	9.9815E-299
GOLGA7	0.00772676	0.010358552	-0.010358552	1.18855E-11
GOLGA7B	0.033028068	0.036975364	-0.036975364	4.83446E-71
GOLGA8A	0.024787205	0.029419222	-0.029419222	4.34764E-41
GOLGA8B	-0.046428496	-0.041240769	0.041240769	4.80977E-69
GOLGB1	-0.082033517	-0.074903593	0.074903593	1.2992E-112
GOLIM4	-0.00481281	-0.001456513	0.001456513	9.63283E-07
GOLM1	-0.006885786	-0.002148462	0.002148462	1.00659E-06
GOLPH3	0.001234841	0.005061769	-0.005061769	1.1557E-06
GOLT1B	-0.022110995	-0.018832182	0.018832182	5.40964E-50
GON4L	-0.036193346	-0.03208119	0.03208119	1.87677E-70
GOPC	0.016849835	0.020285018	-0.020285018	2.11298E-33
GOSR1	-0.015410867	-0.011299015	0.011299015	4.36595E-19
GOT1	-0.009316152	-0.005554424	0.005554424	4.58456E-06
GOT2	0.007436323	0.011041453	-0.011041453	8.98346E-05
GPALPP1	-0.014127745	-0.009561434	0.009561434	1.7437E-12
GPAT4	0.009410269	0.012683178	-0.012683178	1.05209E-12
GPATCH2	-0.034718313	-0.029722594	0.029722594	7.83619E-48
GPATCH2L	-0.02876182	-0.023493156	0.023493156	1.43674E-28
GPATCH8	-0.14033635	-0.131131381	0.131131381	1.0989E-198
GPBP1	-0.037984038	-0.031164525	0.031164525	1.11145E-29
GPBP1L1	-0.001157719	0.002942141	-0.002942141	0.039888529
GPC1	0.045779781	0.05186425	-0.05186425	1.33363E-82
GPC5	0.009109313	0.017154842	-0.017154842	5.15618E-05
GPC6	-0.064222208	-0.0554111	0.0554111	8.05591E-48
GPCPD1	-0.02505192	-0.021738673	0.021738673	1.59398E-56
GPD1L	-0.007235696	-0.003497129	0.003497129	2.35482E-06
GPD2	-0.001428262	0.002343158	-0.002343158	0.140788469
GPHN	-0.166741987	-0.158798971	0.158798971	0
GPI	0.113735058	0.118074751	-0.118074751	0
GPLD1	-0.011972753	-0.008723473	0.008723473	2.24606E-15
GPM6A	-0.013121599	-0.005124205	0.005124205	1.14168E-14
GPM6B	0.016886806	0.026016311	-0.026016311	3.00543E-13
GPR107	-0.00378249	-0.000214536	0.000214536	0.001510421
GPR135	0.010327025	0.01420683	-0.01420683	4.12204E-08
GPR137B	-0.007894168	-0.004607902	0.004607902	1.6651E-06
GPR137C	-0.048595087	-0.042540264	0.042540264	3.19922E-55
GPR155	0.002852798	0.008407095	-0.008407095	6.55862E-09
GPR158	-0.072590186	-0.063634245	0.063634245	9.86664E-57
GPR162	0.034008143	0.038013674	-0.038013674	1.52903E-60
GPR173	0.002623429	0.005218177	-0.005218177	1.44073E-08
GPR176	0.00582237	0.009608234	-0.009608234	0.008336237
GPR180	-0.009530791	-0.005407188	0.005407188	1.71073E-09
GPR22	-0.004440649	-0.001234059	0.001234059	0.015818041
GPR63	-0.001317309	0.00230815	-0.00230815	2.13999E-06
GPR89A	-0.007272149	-0.004371801	0.004371801	2.59639E-09
GPR89B	-0.012251113	-0.008933129	0.008933129	8.24081E-14
GPRASP1	-0.014784102	-0.010737476	0.010737476	1.16863E-15
GPRASP2	-0.003154116	-0.000258752	0.000258752	0.000147997
GPRC5B	0.034341373	0.037448371	-0.037448371	5.2289E-103
GPRIN3	0.024896735	0.028464907	-0.028464907	3.45557E-41
GPS1	0.02525071	0.02846308	-0.02846308	1.12436E-54
GPS2	0.029967786	0.032963148	-0.032963148	7.48736E-84
GPSM1	0.029565175	0.03295262	-0.03295262	3.27482E-67
GPT2	-0.005199167	-0.002190457	0.002190457	2.17134E-08
GPX4	0.067322567	0.072289147	-0.072289147	3.0413E-152
GRAMD1A	0.007554866	0.010235828	-0.010235828	5.34338E-11
GRAMD1B	-0.000995179	0.005440853	-0.005440853	0.004640631
GRAMD4	-0.011349472	-0.00821595	0.00821595	1.12645E-13
GRB10	-0.030941619	-0.025570932	0.025570932	3.99418E-30
GRB2	-0.010240851	-0.005894568	0.005894568	9.45958E-06
GREB1	-0.011154042	-0.007860402	0.007860402	3.75275E-11
GREB1L	-0.003855467	0.000165985	-0.000165985	0.000166785
GREM2	0.006192836	0.009441275	-0.009441275	0.000626103
GRIA1	-0.048308751	-0.038726983	0.038726983	3.28917E-59
GRIA2	-0.094562655	-0.087250621	0.087250621	1.7755E-140
GRIA3	-0.048382473	-0.03870962	0.03870962	2.12077E-23
GRIA4	-0.082717847	-0.072250272	0.072250272	1.70325E-65
GRID1	-0.065447016	-0.056268061	0.056268061	6.43766E-45
GRID2	0.034738316	0.045859432	-0.045859432	5.91309E-35
GRIK1	0.020272234	0.029744184	-0.029744184	4.96329E-05
GRIK2	-0.030785635	-0.021074464	0.021074464	7.27016E-42
GRIK3	-0.009626463	-0.005085175	0.005085175	1.628E-07
GRIK4	0.003428882	0.00833714	-0.00833714	0.219575153
GRIK5	0.035635457	0.040738919	-0.040738919	8.27712E-50
GRIN1	0.128417367	0.136684973	-0.136684973	5.5938E-306
GRIN2A	-0.091300986	-0.082241359	0.082241359	1.3485E-108
GRIN2B	-0.009130726	-0.000131053	0.000131053	1.17035E-29
GRIN2D	-0.002970947	-0.000236907	0.000236907	1.2682E-05
GRIN3A	0.034893058	0.039457938	-0.039457938	2.99134E-52
GRINA	0.015886462	0.019577692	-0.019577692	3.36629E-16
GRIP1	-0.064015273	-0.052524252	0.052524252	1.99044E-33
GRIP2	0.006274466	0.008980288	-0.008980288	2.28018E-05
GRIPAP1	0.013816059	0.018613188	-0.018613188	8.44895E-33
GRK2	0.028482609	0.033679281	-0.033679281	7.76229E-37
GRK3	-0.05064523	-0.042422847	0.042422847	1.23752E-37
GRK4	-0.028364637	-0.023698636	0.023698636	1.93853E-35
GRK5	-0.022533574	-0.019260706	0.019260706	1.1056E-42
GRM1	0.001432598	0.009579307	-0.009579307	1.84649E-28
GRM3	0.043443826	0.050646181	-0.050646181	5.91566E-68
GRM4	0.006201761	0.00909272	-0.00909272	7.60676E-05
GRM5	-0.078437872	-0.070535812	0.070535812	2.2248E-114
GRM7	-0.113472445	-0.102950166	0.102950166	2.9887E-124
GRM8	-0.034078829	-0.028076336	0.028076336	6.28965E-28
GRSF1	-0.000177382	0.003221028	-0.003221028	0.012897836
GSAP	-0.012972614	-0.009772926	0.009772926	1.49367E-26
GSDMB	-0.009717974	-0.007061343	0.007061343	6.08651E-15
GSE1	-0.042507999	-0.037035663	0.037035663	7.80527E-52
GSG1L	-0.020741468	-0.017123184	0.017123184	5.25259E-31
GSK3A	0.026712833	0.030188441	-0.030188441	2.36732E-50
GSK3B	-0.094125718	-0.085568117	0.085568117	1.3973E-102
GSPT1	-0.000813849	0.0039545	-0.0039545	1.87377E-11
GSR	-0.001996638	0.001568243	-0.001568243	0.001852647
GSTA4	-0.000594006	0.004013567	-0.004013567	0.120694805
GSTCD	-0.012773976	-0.009532671	0.009532671	7.31522E-23
GSTO1	0.01257725	0.015325987	-0.015325987	2.88172E-18
GSTO2	0.004557618	0.008186379	-0.008186379	7.31689E-12
GTDC1	-0.03798372	-0.028678815	0.028678815	9.17753E-17
GTF2A1	-0.012848039	-0.008459205	0.008459205	2.63975E-13
GTF2B	-0.002226006	0.000325625	-0.000325625	0.015285504
GTF2E2	-0.009405213	-0.006101709	0.006101709	1.97671E-09
GTF2F2	0.0016719	0.0049448	-0.0049448	0.009963154
GTF2H1	-0.002894604	6.33025E-05	-6.33025E-05	4.49434E-08
GTF2H3	-0.005969365	-0.003176542	0.003176542	1.22955E-08
GTF2I	-0.004460742	0.004518839	-0.004518839	0.00188433
GTF2IRD1	-0.027677556	-0.02312043	0.02312043	9.78655E-33
GTF3A	0.007797175	0.011314352	-0.011314352	2.19946E-08
GTF3C1	-0.004364302	0.001392299	-0.001392299	3.12357E-06
GTF3C3	-0.005085847	-0.002312465	0.002312465	1.99442E-12
GTF3C5	0.008834409	0.011722611	-0.011722611	2.76738E-20
GTPBP1	0.011881941	0.014489812	-0.014489812	4.77996E-20
GUCY1A1	0.011728295	0.015391143	-0.015391143	4.75728E-12
GUCY1A2	-0.062715441	-0.053359479	0.053359479	2.11133E-46
GUCY1B1	0.002840835	0.009101881	-0.009101881	1.6988E-09
GUF1	0.002954834	0.005774226	-0.005774226	7.22132E-07
GUK1	0.057796345	0.062910976	-0.062910976	7.3059E-107
GULP1	-0.055401834	-0.049170085	0.049170085	4.88794E-68
GVQW3	-0.009408416	-0.006155112	0.006155112	4.52018E-12
GXYLT1	-0.005661287	-0.002843432	0.002843432	4.31558E-11
GYS1	-0.024681884	-0.021085334	0.021085334	1.06628E-48
HABP4	-0.018963563	-0.014665301	0.014665301	3.35186E-24
HACD2	0.004188192	0.008631013	-0.008631013	1.26696E-05
HACD3	0.009221753	0.013839286	-0.013839286	1.91801E-07
HACE1	-0.078110456	-0.071955954	0.071955954	1.4433E-138
HACL1	-0.009864347	-0.006024242	0.006024242	1.60956E-09
HADH	-0.002094539	0.000764372	-0.000764372	0.145478471
HADHA	0.012703227	0.01560775	-0.01560775	1.73256E-25
HADHB	-0.006671529	-0.003673904	0.003673904	4.4108E-09
HAGH	-0.031346825	-0.027061041	0.027061041	6.84473E-49
HAGHL	0.053098873	0.057574374	-0.057574374	1.0128E-123
HAPLN2	0.018565944	0.021921738	-0.021921738	4.08817E-58
HAPLN4	0.024798578	0.027799927	-0.027799927	1.73873E-60
HAT1	0.002932716	0.005353137	-0.005353137	0.001269058
HBP1	-0.003878195	-0.000541785	0.000541785	9.66899E-08
HBS1L	-0.011638642	-0.007102064	0.007102064	8.97513E-11
HCFC1R1	-0.014430756	-0.01004187	0.01004187	1.58479E-24
HCFC2	-0.00566226	-0.002607652	0.002607652	2.18061E-08
HCN1	-0.140576129	-0.130997225	0.130997225	3.3587E-180
HCN2	0.017082108	0.020455782	-0.020455782	5.27152E-25
HDAC10	0.048595188	0.052123271	-0.052123271	1.3807E-165
HDAC2	0.002281711	0.005699928	-0.005699928	2.20152E-05
HDAC3	0.001756625	0.004641422	-0.004641422	0.034170555
HDAC4	-0.051797602	-0.04499966	0.04499966	7.6716E-52
HDAC5	0.012914674	0.0164662	-0.0164662	2.19973E-21
HDAC6	0.006543598	0.009027702	-0.009027702	6.11992E-11
HDAC7	0.0129513	0.016210788	-0.016210788	1.75795E-19
HDAC8	-0.08851326	-0.080857555	0.080857555	3.516E-113
HDAC9	-0.102973568	-0.09329121	0.09329121	1.93071E-95
HDGF	0.003163573	0.005788103	-0.005788103	1.37572E-07
HDGFL2	0.009290807	0.012310528	-0.012310528	3.54522E-10
HDGFL3	0.002663483	0.008160363	-0.008160363	0.005877868
HDLBP	0.00268183	0.007008832	-0.007008832	0.002014728
HDX	-0.007655636	-0.003390474	0.003390474	0.001959316
HEATR1	-0.004082333	-0.001056163	0.001056163	5.99085E-07
HEATR3	-0.002900341	-3.64924E-05	3.64924E-05	1.22023E-06
HEATR4	-0.010292213	-0.007525727	0.007525727	3.64955E-13
HEATR5B	-0.002852736	0.001386688	-0.001386688	1.97872E-10
HECTD1	-0.012152149	-0.006656273	0.006656273	4.98374E-10
HECTD2	-0.062647381	-0.057070378	0.057070378	2.1992E-108
HECTD4	-0.052781482	-0.044710271	0.044710271	1.13375E-36
HECW1	-0.248978615	-0.239079822	0.239079822	0
HECW2	-0.13566402	-0.126138738	0.126138738	4.6573E-171
HELLS	-0.010950353	-0.00817713	0.00817713	3.16022E-22
HELZ	-0.011865166	-0.00495224	0.00495224	6.30184E-10
HERC1	-0.149728822	-0.140347696	0.140347696	4.3342E-220
HERC2	-0.125175546	-0.117479033	0.117479033	4.5863E-225
HERC3	0.05690505	0.061271775	-0.061271775	1.2254E-153
HERC4	-0.042714737	-0.034628062	0.034628062	3.15805E-26
HERC6	0.00035122	0.003136578	-0.003136578	4.27762E-07
HERPUD1	0.006733299	0.009377325	-0.009377325	6.02754E-08
HERPUD2	-0.01475672	-0.011125732	0.011125732	5.79705E-17
HEXB	-0.024367716	-0.021125586	0.021125586	1.08566E-56
HFM1	-0.039953941	-0.036466018	0.036466018	1.0949E-127
HGS	0.03168106	0.035616311	-0.035616311	7.40144E-58
HGSNAT	-0.028474654	-0.024193629	0.024193629	1.20548E-48
HHAT	-0.021930145	-0.017494372	0.017494372	7.49218E-22
HIBADH	-0.016936277	-0.012399507	0.012399507	1.03933E-13
HIBCH	-0.001772083	0.00481981	-0.00481981	1.00045E-09
HIC2	-0.095861704	-0.091181349	0.091181349	0
HID1	0.032306788	0.036575564	-0.036575564	6.46731E-64
HIF1A	0.01163026	0.01550312	-0.01550312	2.71478E-21
HIKESHI	0.00155093	0.004146005	-0.004146005	1.78915E-06
HINT1	-0.010385128	-0.006541226	0.006541226	7.04981E-13
HINT3	0.00747837	0.010736651	-0.010736651	2.42687E-13
HIP1	0.00989494	0.01298341	-0.01298341	3.92967E-10
HIP1R	0.022179674	0.025416404	-0.025416404	1.12138E-49
HIPK1	0.010737489	0.01498153	-0.01498153	2.01214E-10
HIPK2	0.014807731	0.019199151	-0.019199151	3.41418E-14
HIPK3	-0.005580535	-0.001391386	0.001391386	6.93556E-08
HIVEP1	-0.051302434	-0.045740507	0.045740507	1.34169E-73
HIVEP2	-0.074010001	-0.065067796	0.065067796	1.06781E-61
HIVEP3	-0.030841707	-0.022264655	0.022264655	1.21335E-20
HK1	-0.034602842	-0.028936571	0.028936571	1.29506E-36
HLCS	-0.038011479	-0.031656957	0.031656957	8.09427E-31
HLF	0.034146094	0.03986478	-0.03986478	1.63003E-39
HLTF	-0.002453702	0.001917194	-0.001917194	0.00095356
HM13	-0.035598085	-0.030909325	0.030909325	3.01304E-55
HMBOX1	-0.0087219	-0.002961777	0.002961777	7.35923E-06
HMCES	0.003360983	0.005942201	-0.005942201	5.42964E-08
HMG20A	-0.012921679	-0.007962079	0.007962079	1.38271E-10
HMGB1	-0.023920458	-0.0152937	0.0152937	5.92522E-11
HMGCLL1	-0.013529204	-0.007877351	0.007877351	2.08066E-10
HMGCR	0.004840098	0.009029933	-0.009029933	0.024347242
HMGCS1	0.017318975	0.020781688	-0.020781688	1.6904E-21
HMGN1	0.000190441	0.002867039	-0.002867039	0.928659466
HMGN2	0.005248714	0.008202865	-0.008202865	1.95424E-05
HMGN3	0.0144163	0.019571432	-0.019571432	6.02648E-16
HMGXB3	-0.003786311	-0.001065068	0.001065068	0.000395196
HMGXB4	-0.011494823	-0.0086441	0.0086441	6.73535E-17
HMOX2	0.004626372	0.007764485	-0.007764485	5.01631E-11
HNRNPA0	0.007943487	0.010696542	-0.010696542	1.24023E-07
HNRNPA1	0.037521349	0.040896503	-0.040896503	1.615E-107
HNRNPA2B1	0.036948834	0.04345765	-0.04345765	1.69183E-40
HNRNPA3	0.034725777	0.041216749	-0.041216749	7.87271E-53
HNRNPC	0.028307829	0.034433713	-0.034433713	3.43961E-28
HNRNPD	-0.010470932	-0.005674577	0.005674577	6.14276E-11
HNRNPDL	0.040427431	0.047762318	-0.047762318	1.45821E-51
HNRNPH1	-0.000976089	0.003847115	-0.003847115	0.001064576
HNRNPH2	0.004159982	0.007729744	-0.007729744	4.47058E-07
HNRNPH3	-0.003174465	0.001417641	-0.001417641	3.05728E-14
HNRNPK	0.0348297	0.04014446	-0.04014446	3.15041E-60
HNRNPL	-0.024313081	-0.019744483	0.019744483	1.30378E-32
HNRNPLL	-0.009132938	-0.004227802	0.004227802	1.69228E-11
HNRNPM	-0.00014903	0.004325378	-0.004325378	8.10446E-08
HNRNPR	-0.004706355	-0.000500961	0.000500961	1.12602E-09
HNRNPU	0.002109718	0.009598002	-0.009598002	7.7352E-09
HNRNPUL1	0.012883231	0.016096371	-0.016096371	1.63532E-20
HOMER1	-0.055615899	-0.048582879	0.048582879	7.45142E-56
HOMER2	-0.013308981	-0.009143285	0.009143285	9.84163E-14
HOOK1	-0.004420286	0.000124302	-0.000124302	2.71425E-05
HOOK2	0.000424801	0.002986245	-0.002986245	8.9551E-08
HOOK3	0.044314953	0.04989444	-0.04989444	6.7671E-83
HOPX	-0.017013738	-0.013063809	0.013063809	4.0997E-21
HP1BP3	0.028372726	0.035321998	-0.035321998	4.33482E-34
HPCA	0.047643987	0.051512272	-0.051512272	7.6179E-127
HPCAL1	-0.047161434	-0.042091196	0.042091196	6.0882E-76
HPCAL4	0.043174895	0.047659159	-0.047659159	8.77003E-82
HPRT1	-0.047348185	-0.041068745	0.041068745	5.71513E-50
HPS4	-0.000202087	0.002375704	-0.002375704	0.001219189
HPSE2	0.016566963	0.020641809	-0.020641809	4.02998E-16
HRAS	0.011035135	0.013784295	-0.013784295	5.5353E-15
HRH1	-0.021312384	-0.018394297	0.018394297	3.10594E-51
HRH2	-0.034883453	-0.03087979	0.03087979	6.44235E-68
HRH3	0.045194395	0.049394279	-0.049394279	4.4726E-100
HS2ST1	0.070034488	0.074617671	-0.074617671	7.628E-226
HS3ST1	-0.002956215	-0.000189518	0.000189518	0.109792588
HS3ST2	-0.023817892	-0.018874864	0.018874864	6.82952E-30
HS3ST4	-0.203280116	-0.194216578	0.194216578	0
HS3ST5	0.018110281	0.023815574	-0.023815574	4.0188E-10
HS6ST1	-0.010461812	-0.006232994	0.006232994	6.16295E-15
HS6ST2	-0.00476426	-0.001136574	0.001136574	0.023666337
HS6ST3	-0.140372942	-0.128867415	0.128867415	1.9727E-137
HSBP1	0.010408284	0.013528735	-0.013528735	2.29774E-14
HSD17B12	-0.177893766	-0.17224681	0.17224681	0
HSD17B4	-0.034435359	-0.028452293	0.028452293	3.11289E-35
HSF1	-0.00113252	0.001700188	-0.001700188	7.74955E-06
HSF2	0.001741985	0.004887403	-0.004887403	2.13019E-06
HSF4	0.017925016	0.020946483	-0.020946483	1.72952E-34
HSP90AA1	0.141303308	0.149169199	-0.149169199	6.4467E-271
HSP90AB1	0.177877727	0.186117132	-0.186117132	0
HSP90B1	0.015746364	0.020935082	-0.020935082	3.26361E-13
HSPA12A	-0.024011654	-0.01506922	0.01506922	6.97836E-22
HSPA13	0.009127534	0.012909586	-0.012909586	1.18807E-06
HSPA1A	0.012114085	0.015213486	-0.015213486	9.78844E-14
HSPA4	0.004943094	0.008802206	-0.008802206	1.94817E-05
HSPA4L	-0.009585653	-0.004346624	0.004346624	2.01752E-11
HSPA5	0.011434735	0.014248333	-0.014248333	1.07481E-14
HSPA8	0.02640389	0.029296739	-0.029296739	1.39044E-79
HSPA9	0.017599464	0.021560246	-0.021560246	3.46641E-23
HSPB1	0.047583937	0.051664202	-0.051664202	9.9241E-127
HSPBAP1	-0.005004291	-0.002545845	0.002545845	1.80978E-05
HSPD1	0.011776443	0.015316795	-0.015316795	2.73715E-16
HSPH1	0.040794908	0.047073019	-0.047073019	6.33651E-51
HTR1E	-0.000686782	0.006549026	-0.006549026	7.87004E-09
HTR2A	-0.019525799	-0.015120968	0.015120968	4.68722E-24
HTR4	-0.018342744	-0.015016145	0.015016145	1.71858E-28
HTRA1	0.022753386	0.026218678	-0.026218678	2.23888E-36
HTT	-0.036564556	-0.030166234	0.030166234	2.16455E-30
HUNK	-0.025514345	-0.021312941	0.021312941	3.64527E-33
HUS1	-0.069244152	-0.065320345	0.065320345	8.7918E-289
HUWE1	0.007731953	0.013439219	-0.013439219	0.003278628
HYDIN	-0.212636088	-0.205140835	0.205140835	0
HYOU1	0.003226299	0.005773203	-0.005773203	0.005779527
IBTK	-0.022457157	-0.017057956	0.017057956	7.1935E-22
ICA1	-0.089791624	-0.083029336	0.083029336	1.9576E-150
ICA1L	-0.05000789	-0.042572925	0.042572925	3.95278E-41
ICAM5	-0.001721464	0.002438488	-0.002438488	0.005891276
ICE1	-0.020039199	-0.014868166	0.014868166	2.60743E-16
ICE2	-0.003941264	-0.000399024	0.000399024	0.000146465
ID2	0.021076925	0.024320515	-0.024320515	3.30013E-37
IDE	0.003603832	0.007450238	-0.007450238	9.29235E-05
IDH3A	0.004350337	0.008273648	-0.008273648	8.68737E-06
IDH3G	0.011286554	0.014700628	-0.014700628	2.06781E-33
IDS	0.071792162	0.081581918	-0.081581918	1.55922E-90
IFNAR1	0.007421609	0.010852732	-0.010852732	1.86029E-07
IFNGR1	-0.001178421	0.001551886	-0.001551886	8.47656E-06
IFNGR2	0.004845511	0.008229674	-0.008229674	3.11555E-06
IFRD1	0.002276386	0.005627577	-0.005627577	1.06927E-07
IFT122	0.014828532	0.019072503	-0.019072503	2.12146E-21
IFT140	0.007871114	0.011228036	-0.011228036	2.5262E-08
IFT172	-0.011201632	-0.006903084	0.006903084	5.96457E-15
IFT20	-0.001585238	0.002296056	-0.002296056	4.66344E-09
IFT43	-0.030942133	-0.026228942	0.026228942	3.13339E-40
IFT52	-0.013727064	-0.010758476	0.010758476	1.57353E-20
IFT57	-0.003591143	-0.000293328	0.000293328	0.000203834
IFT74	-0.007583977	-0.004601247	0.004601247	1.04554E-10
IFT81	-0.002194685	0.000992723	-0.000992723	0.000101974
IFT88	-0.002815601	0.001179229	-0.001179229	2.16698E-06
IGF1	-0.000804205	0.002219165	-0.002219165	3.65819E-06
IGF1R	0.003066899	0.012130668	-0.012130668	7.41093E-15
IGF2R	-0.018131428	-0.013795204	0.013795204	6.29232E-18
IGFL4	-0.019592843	-0.015717551	0.015717551	4.71277E-24
IGIP	0.01295413	0.016076873	-0.016076873	1.94052E-17
IGLON5	0.013068194	0.016126477	-0.016126477	4.6626E-18
IGSF11	-0.048279841	-0.041737518	0.041737518	1.42462E-47
IGSF21	-0.046337867	-0.040531526	0.040531526	8.24314E-59
IGSF3	-0.010705244	-0.007756468	0.007756468	7.81674E-13
IGSF8	0.05601111	0.060535403	-0.060535403	2.978E-129
IGSF9B	0.006970415	0.01096413	-0.01096413	1.04256E-25
IKBKB	0.001879758	0.004457083	-0.004457083	0.058196603
IKZF2	0.007098856	0.010533898	-0.010533898	3.39702E-07
IL11RA	0.017005348	0.019591405	-0.019591405	5.00889E-43
IL12RB2	-0.021356655	-0.017852602	0.017852602	2.26739E-34
IL1RAP	-0.019414133	-0.014812926	0.014812926	1.14357E-22
IL1RAPL1	0.011307702	0.019065387	-0.019065387	6.05552E-17
IL1RAPL2	-0.03680687	-0.028647684	0.028647684	1.48157E-25
IL6ST	0.026927821	0.031383484	-0.031383484	6.65686E-32
ILDR2	-0.020656983	-0.016213786	0.016213786	1.32966E-20
ILF3	0.020474568	0.024181653	-0.024181653	2.22823E-32
ILKAP	0.006576368	0.010640556	-0.010640556	1.06188E-13
IMMP1L	-0.00507047	-0.001246928	0.001246928	7.99526E-07
IMMP2L	-0.118751398	-0.108968263	0.108968263	6.5777E-124
IMMT	0.00137544	0.004578225	-0.004578225	0.110736682
IMPA1	0.006576323	0.009320532	-0.009320532	8.15278E-23
INA	0.012495689	0.016978205	-0.016978205	4.86405E-08
INF2	0.033073944	0.037242252	-0.037242252	6.31975E-70
ING4	-0.000353775	0.002221954	-0.002221954	6.63694E-08
ING5	0.001755915	0.005485826	-0.005485826	2.98951E-09
INIP	0.000733236	0.003529163	-0.003529163	9.12703E-05
INO80	-0.016031878	-0.011627256	0.011627256	5.99206E-14
INO80D	0.011339155	0.016426734	-0.016426734	4.51874E-15
INPP1	-0.006121161	-0.003419739	0.003419739	2.69408E-06
INPP4A	-0.013515697	-0.005952042	0.005952042	8.56162E-06
INPP4B	0.017475487	0.027669234	-0.027669234	8.50314E-10
INPP5A	-0.023203243	-0.018548108	0.018548108	4.34289E-24
INPP5B	-0.015590208	-0.011590755	0.011590755	1.23147E-15
INPP5F	0.01118806	0.018237786	-0.018237786	3.85009E-24
INSIG1	0.008368887	0.010934374	-0.010934374	7.01028E-10
INSIG2	-0.003597903	-0.000633832	0.000633832	0.000129911
INSR	-0.050989594	-0.044170393	0.044170393	4.25677E-49
INTS1	0.072444616	0.07714939	-0.07714939	2.0885E-216
INTS10	-0.003775304	0.000515136	-0.000515136	6.45485E-08
INTS11	0.06659839	0.071543351	-0.071543351	7.105E-154
INTS2	-0.00179374	0.001058962	-0.001058962	1.1408E-11
INTS3	0.000956741	0.004505556	-0.004505556	1.65738E-13
INTS4	-0.013999875	-0.010830226	0.010830226	4.21206E-22
INTS6	-0.001101334	0.003642806	-0.003642806	6.58858E-08
INTS6L	-0.010311523	-0.007211939	0.007211939	7.81542E-15
INTS7	0.003501063	0.006487076	-0.006487076	0.015051368
INTS8	-0.009553863	-0.005587305	0.005587305	9.40443E-09
INTS9	-0.007956563	-0.0049081	0.0049081	1.27616E-08
INTU	-0.069242262	-0.063887578	0.063887578	2.973E-145
INVS	-0.043271639	-0.03728617	0.03728617	6.84767E-45
IP6K1	-0.001726823	0.003582103	-0.003582103	3.42203E-10
IP6K2	0.025407001	0.029802054	-0.029802054	4.26914E-34
IPCEF1	-0.020426449	-0.014372883	0.014372883	1.38004E-35
IPMK	-0.008752136	-0.005602815	0.005602815	5.36457E-14
IPO11	-0.013882309	-0.010048267	0.010048267	2.58357E-14
IPO5	-0.001230785	0.003315367	-0.003315367	0.052897915
IPO7	0.01117572	0.015545572	-0.015545572	6.10319E-13
IPO8	-0.002347575	0.001315173	-0.001315173	1.42146E-05
IPO9	0.006299491	0.010690798	-0.010690798	0.002057252
IPPK	-0.006740967	-0.003828293	0.003828293	6.94799E-08
IQCA1	-0.03678083	-0.032318272	0.032318272	3.587E-62
IQCB1	-0.010996062	-0.006671145	0.006671145	2.03414E-11
IQCE	9.40065E-05	0.002841507	-0.002841507	1.93862E-06
IQCK	-0.024147645	-0.020280805	0.020280805	1.84582E-41
IQGAP1	-0.005378946	-0.001595765	0.001595765	5.90696E-13
IQSEC1	0.053261962	0.06010107	-0.06010107	5.38023E-69
IQSEC2	0.005054527	0.010211133	-0.010211133	1.894E-16
IQSEC3	-0.084141347	-0.078293169	0.078293169	6.0967E-179
IRAK1BP1	-0.030392136	-0.024492301	0.024492301	1.37531E-23
IREB2	0.006416871	0.011115573	-0.011115573	1.04336E-08
IRF2	-0.009397453	-0.005946391	0.005946391	2.21664E-08
IRF2BP2	0.022049189	0.025408285	-0.025408285	1.10054E-39
IRS1	0.008961449	0.012489887	-0.012489887	5.33884E-07
IRS2	0.018989511	0.024154051	-0.024154051	3.01035E-19
ISCA1	-0.004119233	-0.001207624	0.001207624	0.000856595
ISCU	-0.001524699	0.001348933	-0.001348933	0.452210434
IST1	0.016478928	0.020730427	-0.020730427	3.28717E-22
ITCH	-0.015076368	-0.009617661	0.009617661	2.43718E-12
ITFG1	-0.099558561	-0.090642592	0.090642592	7.5441E-105
ITFG2	-0.020261708	-0.017211931	0.017211931	6.59704E-44
ITGA3	0.002362251	0.005321149	-0.005321149	0.00775603
ITGA8	0.020682421	0.024429247	-0.024429247	4.98839E-26
ITGA9	-0.044516708	-0.039070241	0.039070241	1.64376E-57
ITGAV	0.011502739	0.015006575	-0.015006575	8.64437E-14
ITGB1	0.005531667	0.008612206	-0.008612206	1.44659E-11
ITGB1BP1	-0.009966359	-0.006289352	0.006289352	9.57715E-08
ITGB3BP	-0.012611551	-0.009041332	0.009041332	5.14716E-13
ITGB8	0.03102212	0.035428025	-0.035428025	1.05148E-56
ITM2B	0.034498305	0.041398667	-0.041398667	3.11232E-23
ITM2C	0.020128254	0.024160534	-0.024160534	1.15377E-39
ITPK1	0.004535042	0.010357378	-0.010357378	6.7422E-14
ITPKA	0.005973788	0.009221892	-0.009221892	1.04883E-05
ITPR1	-0.074962717	-0.065926168	0.065926168	1.07273E-62
ITPR2	0.029882779	0.036425445	-0.036425445	4.95594E-31
ITSN1	-0.068827942	-0.061036704	0.061036704	1.399E-69
ITSN2	-0.012480748	-0.006380594	0.006380594	1.16247E-07
IVD	-0.003145399	0.000227882	-0.000227882	2.27506E-05
IVNS1ABP	0.01057018	0.013135309	-0.013135309	3.87257E-17
IWS1	-0.031532202	-0.027007786	0.027007786	3.18516E-44
JADE1	-0.002203969	0.001316417	-0.001316417	9.37395E-05
JADE2	0.010401777	0.013313904	-0.013313904	9.8659E-19
JAG2	0.000525555	0.003502467	-0.003502467	0.010888754
JAK1	0.122164935	0.127298244	-0.127298244	0
JAK2	-0.063348696	-0.056360987	0.056360987	1.73919E-70
JAKMIP1	-0.171319357	-0.165695482	0.165695482	0
JAKMIP2	-0.079667305	-0.070493116	0.070493116	4.0403E-68
JAKMIP3	0.013997471	0.017732072	-0.017732072	3.88176E-19
JAM3	-0.025435472	-0.019384499	0.019384499	4.86198E-25
JARID2	-0.017069859	-0.01055406	0.01055406	1.12108E-13
JAZF1	-0.042178192	-0.033028812	0.033028812	2.72129E-20
JCAD	-0.004978652	-0.002216368	0.002216368	1.03445E-07
JDP2	0.002731532	0.006283337	-0.006283337	0.000293553
JHY	-0.006292544	-0.003610452	0.003610452	1.77634E-05
JMJD1C	-0.112263027	-0.103792638	0.103792638	5.1816E-152
JMY	-0.012551922	-0.007670676	0.007670676	1.89913E-13
JOSD1	-0.003212202	0.000423803	-0.000423803	3.84233E-08
JPH1	-0.014518673	-0.009085723	0.009085723	1.89975E-08
JPH3	0.007124497	0.012365496	-0.012365496	6.51096E-12
JPH4	0.001731522	0.009859931	-0.009859931	5.86617E-06
JUN	-0.001796162	0.000918684	-0.000918684	0.320026458
JUND	-0.001779312	0.006802202	-0.006802202	4.12972E-29
KALRN	-0.152928258	-0.144891241	0.144891241	3.4205E-302
KANK1	0.018681332	0.021915715	-0.021915715	7.57498E-31
KANSL1	-0.131253202	-0.122097777	0.122097777	4.9274E-188
KANSL1L	0.017303934	0.022860677	-0.022860677	4.41348E-15
KANSL3	-0.004324058	-0.000817371	0.000817371	6.35219E-05
KAT2A	0.075215563	0.080448734	-0.080448734	5.4176E-187
KAT2B	0.024102777	0.028144776	-0.028144776	1.9049E-52
KAT6A	-0.016348895	-0.010519927	0.010519927	4.94636E-13
KAT6B	-0.025377769	-0.017798671	0.017798671	1.99889E-11
KAT7	0.00023145	0.003338271	-0.003338271	0.001571063
KAT8	0.018728772	0.022402661	-0.022402661	4.13314E-31
KATNAL1	-0.029716038	-0.024565654	0.024565654	6.16259E-34
KATNAL2	-0.033201645	-0.029370854	0.029370854	3.98174E-67
KATNBL1	-0.004910467	-4.87397E-05	4.87397E-05	1.07278E-07
KAZN	-0.112433762	-0.10352375	0.10352375	5.2853E-134
KBTBD11	-0.011212007	-0.007990632	0.007990632	1.47234E-11
KBTBD12	-0.014902593	-0.011209684	0.011209684	5.47367E-16
KBTBD3	-0.006291658	-0.003668784	0.003668784	3.53106E-11
KBTBD6	0.004674898	0.007190389	-0.007190389	0.001149432
KCMF1	-0.001508603	0.002471812	-0.002471812	7.26306E-05
KCNA1	-0.002009052	0.000859692	-0.000859692	0.026379334
KCNA2	0.031031883	0.03522865	-0.03522865	8.97152E-49
KCNAB1	-0.3432673	-0.334488771	0.334488771	0
KCNAB2	-0.016591104	-0.010748648	0.010748648	6.39054E-10
KCNB1	-0.116126901	-0.107996563	0.107996563	8.338E-179
KCNB2	-0.140616407	-0.13103667	0.13103667	3.988E-182
KCNC1	-0.015027126	-0.009500759	0.009500759	3.87492E-08
KCNC2	-0.021600804	-0.011339165	0.011339165	3.30471E-57
KCNC3	0.009095471	0.01261655	-0.01261655	2.90894E-06
KCNC4	0.009460515	0.013056991	-0.013056991	2.15188E-20
KCND2	-0.046121147	-0.035906314	0.035906314	6.8858E-110
KCND3	-0.12725636	-0.118716966	0.118716966	1.019E-191
KCNH1	0.211204399	0.219127481	-0.219127481	0
KCNH3	0.010155298	0.015240787	-0.015240787	1.0306E-21
KCNH5	-0.01736818	-0.01048257	0.01048257	8.70009E-18
KCNH7	0.053353109	0.063839708	-0.063839708	1.55601E-53
KCNIP1	-0.0013762	0.003637552	-0.003637552	0.129179552
KCNIP2	0.042661198	0.047347211	-0.047347211	4.05359E-69
KCNIP3	-0.011228147	-0.00723507	0.00723507	1.41906E-21
KCNIP4	-0.102103057	-0.089716663	0.089716663	1.177E-204
KCNJ3	-0.068248602	-0.058685604	0.058685604	2.03559E-76
KCNJ4	0.004772421	0.008231271	-0.008231271	1.71632E-09
KCNJ6	-0.051844512	-0.043566189	0.043566189	7.41146E-37
KCNJ9	0.017650866	0.020943101	-0.020943101	1.84243E-25
KCNK1	-0.03185673	-0.026314974	0.026314974	5.23532E-29
KCNK10	-0.007773145	-0.003815882	0.003815882	2.56119E-07
KCNK12	0.006668067	0.010253029	-0.010253029	1.38619E-05
KCNK2	-0.002341236	0.000746374	-0.000746374	0.074296652
KCNMA1	-0.137737808	-0.130392243	0.130392243	1.1707E-298
KCNMB4	0.017693915	0.023179928	-0.023179928	9.23472E-20
KCNN1	0.00346879	0.006175839	-0.006175839	2.14941E-07
KCNN2	-0.019280499	-0.013909759	0.013909759	1.17246E-19
KCNN3	-0.014918119	-0.011404818	0.011404818	1.0172E-17
KCNQ2	0.023208059	0.030929173	-0.030929173	7.58583E-17
KCNQ3	-0.073574675	-0.063893529	0.063893529	4.34339E-50
KCNQ5	-0.157571251	-0.148821354	0.148821354	7.0402E-270
KCNT1	0.005353797	0.012432261	-0.012432261	0.001124177
KCNT2	-0.023250746	-0.015363125	0.015363125	4.70269E-08
KCNV1	-0.003029208	-0.000375869	0.000375869	0.000156265
KCTD1	-0.070098988	-0.061736378	0.061736378	1.22785E-59
KCTD13	-0.006069933	-0.002919006	0.002919006	1.33294E-08
KCTD16	0.021328051	0.031440906	-0.031440906	8.62863E-51
KCTD17	0.034724602	0.03915916	-0.03915916	1.25541E-55
KCTD2	0.020009433	0.023390066	-0.023390066	2.87456E-30
KCTD20	0.00083793	0.003930569	-0.003930569	7.72641E-06
KCTD3	-0.020188918	-0.015464821	0.015464821	2.49443E-20
KCTD8	-0.06037339	-0.051661029	0.051661029	6.85402E-49
KDM1A	-0.006932433	-0.002404964	0.002404964	0.002883212
KDM1B	-0.002133954	0.000486716	-0.000486716	0.000576344
KDM2A	-0.006773507	-0.000575159	0.000575159	3.39409E-09
KDM2B	-0.025922425	-0.021534631	0.021534631	3.63309E-36
KDM3A	-0.008951223	-0.005831271	0.005831271	7.431E-11
KDM3B	-0.009628262	-0.005467985	0.005467985	3.44496E-13
KDM4B	-0.027868259	-0.022615823	0.022615823	1.57381E-33
KDM4C	-0.081037542	-0.072716362	0.072716362	3.39581E-80
KDM5A	-0.065263232	-0.05890672	0.05890672	2.11375E-91
KDM5B	-0.019829078	-0.014916097	0.014916097	1.89251E-14
KDM5C	0.012673268	0.016855927	-0.016855927	7.48829E-11
KDM5D	-5.86152E-05	-3.10311E-05	3.10311E-05	4.08264E-06
KDM6A	-0.016952123	-0.010371019	0.010371019	5.96156E-12
KDM6B	0.006022743	0.00863131	-0.00863131	3.58868E-09
KDM7A	-0.004530524	-0.000705818	0.000705818	2.9665E-09
KDSR	0.00746696	0.01068127	-0.01068127	2.84006E-09
KHDC1	0.001882511	0.004545952	-0.004545952	0.001094521
KHDC4	-0.001547336	0.001194658	-0.001194658	1.74292E-07
KHDRBS1	-0.020843096	-0.015990224	0.015990224	4.95464E-19
KHDRBS2	-0.108133944	-0.098948218	0.098948218	6.8168E-121
KHDRBS3	-0.062422481	-0.052075258	0.052075258	3.89623E-35
KHSRP	0.000857395	0.003826417	-0.003826417	1.63176E-05
KIAA0100	-0.003700576	-0.001086505	0.001086505	4.4065E-06
KIAA0232	-0.045456042	-0.038435248	0.038435248	8.48798E-40
KIAA0319	-0.03540954	-0.02894555	0.02894555	3.68334E-28
KIAA0319L	-0.031548953	-0.026341675	0.026341675	1.07501E-32
KIAA0408	0.103432094	0.10637287	-0.10637287	0
KIAA0513	-0.009369201	-0.004371059	0.004371059	0.000612163
KIAA0586	-0.004964033	-0.000156006	0.000156006	0.006287968
KIAA0753	-0.035016529	-0.031128031	0.031128031	2.09334E-72
KIAA0825	-0.109536003	-0.101271019	0.101271019	7.6367E-149
KIAA0895	0.006368696	0.009541008	-0.009541008	0.000260289
KIAA0895L	0.004668076	0.007680963	-0.007680963	9.7894E-05
KIAA0930	0.039059988	0.047276804	-0.047276804	3.16387E-62
KIAA1109	-0.055773978	-0.047115766	0.047115766	1.41149E-42
KIAA1191	0.011859964	0.0148996	-0.0148996	1.38841E-13
KIAA1217	-0.132924195	-0.12236272	0.12236272	1.4637E-141
KIAA1328	-0.071127717	-0.064157364	0.064157364	3.80618E-89
KIAA1549	-0.036528256	-0.031245467	0.031245467	5.04703E-42
KIAA1549L	-0.09309352	-0.083753268	0.083753268	2.07045E-84
KIAA1586	0.003740828	0.006283898	-0.006283898	0.012177973
KIAA1671	-0.042255275	-0.03734558	0.03734558	3.03503E-65
KIAA1958	0.020423539	0.025712461	-0.025712461	2.72365E-27
KIAA2026	-0.025758314	-0.019290657	0.019290657	4.09134E-21
KIDINS220	-0.029773645	-0.022314023	0.022314023	1.04974E-28
KIF13A	0.032183249	0.038914102	-0.038914102	1.08643E-28
KIF13B	0.007792539	0.011625807	-0.011625807	2.26274E-11
KIF16B	-0.042971488	-0.037059853	0.037059853	3.18942E-48
KIF1A	0.084953044	0.092564105	-0.092564105	1.5265E-109
KIF1B	-0.052751027	-0.043570985	0.043570985	1.71938E-30
KIF21A	-0.053928873	-0.046315427	0.046315427	9.71131E-46
KIF21B	0.005480251	0.008541648	-0.008541648	6.10057E-10
KIF26B	-0.02170482	-0.015963098	0.015963098	2.99067E-14
KIF27	-0.00952728	-0.006359062	0.006359062	2.11611E-16
KIF2A	0.002923696	0.007905127	-0.007905127	1.24911E-05
KIF3A	-0.064906616	-0.057475456	0.057475456	3.3992E-69
KIF3B	-0.009279896	-0.005619172	0.005619172	1.57259E-06
KIF3C	0.021707209	0.027550072	-0.027550072	3.00474E-20
KIF5A	0.065527473	0.071993515	-0.071993515	1.04056E-93
KIF5B	0.008488577	0.012781483	-0.012781483	1.26861E-11
KIF5C	-0.065574482	-0.056693832	0.056693832	3.92964E-47
KIFAP3	-0.03007505	-0.022229184	0.022229184	3.90356E-25
KIFC2	0.155357015	0.163348203	-0.163348203	0
KIFC3	0.000809601	0.004032086	-0.004032086	1.19464E-12
KIRREL3	-0.17425442	-0.163917396	0.163917396	9.2666E-237
KIT	0.010323124	0.013538094	-0.013538094	4.58669E-11
KITLG	-0.002045002	0.00211864	-0.00211864	0.00114288
KIZ	-0.011142623	-0.005494795	0.005494795	2.1282E-08
KLC1	0.148364782	0.154892876	-0.154892876	0
KLC2	0.028871148	0.033397082	-0.033397082	2.16369E-34
KLC4	0.003484203	0.006103593	-0.006103593	2.41986E-09
KLF12	-0.068268573	-0.060672913	0.060672913	4.15844E-77
KLF13	-0.011826466	-0.008023649	0.008023649	8.29291E-15
KLF6	0.006403997	0.009140531	-0.009140531	2.90821E-13
KLF7	-0.00449374	-0.000164106	0.000164106	6.37784E-07
KLF9	-0.006396507	-0.002232366	0.002232366	2.42201E-17
KLHDC1	-0.006105311	-0.002140226	0.002140226	2.82649E-10
KLHDC10	-0.021140246	-0.015544761	0.015544761	7.35009E-15
KLHDC2	-0.000189891	0.003222521	-0.003222521	4.36411E-07
KLHDC3	0.028302901	0.033083099	-0.033083099	1.17616E-35
KLHDC4	-0.022834467	-0.01962613	0.01962613	1.15597E-57
KLHL12	0.007628894	0.010233205	-0.010233205	1.63307E-10
KLHL13	-0.000799106	0.001946916	-0.001946916	0.468263638
KLHL18	-0.010132328	-0.006896216	0.006896216	1.47269E-11
KLHL2	-0.05981139	-0.053126876	0.053126876	3.76952E-70
KLHL20	-0.014974527	-0.011552388	0.011552388	1.21128E-21
KLHL21	0.019395587	0.022065718	-0.022065718	9.87414E-46
KLHL22	-0.000664902	0.003369665	-0.003369665	1.71965E-11
KLHL23	-0.006278056	-0.001822536	0.001822536	2.28095E-06
KLHL24	-0.021317856	-0.014856103	0.014856103	4.76294E-16
KLHL28	-0.000806611	0.002776538	-0.002776538	2.76855E-13
KLHL29	-0.041923699	-0.034589451	0.034589451	2.58126E-35
KLHL3	0.004027408	0.009395675	-0.009395675	4.28537E-07
KLHL32	-0.014331924	-0.006943696	0.006943696	2.79436E-06
KLHL36	-0.014535718	-0.011400079	0.011400079	1.83312E-26
KLHL4	-0.00262135	0.001675063	-0.001675063	4.93017E-09
KLHL42	-0.007405504	-0.002991367	0.002991367	0.000233615
KLHL5	-0.012908811	-0.008348658	0.008348658	9.30131E-08
KLHL7	0.00228096	0.007498272	-0.007498272	0.016062029
KLHL8	-0.003397674	-0.000150872	0.000150872	0.008500507
KLHL9	-0.003936018	-0.000402308	0.000402308	0.000148129
KLRD1	-0.002913861	-0.000131921	0.000131921	0.103679525
KMT2A	-0.112193834	-0.10356756	0.10356756	1.3961E-143
KMT2B	0.001998585	0.004729775	-0.004729775	0.000172953
KMT2C	-0.07304071	-0.064720117	0.064720117	2.30133E-66
KMT2D	0.015446786	0.01813582	-0.01813582	1.59055E-31
KMT2E	-0.045593932	-0.037425776	0.037425776	3.94149E-31
KMT5B	-0.021676227	-0.016635903	0.016635903	3.76761E-17
KNDC1	-0.000182727	0.005875112	-0.005875112	0.000412278
KPNA1	-0.013852254	-0.009057874	0.009057874	7.15156E-13
KPNA3	0.002006609	0.006777666	-0.006777666	2.09316E-05
KPNA4	-0.001505009	0.002721238	-0.002721238	4.3438E-08
KPNA5	0.004919323	0.01021744	-0.01021744	4.84445E-14
KPNA6	-0.000752292	0.003334158	-0.003334158	0.831165224
KPNB1	0.007937562	0.012283208	-0.012283208	5.38127E-05
KRAS	0.00114118	0.004854382	-0.004854382	2.79496E-05
KRBOX4	0.002697268	0.005491178	-0.005491178	0.007990971
KRIT1	-0.020341146	-0.01554511	0.01554511	3.72006E-16
KRR1	0.003297999	0.006476391	-0.006476391	1.29357E-08
KSR1	0.01191553	0.015209607	-0.015209607	1.55881E-18
KSR2	-0.124472669	-0.11515499	0.11515499	5.4953E-150
KTN1	-0.01083944	-0.003934059	0.003934059	7.24082E-15
KYAT1	-0.031960271	-0.027482976	0.027482976	2.45428E-45
KYAT3	-0.004957868	-0.002370728	0.002370728	1.347E-07
L1CAM	0.010712641	0.01382281	-0.01382281	4.78741E-16
L2HGDH	-0.03980345	-0.035003955	0.035003955	7.81458E-60
L3MBTL3	-0.000755873	0.002103662	-0.002103662	0.006077721
L3MBTL4	-0.044065101	-0.037194724	0.037194724	4.41938E-39
LAMA2	-0.004731693	0.001162821	-0.001162821	0.161653255
LAMA5	0.007061914	0.009496749	-0.009496749	4.35163E-11
LAMB1	-0.02569019	-0.022299364	0.022299364	1.51204E-52
LAMC1	-0.001492266	0.002377973	-0.002377973	1.87736E-05
LAMP1	0.019157623	0.023000799	-0.023000799	3.03035E-24
LAMP2	0.030693678	0.034687438	-0.034687438	1.24776E-68
LAMTOR4	0.027018647	0.030695931	-0.030695931	8.21532E-57
LANCL1	0.014613362	0.020408819	-0.020408819	2.47953E-11
LANCL2	-0.012483546	-0.008509717	0.008509717	2.30551E-09
LAPTM4B	-0.004864965	-0.002186309	0.002186309	0.000225795
LARGE1	-0.063869824	-0.05426405	0.05426405	1.59209E-47
LARP1	0.002518883	0.008920102	-0.008920102	4.09391E-05
LARP1B	-0.073906503	-0.067089519	0.067089519	1.8807E-100
LARP4	-0.003298655	0.000960631	-0.000960631	2.22998E-07
LARP4B	-0.016929203	-0.01116618	0.01116618	1.20646E-08
LARS2	-0.013421514	-0.009696451	0.009696451	8.12979E-13
LAS1L	0.000921231	0.003866686	-0.003866686	2.28852E-06
LASP1	0.006862854	0.01041688	-0.01041688	3.2222E-17
LATS1	-0.016355534	-0.011735156	0.011735156	3.65132E-17
LCA5	-0.005797987	-0.002669818	0.002669818	2.79895E-05
LCLAT1	-0.02861774	-0.02401375	0.02401375	1.32154E-34
LCMT1	-0.018268421	-0.014119953	0.014119953	2.76978E-21
LCNL1	0.023608515	0.026664452	-0.026664452	2.02746E-61
LCOR	-0.021208581	-0.013448549	0.013448549	4.79233E-11
LCORL	0.006157387	0.012131269	-0.012131269	0.000104123
LDAH	-0.027200231	-0.023188813	0.023188813	4.50243E-41
LDB2	-0.124729883	-0.114192178	0.114192178	7.1687E-117
LDHB	0.024545304	0.028662852	-0.028662852	6.03567E-31
LDLRAD3	0.005413071	0.009159675	-0.009159675	2.29933E-11
LDLRAD4	-0.108685706	-0.099674261	0.099674261	6.822E-123
LEMD2	0.000728293	0.003687128	-0.003687128	3.0821E-06
LEMD3	-0.008033613	-0.003403612	0.003403612	1.22193E-09
LENG8	0.110487621	0.117082345	-0.117082345	2.9994E-275
LEPR	-0.014464581	-0.011175787	0.011175787	7.97506E-18
LEPROTL1	0.001683991	0.004730074	-0.004730074	0.505246343
LETM1	0.01178005	0.01509679	-0.01509679	1.73899E-15
LETMD1	-0.015136472	-0.01211645	0.01211645	6.00917E-31
LGALS8	0.014091166	0.017374713	-0.017374713	4.09463E-17
LGI1	-0.048276169	-0.042535984	0.042535984	4.96519E-62
LGI3	0.011051401	0.014566877	-0.014566877	3.48862E-09
LGI4	0.015732855	0.021151577	-0.021151577	8.02821E-22
LGMN	0.00175862	0.004695972	-0.004695972	0.087828496
LGR4	-0.001146164	0.002516396	-0.002516396	9.27943E-05
LHFPL2	-0.010590479	-0.006819606	0.006819606	5.5689E-11
LHFPL3	0.021659709	0.027325061	-0.027325061	7.6051E-13
LHFPL4	-0.015949094	-0.010409015	0.010409015	1.78757E-10
LHFPL6	0.029555933	0.036522997	-0.036522997	1.0549E-47
LHPP	-0.030475671	-0.026326046	0.026326046	1.0453E-55
LHX2	-0.008321835	-0.005287128	0.005287128	7.132E-13
LIFR	0.03130811	0.035806943	-0.035806943	5.08876E-46
LIMA1	-0.004242102	-0.001156949	0.001156949	9.15175E-08
LIMCH1	-0.045792447	-0.036421954	0.036421954	3.03562E-27
LIMK1	-0.000760206	0.002722376	-0.002722376	1.72876E-06
LIMS1	-0.000545995	0.003498551	-0.003498551	0.001954438
LIN52	-0.011809456	-0.007560089	0.007560089	2.19658E-10
LIN54	-0.006898516	-0.003728718	0.003728718	5.58617E-11
LIN7A	-0.020621642	-0.013966252	0.013966252	1.64693E-17
LIN7C	0.012379768	0.016355556	-0.016355556	1.27189E-18
LINGO1	-0.110711473	-0.101711027	0.101711027	9.5391E-224
LINGO2	-0.078836454	-0.068063194	0.068063194	1.54952E-75
LINS1	-0.003437989	-0.000878573	0.000878573	0.00439875
LIPA	-0.014985473	-0.009813115	0.009813115	2.0295E-12
LMAN1	0.019276766	0.022544257	-0.022544257	1.32709E-34
LMAN2L	-0.001039462	0.001598018	-0.001598018	0.084306697
LMBR1	-0.038012029	-0.03198673	0.03198673	1.75505E-39
LMBR1L	0.001684426	0.005305947	-0.005305947	7.27301E-11
LMBRD1	-0.020328576	-0.014070263	0.014070263	6.55425E-15
LMBRD2	-0.036515122	-0.030486022	0.030486022	6.72711E-44
LMF1	-0.046314813	-0.04212231	0.04212231	2.8694E-112
LMF2	0.010697078	0.013430913	-0.013430913	3.03799E-20
LMLN	-0.010480906	-0.007619456	0.007619456	8.08636E-15
LMNA	0.00942452	0.01230509	-0.01230509	1.20238E-13
LMO3	0.0418729	0.050264522	-0.050264522	2.05838E-74
LMO4	0.010287906	0.0176577	-0.0176577	6.21933E-35
LMO7	-0.044108573	-0.03726319	0.03726319	1.42766E-36
LMTK2	-0.042366109	-0.035794117	0.035794117	1.09931E-39
LMTK3	0.000254134	0.006435917	-0.006435917	6.63535E-14
LNPEP	0.003433692	0.009138066	-0.009138066	6.42422E-14
LNPK	-0.030119897	-0.025733214	0.025733214	1.67359E-48
LNX1	-0.0477036	-0.040788486	0.040788486	4.3648E-48
LONP1	0.012199109	0.01504952	-0.01504952	4.28309E-18
LONP2	-0.057156708	-0.050427491	0.050427491	2.13427E-62
LONRF1	-0.015793087	-0.011567599	0.011567599	1.87223E-15
LONRF2	-0.013773273	-0.006682871	0.006682871	2.35856E-06
LPCAT1	0.005693337	0.009127026	-0.009127026	7.18534E-12
LPCAT4	0.000367551	0.005738215	-0.005738215	1.08901E-22
LPGAT1	-0.002516563	0.002875024	-0.002875024	1.78981E-06
LPIN1	-0.001420569	0.003022097	-0.003022097	1.25385E-09
LPIN2	-0.001207468	0.002967427	-0.002967427	0.17080243
LPP	0.019995968	0.026316648	-0.026316648	3.61698E-10
LRBA	-0.086193884	-0.077661972	0.077661972	3.34338E-86
LRCH1	-0.018450698	-0.012492311	0.012492311	1.98314E-10
LRCH2	-0.012473452	-0.008442543	0.008442543	2.88021E-12
LRCH3	-0.019753889	-0.014338054	0.014338054	5.8874E-18
LRCH4	0.018032888	0.02127809	-0.02127809	2.61253E-44
LRFN2	-0.073001245	-0.06631669	0.06631669	2.7809E-103
LRFN4	0.057149811	0.061541218	-0.061541218	9.5575E-146
LRFN5	-0.142066214	-0.132794717	0.132794717	5.2365E-196
LRIG1	0.013970586	0.016954772	-0.016954772	1.02465E-20
LRIG2	0.001814338	0.005051184	-0.005051184	0.000849071
LRMDA	0.023304242	0.027631077	-0.027631077	3.71253E-28
LRP1	0.026089127	0.031059802	-0.031059802	2.86847E-25
LRP11	0.018842845	0.022091365	-0.022091365	1.33974E-48
LRP12	-0.038596916	-0.033417729	0.033417729	3.14352E-51
LRP1B	0.112218206	0.121232305	-0.121232305	5.835E-148
LRP2BP	-0.003980009	-0.000730669	0.000730669	1.264E-07
LRP3	-0.006590531	-0.002462041	0.002462041	1.40705E-18
LRP4	-0.014080908	-0.010959028	0.010959028	1.46405E-37
LRP6	-0.014022411	-0.009536995	0.009536995	6.28597E-12
LRP8	-0.01315262	-0.009590819	0.009590819	3.64587E-13
LRPAP1	0.000882535	0.003749398	-0.003749398	0.155725417
LRPPRC	0.001364776	0.006879304	-0.006879304	5.04889E-07
LRRC1	0.005708771	0.008438757	-0.008438757	6.41812E-08
LRRC23	0.003846373	0.006575055	-0.006575055	1.6448E-11
LRRC28	-0.05457388	-0.047506791	0.047506791	1.36543E-52
LRRC37A2	-0.091480442	-0.087043589	0.087043589	0
LRRC37A3	-0.221221856	-0.214482762	0.214482762	0
LRRC37B	-0.052319808	-0.046488884	0.046488884	9.8626E-71
LRRC3B	0.030486994	0.034057987	-0.034057987	2.38891E-61
LRRC4	0.011101084	0.014200481	-0.014200481	6.09741E-14
LRRC40	-0.012699261	-0.008938985	0.008938985	8.571E-17
LRRC41	0.00524012	0.008559906	-0.008559906	0.005012805
LRRC49	-0.027503188	-0.021968118	0.021968118	1.29438E-24
LRRC4B	0.026351813	0.031778706	-0.031778706	2.54839E-28
LRRC4C	0.104927892	0.115670582	-0.115670582	4.3737E-159
LRRC58	0.008752195	0.011781279	-0.011781279	5.56702E-11
LRRC7	-0.030875797	-0.023873548	0.023873548	1.15083E-67
LRRC8A	-0.007036446	-0.0040109	0.0040109	8.96743E-09
LRRC8B	-0.049757578	-0.042561757	0.042561757	1.93266E-44
LRRFIP1	-0.086907844	-0.079129297	0.079129297	1.1859E-106
LRRFIP2	-0.003935407	0.003182599	-0.003182599	2.97065E-08
LRRIQ1	-0.008960461	-0.005636848	0.005636848	5.54428E-08
LRRK1	-0.026156406	-0.021156132	0.021156132	1.04527E-30
LRRK2	-0.019379686	-0.014346541	0.014346541	4.62778E-24
LRRN1	-0.000311641	0.004270829	-0.004270829	0.00166373
LRRN2	-0.028575408	-0.023625331	0.023625331	6.46237E-29
LRRN3	0.03591904	0.040040776	-0.040040776	1.63629E-67
LRRTM2	0.016598684	0.020268965	-0.020268965	7.96138E-20
LRRTM3	-0.013757687	-0.003772016	0.003772016	1.87014E-34
LRRTM4	-0.166771015	-0.157701182	0.157701182	2.560234437e-315
LRSAM1	-0.004777794	-0.000737252	0.000737252	3.0363E-08
LRTM1	0.016214293	0.01899977	-0.01899977	5.78455E-30
LSAMP	0.092870548	0.099542388	-0.099542388	2.5291E-193
LSM12	0.005688807	0.008557574	-0.008557574	1.53994E-06
LSM14A	-0.012200367	-0.007285934	0.007285934	2.09343E-11
LSM6	0.000196107	0.002772387	-0.002772387	0.002393221
LSS	0.036237533	0.039734731	-0.039734731	7.9623E-101
LTA4H	0.008941228	0.011693007	-0.011693007	2.56584E-15
LTBP1	-0.006308394	-0.003400497	0.003400497	5.97968E-17
LTBP3	0.037394774	0.042202498	-0.042202498	5.48637E-63
LTBP4	0.012043093	0.014756046	-0.014756046	4.89561E-18
LTN1	-0.000770975	0.003129578	-0.003129578	0.000503503
LUC7L	-0.024023521	-0.01815727	0.01815727	2.4112E-23
LUC7L2	0.129648629	0.133213723	-0.133213723	0
LUC7L3	-0.04236749	-0.033941858	0.033941858	3.73814E-35
LURAP1L	4.99838E-05	0.002671931	-0.002671931	0.131914838
LUZP1	-0.040428188	-0.035068164	0.035068164	1.53998E-49
LUZP2	0.045493551	0.051720651	-0.051720651	2.94741E-46
LY6E	0.035573256	0.039520186	-0.039520186	6.65287E-68
LY6H	0.077268876	0.084119341	-0.084119341	1.5941E-119
LYPD6	0.009067077	0.011730209	-0.011730209	9.7834E-11
LYPD6B	-0.008104631	-0.004691462	0.004691462	6.98388E-07
LYPLA1	-0.004235653	-0.001079831	0.001079831	0.000158788
LYPLAL1	-0.016887331	-0.01292552	0.01292552	3.36084E-22
LYRM2	0.003729102	0.00656409	-0.00656409	0.001701258
LYRM4	-0.026783944	-0.021699934	0.021699934	6.46099E-26
LYRM7	0.000636987	0.003329782	-0.003329782	1.26052E-08
LYSMD2	0.001562222	0.004410894	-0.004410894	0.020441364
LYST	-0.051441305	-0.044050372	0.044050372	1.8097E-41
LZTFL1	-0.005273808	-0.002216306	0.002216306	1.29477E-11
LZTR1	0.012766614	0.015524096	-0.015524096	2.47556E-20
LZTS1	-0.02079863	-0.016904215	0.016904215	8.62079E-31
LZTS3	0.021468364	0.02592054	-0.02592054	4.02868E-24
M6PR	0.003238127	0.006126271	-0.006126271	1.16696E-07
MACF1	-0.026318862	-0.017087342	0.017087342	6.00948E-15
MACO1	-0.014019558	-0.008261522	0.008261522	3.66066E-10
MACROD1	0.01475138	0.017967103	-0.017967103	7.18301E-27
MACROD2	-0.06033972	-0.051846978	0.051846978	4.16161E-66
MAD1L1	-0.009566334	-0.005933283	0.005933283	1.5532E-08
MADD	0.032997782	0.037911587	-0.037911587	4.79523E-48
MAEA	-0.023984481	-0.02077301	0.02077301	3.16045E-54
MAF	0.042247931	0.046740068	-0.046740068	8.79894E-76
MAF1	0.023316913	0.026140982	-0.026140982	1.02768E-59
MAGED1	-0.016994262	-0.01109706	0.01109706	8.68106E-08
MAGI1	-0.108061624	-0.098661609	0.098661609	1.3121E-112
MAGI2	-0.061787505	-0.056437516	0.056437516	3.4102E-113
MAGI3	-0.117099144	-0.108640951	0.108640951	3.9477E-162
MAIP1	0.002528678	0.005536439	-0.005536439	0.106612011
MAL2	-0.039614556	-0.035538816	0.035538816	2.5275E-85
MALT1	-0.007776289	-0.003957073	0.003957073	5.50505E-06
MAMDC2	-0.084221639	-0.079506238	0.079506238	1.0704E-290
MAML1	-0.007871983	-0.00460678	0.00460678	2.49566E-09
MAML2	0.050530315	0.05565429	-0.05565429	5.37075E-81
MAML3	-0.023629914	-0.018413551	0.018413551	1.6296E-25
MAMLD1	-0.03624894	-0.031676449	0.031676449	1.03524E-56
MAN1A1	-0.030459767	-0.024158006	0.024158006	2.03714E-24
MAN1A2	-0.099472705	-0.090956989	0.090956989	5.179E-115
MAN1B1	0.022528819	0.02597699	-0.02597699	1.78961E-49
MAN1C1	-0.032827876	-0.026596753	0.026596753	4.13737E-27
MAN2A1	-0.00101545	0.006742661	-0.006742661	4.8189E-08
MAN2C1	0.032686839	0.037322415	-0.037322415	3.10489E-60
MANBA	-0.035183165	-0.03087351	0.03087351	7.7614E-61
MAOB	-0.003406877	0.000815168	-0.000815168	2.57091E-09
MAP1A	0.044687146	0.051396154	-0.051396154	6.99339E-62
MAP1B	-0.000566727	0.008673815	-0.008673815	9.44408E-29
MAP1LC3A	-0.022134997	-0.017099631	0.017099631	8.82273E-35
MAP1LC3B	0.005853973	0.009911196	-0.009911196	0.000779282
MAP1S	0.017365947	0.020623247	-0.020623247	2.62662E-25
MAP2	-0.031739236	-0.024467512	0.024467512	2.49697E-46
MAP2K1	-0.009749829	-0.004501114	0.004501114	4.36838E-09
MAP2K2	0.037891081	0.042682921	-0.042682921	9.81989E-53
MAP2K4	-0.007375974	0.000865661	-0.000865661	2.5018E-07
MAP2K5	-0.035366511	-0.027609574	0.027609574	8.59027E-20
MAP2K6	0.00212272	0.006002783	-0.006002783	0.002492196
MAP2K7	0.027156613	0.031415031	-0.031415031	2.12808E-39
MAP3K1	-0.000337482	0.002474175	-0.002474175	0.118163355
MAP3K10	0.011782609	0.015407527	-0.015407527	4.64053E-13
MAP3K12	0.011089817	0.013966741	-0.013966741	9.18926E-20
MAP3K13	-0.032649092	-0.025912655	0.025912655	1.07867E-20
MAP3K2	-0.018077923	-0.01234427	0.01234427	2.40093E-14
MAP3K20	0.000250396	0.003025503	-0.003025503	2.68106E-05
MAP3K21	-0.008270495	-0.004851603	0.004851603	7.67735E-07
MAP3K3	-0.02585052	-0.021290398	0.021290398	4.77303E-28
MAP3K4	-0.029475375	-0.024052583	0.024052583	2.13153E-27
MAP3K5	-0.025438337	-0.017957978	0.017957978	5.19793E-14
MAP3K7	-0.010586167	-0.005490838	0.005490838	2.03159E-12
MAP3K9	-0.005298502	-0.000844774	0.000844774	0.001868473
MAP4	0.025345564	0.031730209	-0.031730209	2.48849E-20
MAP4K3	-0.057876351	-0.049641495	0.049641495	6.88161E-45
MAP4K4	-0.004390431	0.003213264	-0.003213264	5.14194E-12
MAP4K5	0.020749948	0.027464046	-0.027464046	7.69233E-31
MAP6	-0.01846795	-0.012948655	0.012948655	5.25719E-15
MAP7	0.053051828	0.062472817	-0.062472817	7.24265E-48
MAP7D1	0.023952528	0.027714867	-0.027714867	9.41187E-37
MAP7D2	-0.005682749	-0.000318181	0.000318181	2.21136E-09
MAP9	-0.005285469	-0.000617209	0.000617209	9.28351E-14
MAPK1	-0.005971773	0.00181504	-0.00181504	2.72036E-10
MAPK10	-0.105055182	-0.098513409	0.098513409	9.0201E-222
MAPK11	0.018779874	0.02498835	-0.02498835	1.18225E-57
MAPK12	0.020806438	0.024111473	-0.024111473	1.3127E-41
MAPK14	-0.053151161	-0.046948387	0.046948387	1.64763E-63
MAPK1IP1L	-0.009119747	-0.005456711	0.005456711	4.35937E-08
MAPK3	0.042283214	0.046135592	-0.046135592	3.8278E-101
MAPK4	-0.068081876	-0.062501165	0.062501165	9.6384E-129
MAPK6	-0.004520766	-0.000379043	0.000379043	0.002085652
MAPK8	-0.07836226	-0.070180252	0.070180252	1.16845E-77
MAPK8IP1	0.067717675	0.072720072	-0.072720072	4.6883E-166
MAPK8IP2	0.111459651	0.117310017	-0.117310017	0
MAPK8IP3	0.030301342	0.037833862	-0.037833862	2.54436E-41
MAPK9	-0.021131524	-0.01605086	0.01605086	6.19533E-20
MAPKAP1	-0.025882518	-0.020333632	0.020333632	1.13632E-19
MAPKAPK5	-0.003852598	-0.000583234	0.000583234	0.00283456
MAPKBP1	0.019682205	0.025602747	-0.025602747	5.86804E-21
MAPRE2	0.006434914	0.014480979	-0.014480979	5.56849E-14
MAPRE3	0.068133798	0.074294942	-0.074294942	1.9767E-109
MAPT	-0.106896176	-0.098300226	0.098300226	2.3048E-130
MARCKS	0.035703804	0.040613628	-0.040613628	9.67453E-52
MARCKSL1	0.011071834	0.014094814	-0.014094814	3.95538E-12
MARF1	0.004212259	0.008379144	-0.008379144	1.22592E-20
MARK1	-0.078381798	-0.070688187	0.070688187	2.30221E-88
MARK2	0.030829016	0.035917634	-0.035917634	5.6593E-37
MARK3	-0.025275295	-0.01786631	0.01786631	1.48897E-13
MARK4	-0.025565236	-0.021253945	0.021253945	6.56265E-38
MAST1	0.048448827	0.054952462	-0.054952462	6.55989E-47
MAST2	-0.011700447	-0.007337492	0.007337492	4.85656E-08
MAST3	0.037289475	0.044086288	-0.044086288	3.60054E-59
MAST4	-0.099020754	-0.089413762	0.089413762	3.34362E-90
MAT2A	0.043676773	0.047728829	-0.047728829	5.498E-108
MATK	0.036168388	0.040146659	-0.040146659	2.04386E-76
MAU2	-0.010948407	-0.007728683	0.007728683	1.63456E-14
MAVS	-0.011675326	-0.008535143	0.008535143	1.42406E-19
MAX	-0.002940566	0.000928837	-0.000928837	6.949E-06
MAZ	0.033347166	0.03776239	-0.03776239	1.32787E-59
MB21D2	0.012993709	0.017063559	-0.017063559	3.12699E-11
MBD2	-0.012336601	-0.008711436	0.008711436	4.61213E-16
MBD3	0.028518094	0.032069177	-0.032069177	4.74663E-63
MBD4	-0.017202145	-0.01409268	0.01409268	2.00987E-33
MBD5	-0.164732197	-0.155769207	0.155769207	4.3011E-288
MBIP	0.002380681	0.004931189	-0.004931189	0.000157476
MBNL1	-0.0369031	-0.027673784	0.027673784	1.04649E-17
MBNL2	-0.064529259	-0.055290854	0.055290854	1.35562E-50
MBOAT2	-0.040649931	-0.034220884	0.034220884	2.16984E-34
MBOAT7	0.03579394	0.04063652	-0.04063652	1.48353E-56
MBP	0.037360342	0.043971518	-0.043971518	2.07199E-74
MBTD1	-0.025203141	-0.020379979	0.020379979	5.36832E-26
MBTPS1	-0.022843703	-0.01786132	0.01786132	3.964E-19
MCC	0.00700218	0.01113561	-0.01113561	0.00381571
MCCC1	-0.019515885	-0.014658609	0.014658609	1.52469E-18
MCCC2	-0.01600131	-0.012986794	0.012986794	3.90188E-32
MCF2	0.003431464	0.006325771	-0.006325771	1.06997E-05
MCF2L	3.18835E-05	0.005885609	-0.005885609	0.003088698
MCF2L2	-0.091319252	-0.082983794	0.082983794	6.819E-102
MCHR2	-0.088571844	-0.08400509	0.08400509	0
MCM3AP	-0.012541333	-0.009633698	0.009633698	6.27606E-19
MCPH1	-0.016842971	-0.010531175	0.010531175	4.75192E-07
MCRIP1	0.029760803	0.033837795	-0.033837795	6.99283E-55
MCRIP2	0.024076218	0.026963659	-0.026963659	9.3298E-61
MCTP1	-0.005509645	0.004589	-0.004589	1.13277E-14
MCTS1	-0.00336076	-0.000666554	0.000666554	2.91323E-06
MCU	-0.010342696	-0.005669131	0.005669131	1.94542E-06
MDGA2	-0.08054058	-0.072675648	0.072675648	1.3157E-102
MDH1	0.013303567	0.018158281	-0.018158281	2.5346E-07
MDM2	0.002987362	0.006735266	-0.006735266	7.59347E-08
MDM4	-0.009528832	-0.003702945	0.003702945	5.83092E-13
MDN1	0.004869604	0.010863791	-0.010863791	6.54635E-07
ME1	-0.0387075	-0.03299331	0.03299331	1.34668E-41
ME2	-0.008680147	-0.004565682	0.004565682	7.04453E-09
ME3	-0.052365379	-0.045230048	0.045230048	2.42729E-48
MEAF6	0.00468667	0.00826221	-0.00826221	3.64977E-12
MECP2	0.02229563	0.027859905	-0.027859905	8.12106E-21
MED12L	-0.122137803	-0.112956858	0.112956858	1.1974E-150
MED13	-0.030545022	-0.024008369	0.024008369	2.45792E-24
MED13L	-0.065193141	-0.05583251	0.05583251	9.7573E-44
MED14	-0.00981166	-0.006703479	0.006703479	3.22676E-11
MED15	0.002447572	0.007249585	-0.007249585	1.12136E-05
MED16	0.015827113	0.018682395	-0.018682395	2.89205E-31
MED21	-0.002076825	0.000616904	-0.000616904	1.36598E-07
MED23	-0.000805721	0.003217226	-0.003217226	0.000106859
MED24	0.013649486	0.016841035	-0.016841035	1.06101E-19
MED25	0.013501833	0.016337952	-0.016337952	1.79265E-24
MED27	-0.022643622	-0.017044944	0.017044944	5.80543E-16
MED28	0.004232047	0.007810399	-0.007810399	2.23877E-05
MED4	-0.022111156	-0.017946917	0.017946917	3.64062E-27
MED6	0.003478271	0.005897502	-0.005897502	6.89227E-05
MED9	0.003668198	0.006795956	-0.006795956	2.89105E-05
MEF2A	-0.014175357	-0.005576385	0.005576385	7.57143E-13
MEF2C	-0.07513627	-0.067362301	0.067362301	6.6999E-100
MEF2D	0.005449267	0.009747092	-0.009747092	0.000115293
MEGF8	0.023718809	0.028050285	-0.028050285	5.27989E-31
MEGF9	-0.005154164	-5.0759E-05	5.0759E-05	7.92765E-15
MEIS2	-0.050396281	-0.043932636	0.043932636	1.97769E-52
MEIS3	-0.036179207	-0.032383769	0.032383769	1.67179E-84
MEMO1	-0.008888315	-0.006322168	0.006322168	4.86233E-13
MEST	-0.012287973	-0.009243462	0.009243462	3.67995E-15
METAP2	-0.006282851	-0.002417637	0.002417637	8.77505E-15
METRN	0.022799608	0.02633237	-0.02633237	7.6915E-49
METTL14	-0.008630447	-0.005765861	0.005765861	3.80106E-12
METTL15	-0.051431292	-0.04531644	0.04531644	1.77526E-64
METTL16	-0.009365371	-0.005866783	0.005866783	3.37835E-12
METTL24	-0.012273464	-0.008953791	0.008953791	1.28883E-12
METTL25	-0.022372524	-0.017558567	0.017558567	6.2751E-22
METTL26	0.034699936	0.039075608	-0.039075608	4.5367E-71
METTL2B	-0.010333806	-0.007480246	0.007480246	1.76685E-17
METTL6	-0.070118446	-0.065227609	0.065227609	6.5839E-180
METTL8	-0.011222697	-0.008129183	0.008129183	3.50928E-14
METTL9	-0.011313547	-0.007462618	0.007462618	4.28535E-12
MFAP3	-0.013723021	-0.010006152	0.010006152	1.5861E-13
MFAP3L	0.009226268	0.012574364	-0.012574364	3.17957E-13
MFF	-0.012150502	-0.007566297	0.007566297	9.56505E-14
MFHAS1	-0.003248955	0.001069906	-0.001069906	0.000152428
MFN1	-0.003643241	0.000596681	-0.000596681	2.2546E-09
MFN2	0.005312055	0.008280918	-0.008280918	7.54299E-05
MFSD1	-0.006006276	-0.00270014	0.00270014	1.80773E-09
MFSD10	0.02343907	0.026259821	-0.026259821	4.38465E-58
MFSD11	-0.011360608	-0.007325495	0.007325495	1.25302E-10
MFSD12	0.014941401	0.018034961	-0.018034961	2.63995E-20
MFSD14B	-0.001446701	0.001807312	-0.001807312	0.001290403
MFSD14C	-0.038360382	-0.032853427	0.032853427	3.50625E-43
MFSD4A	-0.011864036	-0.008261461	0.008261461	2.4805E-14
MFSD6	-0.023874429	-0.018393011	0.018393011	1.08225E-19
MFSD8	-0.006736379	-0.003949368	0.003949368	1.52399E-10
MGA	-0.020453299	-0.014746151	0.014746151	1.72054E-14
MGAT1	0.016794614	0.019770305	-0.019770305	1.58973E-29
MGAT3	-0.016620115	-0.011773459	0.011773459	1.44503E-12
MGAT4A	0.003589759	0.008775864	-0.008775864	6.73223E-07
MGAT4C	-0.049553317	-0.039454471	0.039454471	6.09038E-28
MGAT5	-0.010675094	-0.003452252	0.003452252	0.001064631
MGAT5B	-0.030601716	-0.025153172	0.025153172	3.90731E-33
MGLL	0.025603481	0.029777257	-0.029777257	1.32301E-34
MGMT	-0.018499998	-0.014935099	0.014935099	1.57434E-25
MGRN1	0.001916198	0.006174453	-0.006174453	1.03447E-05
MGST1	-0.003399221	-0.000487868	0.000487868	0.009444159
MGST2	-0.008890287	-0.005763848	0.005763848	1.03062E-08
MGST3	-0.027776612	-0.022284974	0.022284974	2.4831E-30
MIA2	-0.007169993	-0.002567964	0.002567964	1.8551E-09
MIA3	-0.039259544	-0.034312504	0.034312504	1.30387E-55
MIB1	-0.008920106	-0.002295188	0.002295188	1.76432E-11
MIB2	-0.007981205	-0.002277215	0.002277215	1.276E-22
MICAL1	0.015663606	0.01846164	-0.01846164	1.73042E-31
MICAL2	-0.10488317	-0.097187906	0.097187906	7.0063E-162
MICAL3	-0.110658157	-0.101651511	0.101651511	3.1975E-129
MICALL2	0.031339178	0.035526656	-0.035526656	6.17623E-71
MICU1	-0.03499047	-0.027209483	0.027209483	9.05379E-20
MICU2	-0.04146643	-0.035691767	0.035691767	1.55093E-46
MICU3	-0.097627008	-0.090070823	0.090070823	1.0469E-142
MID1	-0.006812538	-0.003762591	0.003762591	2.18784E-11
MIER1	-0.021522365	-0.017107314	0.017107314	3.70552E-31
MIGA1	-0.041853512	-0.036228932	0.036228932	1.69626E-49
MIGA2	0.009233896	0.0121662	-0.0121662	2.63588E-11
MINDY2	-0.013553953	-0.008892218	0.008892218	2.16478E-14
MINDY3	-0.035920127	-0.030998072	0.030998072	4.67075E-47
MINK1	-0.002910822	0.00052832	-0.00052832	3.72313E-08
MINPP1	0.000582614	0.003388116	-0.003388116	0.007351081
MIOS	-0.018196876	-0.01477429	0.01477429	8.63237E-32
MIPEP	-0.011832652	-0.007650592	0.007650592	5.869E-13
MIPOL1	-0.062720227	-0.055131922	0.055131922	5.02552E-60
MIS18BP1	-0.021604893	-0.018321196	0.018321196	1.49777E-40
MITF	0.011792421	0.015384884	-0.015384884	3.16117E-10
MKLN1	-0.035089616	-0.025746116	0.025746116	4.40515E-19
MKNK1	-0.011943869	-0.007556304	0.007556304	5.64888E-14
MKRN1	-0.002095764	0.000767676	-0.000767676	0.000414778
MKX	-0.011870148	-0.008689165	0.008689165	1.00741E-17
MLEC	0.006543474	0.009545528	-0.009545528	4.16939E-05
MLF2	0.035664978	0.040364865	-0.040364865	7.3851E-50
MLH1	0.001293227	0.003912963	-0.003912963	3.39203E-06
MLH3	-0.008935716	-0.004609726	0.004609726	1.72226E-05
MLIP	-0.176774304	-0.168998997	0.168998997	0
MLLT1	0.00544037	0.0082208	-0.0082208	0.000374973
MLLT10	-0.085591346	-0.077084195	0.077084195	1.79236E-85
MLLT11	0.012132838	0.015517469	-0.015517469	1.35528E-11
MLLT3	0.007532605	0.01721251	-0.01721251	1.20922E-34
MLLT6	0.023189204	0.027143666	-0.027143666	8.64201E-35
MLST8	0.029927542	0.03332011	-0.03332011	1.77337E-76
MLXIP	-0.017112392	-0.012941072	0.012941072	4.43106E-17
MLXIPL	0.017551664	0.022491782	-0.022491782	2.40763E-18
MMD	0.001466637	0.004234124	-0.004234124	0.000603567
MMP16	-0.049419459	-0.039488994	0.039488994	3.50279E-43
MMP17	0.068201575	0.074320454	-0.074320454	7.587E-130
MMP24	-0.007837086	-0.004132022	0.004132022	2.85825E-07
MMS19	0.003903067	0.0076508	-0.0076508	1.05332E-16
MNAT1	-0.147346485	-0.138296248	0.138296248	6.6907E-228
MOB1A	0.005214609	0.007815667	-0.007815667	3.25779E-09
MOB1B	0.008378542	0.012738959	-0.012738959	1.44303E-06
MOB2	0.008755288	0.012389514	-0.012389514	3.23799E-14
MOB3B	-0.02194433	-0.016749779	0.016749779	3.49402E-19
MOB4	0.02691893	0.02953591	-0.02953591	4.80558E-89
MOCS2	0.005959123	0.008676353	-0.008676353	1.01515E-09
MOK	-0.020304077	-0.015860853	0.015860853	2.12487E-24
MON2	-0.084756434	-0.076670185	0.076670185	6.53325E-93
MORC3	-0.009045256	-0.005062251	0.005062251	1.07045E-11
MORF4L1	0.005575897	0.012191602	-0.012191602	7.56739E-10
MORF4L2	-0.014929096	-0.009219637	0.009219637	2.83923E-10
MORN1	-0.015534185	-0.012202821	0.012202821	1.47735E-29
MORN4	0.001333084	0.004447846	-0.004447846	4.28707E-07
MOSMO	0.006621051	0.013569316	-0.013569316	1.59742E-05
MOXD1	0.005607443	0.008617245	-0.008617245	0.001300063
MPC1	-0.008528061	-0.005367249	0.005367249	2.82262E-07
MPDZ	-0.06408603	-0.055487052	0.055487052	3.46916E-47
MPHOSPH6	0.008605676	0.012043112	-0.012043112	6.23999E-09
MPHOSPH8	-0.148576539	-0.141062423	0.141062423	0
MPHOSPH9	-0.019682978	-0.013786577	0.013786577	2.96313E-15
MPP2	0.009684823	0.013805346	-0.013805346	1.18744E-18
MPP7	-0.024815431	-0.019731338	0.019731338	2.30567E-27
MPPE1	-0.006328841	-0.00348612	0.00348612	5.24219E-09
MPPED1	-0.046579078	-0.040804028	0.040804028	1.05936E-57
MPPED2	-0.057397003	-0.051154355	0.051154355	7.70846E-75
MPRIP	-0.029106771	-0.022023454	0.022023454	1.96612E-21
MPV17	-0.010948941	-0.00830211	0.00830211	4.43336E-20
MPZL1	-0.002303798	0.000892414	-0.000892414	0.000342735
MRAP2	-0.011847804	-0.008670038	0.008670038	1.68304E-12
MRAS	0.003760969	0.007605322	-0.007605322	1.99958E-06
MRE11	-0.003138	3.15111E-05	-3.15111E-05	1.22657E-05
MRFAP1	0.0116688	0.014578876	-0.014578876	1.10147E-15
MRNIP	-2.37742E-05	0.002807492	-0.002807492	0.167168529
MROH1	-0.004453905	0.001808399	-0.001808399	1.17601E-08
MROH8	-0.010370486	-0.0075526	0.0075526	1.44173E-21
MRPL1	0.011464446	0.014735357	-0.014735357	5.82534E-28
MRPL19	-0.010883463	-0.007085894	0.007085894	5.84275E-16
MRPL28	0.024593302	0.027573174	-0.027573174	1.73828E-58
MRPL3	-0.011728787	-0.00871644	0.00871644	1.86849E-19
MRPL33	0.005713879	0.009638476	-0.009638476	9.68702E-05
MRPL41	0.053505071	0.06079021	-0.06079021	4.12236E-78
MRPL42	0.006720279	0.009832755	-0.009832755	1.11865E-06
MRPS21	0.00381652	0.007374349	-0.007374349	0.013596409
MRPS25	-0.035831562	-0.032419634	0.032419634	4.237E-102
MRPS26	0.010497213	0.01342761	-0.01342761	8.77913E-12
MRPS27	8.66721E-05	0.00352253	-0.00352253	0.111116705
MRPS30	-0.002008919	0.000735816	-0.000735816	0.05229023
MRPS31	-0.004561464	-0.001126382	0.001126382	8.9779E-07
MRPS35	-0.007719174	-0.004877469	0.004877469	3.60335E-11
MRPS5	0.008652172	0.012980618	-0.012980618	1.52678E-13
MRPS6	0.016272964	0.020066973	-0.020066973	5.69994E-16
MRPS9	-0.003991936	-0.000749144	0.000749144	0.00030009
MRRF	-0.01020445	-0.007447154	0.007447154	1.6542E-13
MRS2	-0.004405325	-0.00128735	0.00128735	0.004937333
MRTFA	0.123572349	0.126779874	-0.126779874	0
MRTFB	0.225592513	0.230098142	-0.230098142	0
MSANTD2	-0.011128728	-0.008143663	0.008143663	2.66915E-15
MSANTD4	-0.009842283	-0.006391775	0.006391775	1.4218E-15
MSH2	-0.049671518	-0.044119806	0.044119806	5.92787E-69
MSH3	-0.031059913	-0.025431771	0.025431771	7.25663E-28
MSH4	-0.000244869	0.003118265	-0.003118265	0.446472719
MSI2	0.005671538	0.012897647	-0.012897647	2.32543E-14
MSL1	0.001260487	0.005275306	-0.005275306	1.41652E-09
MSL2	0.000669887	0.004640796	-0.004640796	0.001134597
MSMO1	0.011226316	0.014284467	-0.014284467	1.76752E-12
MSRA	-0.053489917	-0.043885677	0.043885677	5.40274E-41
MSRB3	-0.013140488	-0.008934067	0.008934067	8.72875E-11
MT2A	0.132987008	0.137509947	-0.137509947	0
MT3	0.261897418	0.269141846	-0.269141846	0
MTA1	0.005212527	0.008383219	-0.008383219	8.82469E-07
MTA3	-0.043210749	-0.036462871	0.036462871	7.40202E-39
MTCH1	0.039311241	0.04437024	-0.04437024	3.80267E-51
MTCH2	-0.00934307	-0.005797635	0.005797635	2.90505E-11
MTCL1	-0.057673415	-0.051727044	0.051727044	1.282E-80
MTDH	0.005668995	0.011101147	-0.011101147	6.03254E-11
MTERF1	-0.032280705	-0.02742168	0.02742168	2.43785E-40
MTERF4	-0.001694132	0.001343464	-0.001343464	0.000449307
MTF2	-0.036024381	-0.031698447	0.031698447	9.38581E-71
MTFMT	-0.013782189	-0.010659945	0.010659945	1.13155E-21
MTFR1L	0.01374683	0.016644895	-0.016644895	4.94253E-23
MTG2	-0.010944918	-0.008026906	0.008026906	3.31898E-18
MTHFD1	-0.007293087	-0.004474927	0.004474927	4.41917E-07
MTHFD1L	-0.028958221	-0.023448876	0.023448876	2.16874E-27
MTHFD2L	-0.011892188	-0.007448356	0.007448356	1.25681E-07
MTHFR	-0.002768963	0.000498617	-0.000498617	4.09E-08
MTIF3	0.003588565	0.006562489	-0.006562489	7.76927E-08
MTM1	-0.007455199	-0.003504375	0.003504375	1.45884E-05
MTMR1	-0.023818562	-0.01936527	0.01936527	3.75496E-29
MTMR12	-0.001534035	0.003193708	-0.003193708	2.24624E-05
MTMR2	-0.024926723	-0.020477106	0.020477106	3.95172E-33
MTMR3	-0.039285549	-0.034057537	0.034057537	7.29176E-51
MTMR4	-0.004694627	-0.00175709	0.00175709	2.7753E-12
MTMR6	0.001065349	0.005095535	-0.005095535	6.463E-08
MTMR7	-0.035045934	-0.029304765	0.029304765	5.46561E-33
MTMR9	0.001081535	0.004682785	-0.004682785	1.78991E-06
MTOR	-0.02905394	-0.024969987	0.024969987	9.70663E-47
MTPN	0.008184576	0.013177859	-0.013177859	2.00934E-10
MTR	-0.013720812	-0.00854966	0.00854966	4.38193E-12
MTREX	-0.016513002	-0.011468935	0.011468935	5.15568E-13
MTRR	0.002899733	0.00573573	-0.00573573	0.000606172
MTSS1	0.020400386	0.026679617	-0.026679617	9.30517E-10
MTURN	0.025463676	0.031864968	-0.031864968	3.83004E-30
MTUS1	0.023007117	0.026949193	-0.026949193	3.82254E-29
MTUS2	-0.123405911	-0.113977554	0.113977554	3.9924E-154
MTX2	-0.041495191	-0.035421174	0.035421174	2.06675E-44
MTX3	-0.004048044	-0.001157874	0.001157874	1.01979E-11
MVB12B	-0.030730247	-0.025022221	0.025022221	3.2345E-31
MVD	0.019651767	0.024920114	-0.024920114	2.21516E-28
MXD1	0.003057654	0.006979492	-0.006979492	1.41383E-05
MXD4	0.028761833	0.033134023	-0.033134023	7.89376E-43
MXI1	0.003742451	0.009218834	-0.009218834	1.77164E-09
MXRA7	0.00378068	0.006919007	-0.006919007	0.025357466
MYCBP2	-0.093746337	-0.084961338	0.084961338	8.99786E-97
MYEF2	-0.077187827	-0.070334901	0.070334901	9.6043E-116
MYH10	-0.076538219	-0.069005513	0.069005513	4.5539E-88
MYH14	-0.002479884	0.000463153	-0.000463153	8.83304E-10
MYH9	0.006382907	0.00985253	-0.00985253	3.30052E-10
MYL12B	-0.003045481	-0.000291689	0.000291689	0.084352963
MYL6	0.031664823	0.034820982	-0.034820982	1.62017E-94
MYL6B	0.029011803	0.03198409	-0.03198409	3.56634E-84
MYO16	0.025994885	0.03237315	-0.03237315	2.16553E-15
MYO18A	-0.005236762	-0.00205619	0.00205619	2.05768E-21
MYO19	-0.011648377	-0.008960656	0.008960656	2.45501E-18
MYO1B	-0.013113584	-0.009431819	0.009431819	1.41815E-15
MYO1D	-0.065047486	-0.058423205	0.058423205	1.35648E-82
MYO5A	-0.072637431	-0.063492544	0.063492544	2.83004E-59
MYO5C	-0.023251885	-0.020113829	0.020113829	5.15776E-53
MYO6	-0.039756527	-0.033242773	0.033242773	1.11604E-36
MYO9A	-0.042375378	-0.034016173	0.034016173	9.68497E-24
MYO9B	0.004329867	0.009378713	-0.009378713	3.40885E-15
MYOM2	-0.013627237	-0.010546777	0.010546777	2.54783E-19
MYRIP	-0.161701658	-0.15213502	0.15213502	1.3133E-241
MYSM1	-0.026614041	-0.021345686	0.021345686	2.66162E-26
MYT1L	-0.130005483	-0.122515805	0.122515805	2.7913E-253
MZF1	-0.001694465	0.001515222	-0.001515222	0.004958667
MZT2A	-0.00083387	0.002231038	-0.002231038	1.693E-05
MZT2B	0.009495667	0.013225086	-0.013225086	8.52736E-07
N4BP1	-0.00309122	0.002400101	-0.002400101	4.96044E-07
N4BP2	0.004316485	0.008627282	-0.008627282	0.01383539
N4BP2L1	-0.037221692	-0.031696913	0.031696913	1.19662E-43
N4BP2L2	-0.125247878	-0.115855317	0.115855317	9.5644E-151
NAA15	-0.014613679	-0.009839438	0.009839438	1.44433E-12
NAA16	-0.015420503	-0.010269607	0.010269607	6.39798E-11
NAA25	0.001343848	0.005979905	-0.005979905	7.25195E-07
NAA30	0.004337713	0.007282673	-0.007282673	8.63171E-07
NAA35	0.000456339	0.00476687	-0.00476687	1.66092E-09
NAA38	0.014016769	0.01710307	-0.01710307	2.74171E-22
NAA50	0.00882954	0.012946704	-0.012946704	4.50372E-09
NAAA	-8.82343E-05	0.002842151	-0.002842151	0.301458997
NAALAD2	-0.008978473	-0.004001179	0.004001179	6.96995E-10
NAALADL2	-0.067386449	-0.060741129	0.060741129	5.7251E-91
NAB1	-0.028525951	-0.024675813	0.024675813	1.138E-54
NAB2	0.008786733	0.011873577	-0.011873577	8.85066E-10
NACA	0.068190567	0.071495683	-0.071495683	0
NACC1	0.022702706	0.02555869	-0.02555869	7.97638E-54
NADK2	-0.016097384	-0.012770618	0.012770618	2.10461E-27
NADSYN1	-0.015288273	-0.012279839	0.012279839	1.97871E-39
NAE1	0.007291993	0.010803615	-0.010803615	1.02762E-09
NAF1	-0.013142388	-0.009083969	0.009083969	2.07202E-11
NAGK	0.014228395	0.016892361	-0.016892361	1.77823E-32
NAGPA	-0.009853338	-0.00637711	0.00637711	1.47438E-08
NAIP	-0.039732511	-0.035795113	0.035795113	5.7267E-104
NALCN	-0.158793442	-0.149595134	0.149595134	2.6219E-259
NAMPT	0.007151253	0.009985935	-0.009985935	1.51858E-08
NAP1L1	0.009403573	0.017074837	-0.017074837	6.68552E-21
NAP1L2	-0.016342917	-0.011881141	0.011881141	9.85373E-16
NAP1L3	-0.003639591	0.002423604	-0.002423604	2.3376E-09
NAP1L4	0.01238237	0.017586846	-0.017586846	5.50475E-11
NAP1L5	-0.011303163	-0.008626238	0.008626238	6.06978E-16
NAPA	0.030275591	0.035160407	-0.035160407	1.09998E-34
NAPB	0.027465141	0.034096046	-0.034096046	1.07009E-27
NAPEPLD	-0.003956963	0.001088331	-0.001088331	1.0593E-07
NAPG	-0.005124993	-0.001320516	0.001320516	2.20429E-05
NARF	0.019499946	0.023372926	-0.023372926	1.61305E-33
NARS2	-0.001966358	0.001672213	-0.001672213	0.46879581
NASP	0.000446844	0.003836636	-0.003836636	1.54307E-13
NAT10	-0.006116128	-0.003023501	0.003023501	1.19804E-06
NAT14	0.013752716	0.01743661	-0.01743661	2.48055E-16
NAT8L	0.009735583	0.015451476	-0.015451476	3.00048E-26
NAV1	-0.000129445	0.006596828	-0.006596828	7.05762E-06
NAV2	-0.075851263	-0.066387608	0.066387608	6.03339E-57
NAV3	-0.112514759	-0.105613519	0.105613519	1.7457E-227
NAXD	-0.002857678	-0.000413299	0.000413299	0.056890895
NBAS	-0.05962028	-0.051165804	0.051165804	1.50504E-43
NBDY	-0.021063857	-0.017129815	0.017129815	1.39585E-27
NBEA	-0.115839424	-0.109232959	0.109232959	1.0883E-266
NBEAL1	-0.030756639	-0.025324343	0.025324343	1.79653E-28
NBL1	0.048593491	0.05245993	-0.05245993	1.8972E-134
NBN	-0.011090962	-0.007415847	0.007415847	2.99166E-14
NBPF1	-0.028507074	-0.025507543	0.025507543	1.04218E-83
NBPF12	-0.016023329	-0.012424042	0.012424042	3.26824E-19
NBR1	0.001611714	0.004693929	-0.004693929	8.16958E-07
NCALD	-0.151612376	-0.14249275	0.14249275	6.1079E-232
NCAM1	-0.064674914	-0.055816241	0.055816241	1.77319E-48
NCAM2	0.165798795	0.176228675	-0.176228675	5.9037E-267
NCAN	-0.006310925	-0.00236972	0.00236972	5.8742E-16
NCBP1	0.003548649	0.006377241	-0.006377241	0.001957955
NCBP3	-9.04805E-05	0.002909923	-0.002909923	0.036272909
NCDN	0.165345856	0.172709891	-0.172709891	0
NCEH1	-0.01382429	-0.007428879	0.007428879	1.71685E-20
NCK1	-0.004689782	-0.001722892	0.001722892	2.33387E-06
NCK2	-0.008220853	-0.003073916	0.003073916	1.1924E-07
NCKAP1	-0.03421849	-0.026008436	0.026008436	8.60224E-21
NCKAP5	0.030594395	0.034791237	-0.034791237	1.19561E-44
NCKIPSD	0.010908649	0.013947868	-0.013947868	5.91947E-15
NCL	0.012379271	0.016258283	-0.016258283	1.91826E-15
NCLN	0.004858511	0.008078482	-0.008078482	2.59869E-13
NCOA1	-0.02275832	-0.013317344	0.013317344	4.13251E-19
NCOA2	-0.001622181	0.006369857	-0.006369857	0.000353668
NCOA3	-0.003018086	0.001473695	-0.001473695	6.16471E-07
NCOA4	0.001113668	0.004063484	-0.004063484	0.000208392
NCOA5	-0.000897962	0.00298878	-0.00298878	5.19584E-08
NCOA6	-0.011830648	-0.007278024	0.007278024	8.04105E-12
NCOA7	0.012219798	0.01920477	-0.01920477	1.75438E-17
NCOR1	-0.029155002	-0.021975502	0.021975502	4.67982E-21
NCOR2	-0.002281079	0.002713132	-0.002713132	8.31379E-05
NCS1	0.020594069	0.026481514	-0.026481514	1.25556E-17
NDEL1	-0.004874244	-0.002130641	0.002130641	0.000186785
NDFIP1	-0.025005121	-0.017867359	0.017867359	4.81594E-15
NDFIP2	-0.036978817	-0.02973122	0.02973122	2.32849E-34
NDRG1	0.016008713	0.018691714	-0.018691714	5.2226E-34
NDRG2	0.052899445	0.056533039	-0.056533039	4.9192E-185
NDRG3	-0.012848062	-0.007972795	0.007972795	3.60471E-09
NDRG4	0.0432992	0.050826978	-0.050826978	2.473E-31
NDST1	0.003304013	0.006221239	-0.006221239	5.89206E-07
NDST3	-0.094135417	-0.086087747	0.086087747	1.1026E-118
NDUFA10	-0.024698854	-0.018678447	0.018678447	8.32284E-22
NDUFA3	0.073532995	0.076949132	-0.076949132	0
NDUFA4	0.010574002	0.01515264	-0.01515264	8.02746E-06
NDUFA5	-0.000820361	0.002911075	-0.002911075	0.017566206
NDUFAF2	-0.02618914	-0.020914139	0.020914139	2.64766E-23
NDUFAF5	-0.009535426	-0.006194227	0.006194227	1.01667E-14
NDUFAF6	-0.0027223	0.001533091	-0.001533091	2.90601E-08
NDUFAF7	-0.032699308	-0.029165193	0.029165193	1.99125E-75
NDUFB1	0.038367992	0.041080045	-0.041080045	1.6774E-188
NDUFB10	0.017906737	0.020619406	-0.020619406	4.65395E-41
NDUFB6	-0.003333525	-0.000680721	0.000680721	1.29488E-06
NDUFB7	0.020854309	0.024103474	-0.024103474	7.44995E-41
NDUFS1	0.000416939	0.005850889	-0.005850889	2.48358E-05
NDUFS2	0.041686192	0.045409251	-0.045409251	9.6023E-107
NDUFS4	-0.028553551	-0.024015469	0.024015469	2.59867E-37
NDUFS5	0.010825019	0.014353989	-0.014353989	9.68599E-09
NDUFS7	0.048625656	0.053245344	-0.053245344	2.3767E-103
NDUFS8	0.020875198	0.024089008	-0.024089008	2.23082E-42
NDUFV1	0.033490094	0.037497019	-0.037497019	1.668E-97
NDUFV2	0.005606856	0.00901919	-0.00901919	1.44813E-12
NDUFV3	-0.004340495	-0.000523789	0.000523789	1.59191E-06
NEBL	-0.034859101	-0.025372385	0.025372385	1.90018E-18
NECAB1	-0.034012999	-0.024684832	0.024684832	5.62827E-34
NECAB3	0.031575468	0.034643848	-0.034643848	1.13417E-91
NECAP1	0.000482115	0.003075956	-0.003075956	0.025719487
NECTIN1	0.00159171	0.005521136	-0.005521136	0.008286864
NECTIN3	-0.068086429	-0.061675728	0.061675728	2.39476E-96
NEDD4L	-0.046373229	-0.037382588	0.037382588	5.91454E-23
NEFL	0.009368279	0.014278183	-0.014278183	5.58239E-25
NEFM	-0.003256164	0.000572038	-0.000572038	0.112125126
NEGR1	-0.012389232	-0.005512189	0.005512189	1.01779E-55
NEIL1	0.012538601	0.015041591	-0.015041591	1.91173E-25
NEK1	-0.080694465	-0.073641294	0.073641294	1.2282E-111
NEK10	-0.081198575	-0.074686767	0.074686767	4.6493E-133
NEK11	-0.028438966	-0.023042958	0.023042958	3.94202E-28
NEK4	-0.008694965	-0.004864718	0.004864718	3.19989E-06
NEK7	0.002863242	0.006561536	-0.006561536	3.39188E-07
NEK9	0.002570198	0.00578909	-0.00578909	3.69734E-06
NELFA	-0.058671046	-0.052880646	0.052880646	5.82518E-91
NELFB	0.016238601	0.019421704	-0.019421704	6.9479E-30
NELFCD	0.006651705	0.009366109	-0.009366109	8.30063E-06
NELL1	-0.148897349	-0.139770401	0.139770401	1.2547E-224
NELL2	-0.148446355	-0.138428661	0.138428661	5.9376E-183
NEMF	-0.015755142	-0.01027093	0.01027093	5.13414E-11
NENF	0.00444333	0.00745772	-0.00745772	1.00563E-07
NEO1	-0.014983886	-0.008413407	0.008413407	2.44407E-17
NEPRO	-0.004777074	-0.002076749	0.002076749	1.26088E-09
NETO1	-0.049590939	-0.040940829	0.040940829	1.78877E-30
NETO2	-0.017269204	-0.012541406	0.012541406	5.95916E-12
NEU3	-0.009265078	-0.006538345	0.006538345	7.97847E-19
NEURL1	-0.03399692	-0.028838561	0.028838561	3.42905E-43
NEUROD2	0.008141712	0.011288761	-0.011288761	6.51757E-15
NEXMIF	-0.075367949	-0.068537823	0.068537823	1.4153E-103
NF1	-0.095876983	-0.086887151	0.086887151	8.1311E-96
NF2	0.00127232	0.004879054	-0.004879054	0.000143302
NFASC	-0.010488087	-0.002831088	0.002831088	1.20743E-10
NFAT5	-0.118393516	-0.109841111	0.109841111	7.5563E-162
NFATC2IP	-0.015696161	-0.012758015	0.012758015	2.85847E-29
NFATC3	-0.022573091	-0.017746223	0.017746223	2.24831E-21
NFE2L1	0.02248364	0.026445151	-0.026445151	2.35141E-27
NFE2L2	-0.095236281	-0.089953944	0.089953944	3.1015E-296
NFIA	0.096015726	0.10368097	-0.10368097	1.8595E-132
NFIB	0.025746618	0.03439051	-0.03439051	1.38499E-30
NFIC	-0.009712292	-0.004269411	0.004269411	1.03657E-10
NFIX	-0.028464425	-0.020973345	0.020973345	2.59198E-17
NFKB1	-0.011396336	-0.006398567	0.006398567	2.47467E-09
NFX1	-0.039333852	-0.034440444	0.034440444	5.63825E-57
NFXL1	-0.009516787	-0.006092209	0.006092209	2.70777E-09
NFYC	-0.002988783	0.001255511	-0.001255511	0.065167641
NGEF	-0.025775515	-0.020417989	0.020417989	5.90681E-21
NGLY1	-0.009029087	-0.00492266	0.00492266	1.82528E-09
NHLRC2	-0.012663096	-0.008332716	0.008332716	3.97566E-12
NHLRC3	-0.011007827	-0.007746755	0.007746755	1.46696E-19
NHS	-0.00943962	-0.003197604	0.003197604	0.011361658
NHSL2	-0.004063992	-0.000897963	0.000897963	0.018573612
NIM1K	-0.020273787	-0.015296355	0.015296355	1.0509E-15
NIN	-0.097384764	-0.089195732	0.089195732	1.4289E-119
NIPA1	-0.036729897	-0.032456037	0.032456037	1.14038E-68
NIPAL2	-0.106611283	-0.09983207	0.09983207	1.202E-216
NIPAL3	-0.018315673	-0.014928754	0.014928754	2.3062E-26
NIPBL	-0.023288433	-0.015639354	0.015639354	1.60321E-13
NIPSNAP2	-0.038171998	-0.034014492	0.034014492	2.32854E-82
NISCH	0.067116622	0.073293462	-0.073293462	1.5666E-116
NKAIN2	-0.060181899	-0.049596714	0.049596714	3.54501E-28
NKAIN3	0.01926336	0.024432357	-0.024432357	2.81276E-12
NKTR	-0.183007369	-0.174769924	0.174769924	0
NLGN1	0.007311704	0.015616311	-0.015616311	2.65926E-26
NLGN2	0.017353976	0.020421057	-0.020421057	1.20588E-27
NLGN3	-0.014000957	-0.010208755	0.010208755	4.60213E-24
NLGN4X	-0.014163682	-0.006092342	0.006092342	5.90296E-08
NLGN4Y	-7.07665E-05	4.13391E-05	-4.13391E-05	0.003312201
NLK	-0.073436462	-0.064577277	0.064577277	7.28128E-59
NLN	-0.022850886	-0.018741531	0.018741531	5.92347E-30
NLRP1	-0.035186452	-0.031944419	0.031944419	1.2946E-105
NMD3	-0.041335566	-0.036356398	0.036356398	5.3168E-61
NME3	0.043294193	0.047751568	-0.047751568	1.28632E-86
NME5	-0.027720831	-0.022901031	0.022901031	3.84877E-32
NME7	-0.065324587	-0.05864516	0.05864516	1.6982E-81
NME9	-0.003429189	0.000393924	-0.000393924	0.004380347
NMNAT2	-0.112816266	-0.104201818	0.104201818	1.0741E-144
NMNAT3	-0.02126974	-0.01723519	0.01723519	2.67379E-24
NMRAL1	0.009347773	0.012322686	-0.012322686	1.65575E-20
NMRK1	-0.000892622	0.001847871	-0.001847871	0.000392568
NMT1	-0.01044723	-0.004838738	0.004838738	3.51658E-10
NMT2	-0.016358284	-0.011040347	0.011040347	3.24111E-12
NNT	-0.052075482	-0.045916237	0.045916237	2.37394E-62
NOC2L	0.025145859	0.028980032	-0.028980032	8.79465E-51
NOL10	-0.026937255	-0.02216652	0.02216652	4.74442E-29
NOL4	-0.060083289	-0.051523464	0.051523464	1.50938E-43
NOL4L	-0.012537613	-0.008427331	0.008427331	2.46712E-09
NOL9	-0.004651038	-0.001838281	0.001838281	4.24264E-11
NONO	0.019512313	0.022864949	-0.022864949	1.77879E-32
NOP56	-0.001274526	0.001712766	-0.001712766	6.01712E-07
NOP58	-0.005478877	-0.00141309	0.00141309	1.68329E-05
NOS1AP	0.006924291	0.013780606	-0.013780606	6.54802E-09
NOVA1	-0.020687484	-0.011199945	0.011199945	7.54824E-31
NOVA2	0.014650742	0.019371178	-0.019371178	5.18121E-13
NOXA1	0.007018805	0.010689125	-0.010689125	1.24177E-32
NPAS1	0.008447639	0.011266786	-0.011266786	3.67957E-08
NPAS2	-0.093026477	-0.086295155	0.086295155	4.5485E-165
NPAS3	0.060045527	0.070890077	-0.070890077	3.3352E-32
NPAT	-0.002792378	0.000674503	-0.000674503	0.002197181
NPC1	0.006988889	0.009725857	-0.009725857	7.71558E-12
NPEPPS	-0.008399279	-0.002117968	0.002117968	9.81362E-06
NPHP1	-0.00140504	0.001634893	-0.001634893	0.00400422
NPHP4	-0.011827923	-0.008468795	0.008468795	1.71196E-12
NPIPA1	-0.014435019	-0.00935387	0.00935387	2.1439E-09
NPIPB4	-0.022049376	-0.018727464	0.018727464	3.72986E-41
NPIPB5	-0.030595096	-0.025689111	0.025689111	5.23562E-34
NPLOC4	0.000100338	0.004701421	-0.004701421	4.44734E-11
NPM1	0.011989755	0.014885569	-0.014885569	4.28014E-18
NPM2	-0.00940927	-0.005997592	0.005997592	1.75362E-13
NPRL3	-0.001894415	0.002248196	-0.002248196	0.000238321
NPTN	-0.065074096	-0.056702693	0.056702693	3.31235E-53
NPTX1	0.12586965	0.130227699	-0.130227699	0
NPTXR	-0.090860847	-0.083331449	0.083331449	7.4662E-124
NPY1R	-0.036208824	-0.03153544	0.03153544	2.77637E-54
NQO2	-0.022423459	-0.016821782	0.016821782	2.9632E-23
NR1D1	0.023928177	0.02673653	-0.02673653	6.48965E-63
NR1D2	0.010316466	0.015121711	-0.015121711	8.33196E-12
NR2C1	-0.012233386	-0.008218303	0.008218303	1.6534E-13
NR2C2	0.00010403	0.004249688	-0.004249688	6.67477E-05
NR2F1	0.005850569	0.010967614	-0.010967614	5.28826E-16
NR3C1	-0.034852626	-0.026531333	0.026531333	5.26147E-25
NR3C2	-0.117685536	-0.108283294	0.108283294	1.0354E-131
NR6A1	-0.025212043	-0.019051172	0.019051172	2.50144E-15
NRBP1	0.018598133	0.022468001	-0.022468001	4.49144E-26
NRBP2	0.014904469	0.017411786	-0.017411786	2.32116E-37
NRCAM	-0.106873734	-0.098100522	0.098100522	1.3244E-123
NRDC	-0.018925974	-0.013569655	0.013569655	7.43335E-14
NRDE2	-0.003505531	-0.000638263	0.000638263	4.21887E-05
NREP	-0.039913562	-0.034827061	0.034827061	1.35359E-61
NRF1	-0.022735167	-0.016552292	0.016552292	6.31663E-16
NRG1	-0.033283281	-0.021692613	0.021692613	1.69667E-08
NRG2	-0.021700093	-0.016062193	0.016062193	1.67256E-13
NRG3	-0.017963445	-0.013149582	0.013149582	4.45887E-27
NRG4	-0.013503767	-0.010294201	0.010294201	5.60196E-21
NRGN	0.116031264	0.124836677	-0.124836677	1.4822E-189
NRIP1	0.103684432	0.108133734	-0.108133734	0
NRIP3	0.020357202	0.023918304	-0.023918304	2.83054E-35
NRN1	-0.026540933	-0.023559459	0.023559459	4.50027E-71
NRP1	-0.004841189	-0.001013772	0.001013772	0.00093634
NRSN1	-0.008821522	-0.003608547	0.003608547	0.001192266
NRSN2	0.016177507	0.020380931	-0.020380931	2.38508E-15
NRXN1	-0.014355655	-0.008162825	0.008162825	2.02639E-36
NRXN2	0.039326521	0.046413593	-0.046413593	1.55789E-30
NRXN3	-0.087814143	-0.081478756	0.081478756	2.6628E-187
NSA2	0.012960068	0.015981833	-0.015981833	6.90564E-20
NSD1	-0.062174672	-0.055282442	0.055282442	2.14207E-70
NSD2	-0.03360517	-0.027717236	0.027717236	1.21388E-28
NSD3	-0.043300988	-0.034569769	0.034569769	4.06466E-22
NSF	-0.241479729	-0.232575847	0.232575847	0
NSFL1C	-0.009380306	-0.005733354	0.005733354	1.57769E-12
NSG2	-0.04198248	-0.036277545	0.036277545	4.45327E-47
NSL1	-0.00820036	-0.003558398	0.003558398	0.000635268
NSMAF	-0.014931099	-0.010290585	0.010290585	8.09653E-10
NSMCE2	-0.041930167	-0.03497195	0.03497195	8.31625E-34
NSMF	0.077690576	0.083143802	-0.083143802	3.8062E-183
NSRP1	-0.014248118	-0.010377775	0.010377775	1.80555E-23
NSUN2	-0.002834835	-0.000184184	0.000184184	9.75077E-07
NSUN3	0.000474609	0.003034346	-0.003034346	3.3463E-06
NSUN6	-0.070681338	-0.065409436	0.065409436	3.8771E-156
NT5C2	-0.00401225	0.001577897	-0.001577897	1.77198E-06
NT5C3A	0.001532659	0.004806911	-0.004806911	8.96524E-05
NT5DC1	-0.016347616	-0.011431047	0.011431047	2.38162E-18
NT5DC3	-0.000354263	0.003582469	-0.003582469	0.662987102
NTM	-0.129288443	-0.119527795	0.119527795	9.701E-159
NTN4	-0.013629881	-0.010074907	0.010074907	4.78046E-14
NTNG1	-0.024935388	-0.018334022	0.018334022	4.52443E-49
NTNG2	0.012123958	0.015113595	-0.015113595	4.78483E-22
NTPCR	-0.005067399	-0.002308515	0.002308515	4.40062E-05
NTRK2	-0.045660289	-0.037464473	0.037464473	3.94942E-40
NTRK3	-0.0931113	-0.083389442	0.083389442	3.54386E-80
NUAK1	-0.004733021	0.002388906	-0.002388906	2.32676E-21
NUB1	0.006878834	0.009860013	-0.009860013	4.82737E-08
NUBPL	-0.01567372	-0.010781519	0.010781519	1.37744E-12
NUCB1	0.009269332	0.012664514	-0.012664514	1.6465E-07
NUCB2	0.000352567	0.004515775	-0.004515775	0.000786261
NUCKS1	0.046029557	0.054138218	-0.054138218	1.39406E-58
NUDC	0.020822945	0.024365134	-0.024365134	3.44179E-30
NUDCD1	-0.005052411	-0.001858107	0.001858107	4.28029E-09
NUDCD3	0.01402938	0.020297693	-0.020297693	4.27306E-12
NUDT21	0.000665419	0.004812636	-0.004812636	5.16585E-07
NUDT3	0.041758368	0.047226112	-0.047226112	2.13616E-64
NUDT4	0.013765821	0.018113765	-0.018113765	2.45723E-17
NUDT5	-0.008157268	-0.00489367	0.00489367	3.01642E-13
NUFIP2	0.02436219	0.02978313	-0.02978313	1.68002E-27
NUMA1	0.035221108	0.039870419	-0.039870419	1.15124E-66
NUMB	-0.021813703	-0.016180358	0.016180358	2.53882E-16
NUMBL	0.001689031	0.004937901	-0.004937901	0.061193777
NUP107	0.004051023	0.006524247	-0.006524247	9.29294E-10
NUP133	0.001186272	0.004400572	-0.004400572	0.000653502
NUP153	-0.014338141	-0.009591984	0.009591984	9.54031E-12
NUP160	-0.00581424	-0.002418739	0.002418739	1.13021E-06
NUP205	0.002441031	0.005468144	-0.005468144	1.37619E-08
NUP210	-0.006455645	-0.003500876	0.003500876	1.55144E-07
NUP214	-0.024454779	-0.020303248	0.020303248	3.47706E-31
NUP50	0.004075224	0.006842044	-0.006842044	1.03135E-07
NUP54	-0.011809519	-0.008421056	0.008421056	3.97544E-20
NUP58	-0.007697706	-0.003294442	0.003294442	2.99089E-10
NUP88	-0.009891298	-0.006571187	0.006571187	1.59084E-08
NUP93	-0.025739373	-0.020715077	0.020715077	1.98823E-23
NUP98	-0.012116778	-0.007875385	0.007875385	7.66254E-11
NUS1	-0.008069726	-0.004534878	0.004534878	1.26227E-08
NVL	-0.008211938	-0.004693331	0.004693331	1.15798E-07
NWD2	-0.067957083	-0.061489827	0.061489827	1.2595E-95
NXPE3	0.002174519	0.005649273	-0.005649273	0.000109246
NXPH1	0.035682189	0.04445474	-0.04445474	1.22854E-14
NXPH2	0.015149658	0.018012979	-0.018012979	6.00498E-24
NYAP2	0.020515444	0.026566671	-0.026566671	8.75615E-15
OAT	-0.000583539	0.00381164	-0.00381164	9.46997E-09
OAZ2	0.009506823	0.012451252	-0.012451252	1.26062E-11
OBSL1	0.030546043	0.033896126	-0.033896126	1.27596E-72
OCA2	-0.019583013	-0.015795098	0.015795098	1.27892E-23
OCIAD1	-0.038974587	-0.032902671	0.032902671	2.63741E-38
OCRL	0.012660345	0.016717658	-0.016717658	6.08431E-20
ODF2L	-0.065397592	-0.058732736	0.058732736	4.91805E-82
ODR4	-0.027356205	-0.023363609	0.023363609	3.87028E-45
OFD1	0.002052854	0.005399716	-0.005399716	0.000552621
OGA	-0.037736149	-0.030072478	0.030072478	3.10831E-28
OGDH	0.002223356	0.007106786	-0.007106786	0.11623167
OGDHL	0.005183402	0.008232496	-0.008232496	0.000586898
OGFR	0.030888807	0.03476466	-0.03476466	2.13766E-59
OGFRL1	0.024921701	0.029548032	-0.029548032	1.28359E-38
OGT	0.027832614	0.033607083	-0.033607083	1.45394E-27
OLA1	-0.022919875	-0.016265787	0.016265787	6.151E-14
OLFM1	0.018687424	0.025759065	-0.025759065	1.74371E-14
OLFM2	-0.01236779	-0.008383546	0.008383546	3.54229E-09
OLFM3	-0.065057264	-0.054909824	0.054909824	2.5985E-53
OMG	0.010232964	0.013014682	-0.013014682	4.56848E-12
OOEP	-0.057785069	-0.0545578	0.0545578	9.1041605377e-314
OPA1	-0.010877621	-0.004030218	0.004030218	8.3712E-13
OPCML	-0.05057685	-0.044458174	0.044458174	7.49595E-69
OPHN1	-0.002634467	0.00368411	-0.00368411	8.32728E-20
OPN3	-0.014804629	-0.011266364	0.011266364	1.8539E-22
OPRD1	-0.00567827	-0.00211072	0.00211072	2.77619E-08
OPRM1	0.010968461	0.0154511	-0.0154511	4.89246E-12
OPTN	-0.014992048	-0.010547804	0.010547804	1.98429E-19
ORAI2	0.009493316	0.012375129	-0.012375129	1.48856E-10
ORC2	-0.010887158	-0.006756919	0.006756919	1.46643E-07
ORC3	-0.01567948	-0.011290939	0.011290939	8.18666E-17
ORC4	-0.021830831	-0.016448059	0.016448059	3.19786E-18
ORC5	-0.015225369	-0.011488104	0.011488104	6.58231E-18
ORMDL1	0.011640081	0.014961848	-0.014961848	4.23294E-13
OS9	0.003183242	0.006082767	-0.006082767	4.75208E-06
OSBP	-0.001246702	0.001877639	-0.001877639	0.000973578
OSBP2	-0.074306391	-0.066815435	0.066815435	5.2759E-84
OSBPL10	-0.051228259	-0.045550451	0.045550451	6.16596E-71
OSBPL11	0.003595136	0.006219874	-0.006219874	2.19807E-06
OSBPL1A	-0.016992629	-0.008950405	0.008950405	2.04278E-09
OSBPL2	0.001028858	0.003603486	-0.003603486	9.76839E-06
OSBPL3	-0.003152619	0.002974447	-0.002974447	1.17925E-10
OSBPL5	0.001644572	0.004623098	-0.004623098	1.63158E-06
OSBPL6	-0.092257205	-0.083242176	0.083242176	6.52502E-89
OSBPL7	0.001027409	0.004006685	-0.004006685	5.07106E-12
OSBPL8	-0.044614933	-0.036281692	0.036281692	3.9425E-29
OSBPL9	-0.022366571	-0.016716344	0.016716344	3.29911E-19
OSGEP	0.006905279	0.009309431	-0.009309431	5.66819E-17
OSTF1	-0.011371911	-0.008251946	0.008251946	9.81559E-18
OSTM1	-0.003920134	-0.000555429	0.000555429	2.05243E-05
OTOGL	-0.042021915	-0.037912112	0.037912112	2.2116E-103
OTUB1	0.021957226	0.025845868	-0.025845868	2.02527E-28
OTUD3	-0.008479086	-0.005071944	0.005071944	1.1714E-13
OTUD4	-0.001050308	0.002857553	-0.002857553	7.74119E-05
OTUD5	0.009676802	0.013211307	-0.013211307	2.02136E-13
OTUD7A	-0.200530539	-0.191269008	0.191269008	0
OTUD7B	-0.003563548	-0.000228246	0.000228246	7.69782E-11
OXCT1	-0.011279573	-0.00600758	0.00600758	4.03774E-06
OXNAD1	-0.00522138	-0.001421266	0.001421266	0.006985986
OXR1	-0.093567832	-0.084840314	0.084840314	7.6074E-109
OXSR1	-0.009362612	-0.004796837	0.004796837	2.3259E-09
P2RX6	-0.005595693	-0.002071805	0.002071805	1.76919E-17
P2RX7	-0.018965367	-0.0140629	0.0140629	7.7177E-18
P2RY11	0.019461174	0.022119533	-0.022119533	9.56322E-49
P3H2	-0.00891348	-0.004256303	0.004256303	5.56892E-06
P3H3	-0.006217773	-0.003474251	0.003474251	6.54619E-07
P4HA1	0.003851404	0.007723815	-0.007723815	2.4912E-05
P4HB	0.012180762	0.015645347	-0.015645347	3.20222E-15
P4HTM	0.016448222	0.021614419	-0.021614419	1.50605E-14
PABPC1	0.061255042	0.065869407	-0.065869407	1.9897E-161
PABPC4	0.023782498	0.026680592	-0.026680592	1.44211E-58
PABPN1	-0.038326489	-0.030090638	0.030090638	6.17686E-19
PACRG	-0.058606565	-0.050662752	0.050662752	2.25381E-46
PACRGL	-0.036320346	-0.031944578	0.031944578	1.52091E-60
PACS1	-0.016012216	-0.008976578	0.008976578	2.0457E-09
PACS2	0.010973342	0.015998279	-0.015998279	1.34612E-17
PACSIN1	0.020603117	0.025823577	-0.025823577	3.7463E-20
PACSIN2	-0.00798024	-0.004187243	0.004187243	4.11018E-07
PAFAH1B1	-0.032570931	-0.025163245	0.025163245	2.48624E-19
PAFAH1B2	0.007120082	0.011753795	-0.011753795	2.29109E-10
PAG1	0.005325286	0.010409064	-0.010409064	2.88462E-08
PAIP1	0.012246093	0.015559949	-0.015559949	2.05862E-15
PAIP2	-0.013464762	-0.008982758	0.008982758	2.33056E-10
PAK1	-0.049606808	-0.042550603	0.042550603	2.95779E-42
PAK2	0.001613491	0.005969052	-0.005969052	4.32636E-08
PAK3	-0.033060195	-0.023597915	0.023597915	3.09087E-15
PAK5	-0.029465698	-0.021383397	0.021383397	4.52862E-16
PALLD	0.006336611	0.011207877	-0.011207877	1.84293E-12
PALM	0.037425379	0.042730338	-0.042730338	3.53872E-48
PAM	-0.076371226	-0.067325806	0.067325806	7.12128E-68
PAN3	-0.05632695	-0.049165477	0.049165477	4.19792E-54
PANK1	-0.005937007	-0.003057863	0.003057863	0.000262976
PANK2	-0.017454251	-0.013331668	0.013331668	4.01635E-19
PANK3	-0.033012551	-0.027955586	0.027955586	5.91801E-42
PANX2	0.016978139	0.019526966	-0.019526966	2.00477E-40
PAPOLA	0.017830264	0.024682901	-0.024682901	3.53057E-13
PAPOLG	0.006284902	0.009440881	-0.009440881	4.9991E-09
PAPSS1	-0.010567338	-0.0045388	0.0045388	1.72685E-16
PAQR3	0.003175032	0.007149499	-0.007149499	2.04338E-14
PARD3	0.03026733	0.035116651	-0.035116651	6.38438E-33
PARD3B	0.006185937	0.009434381	-0.009434381	4.99103E-09
PARG	-0.076237839	-0.070718066	0.070718066	4.4113E-169
PARK7	-0.000990985	0.001709008	-0.001709008	0.770114771
PARM1	-0.02004151	-0.014568436	0.014568436	8.94809E-13
PARN	-0.02338855	-0.019041425	0.019041425	2.62174E-33
PARP1	-0.002793612	0.000188079	-0.000188079	1.89843E-07
PARP11	-0.004175048	-0.000396397	0.000396397	0.029696127
PARP6	0.011592875	0.014650055	-0.014650055	8.03902E-16
PARP8	-0.054300963	-0.04629011	0.04629011	3.13365E-41
PARVA	0.001676951	0.004861375	-0.004861375	5.23572E-06
PARVB	-0.022349894	-0.019216556	0.019216556	6.08713E-52
PATJ	-0.152467365	-0.144826612	0.144826612	0
PAXBP1	-0.025759421	-0.021292139	0.021292139	7.36708E-34
PAXIP1	-0.011819468	-0.009113296	0.009113296	2.34327E-22
PAXX	0.029102266	0.032320705	-0.032320705	1.28702E-77
PBRM1	-0.005006586	0.000657812	-0.000657812	6.14928E-07
PBX1	-0.028382467	-0.018740942	0.018740942	3.87578E-22
PBX3	0.011447768	0.014564269	-0.014564269	6.60112E-12
PC	0.001897236	0.004678349	-0.004678349	0.001967016
PCBP1	0.002902542	0.007395515	-0.007395515	6.60899E-13
PCBP2	0.019434482	0.024502417	-0.024502417	1.28156E-19
PCBP3	0.019111186	0.022769566	-0.022769566	1.20417E-25
PCBP4	0.048785577	0.053204087	-0.053204087	1.5066E-112
PCCA	-0.063152976	-0.055752482	0.055752482	3.42794E-63
PCCB	-0.008522127	-0.005369775	0.005369775	2.80188E-08
PCDH10	0.020970428	0.026712376	-0.026712376	1.76538E-27
PCDH11X	-0.11000044	-0.101404243	0.101404243	1.6968E-154
PCDH11Y	-0.006324184	-0.005549833	0.005549833	5.63387E-64
PCDH15	-0.013462886	-0.005605427	0.005605427	9.04727E-73
PCDH17	0.01779588	0.022231581	-0.022231581	3.44733E-14
PCDH19	-0.004826446	-0.000552644	0.000552644	0.000900665
PCDH7	-0.092808039	-0.082229913	0.082229913	1.9194E-108
PCDH8	-0.021354725	-0.018645643	0.018645643	2.33581E-55
PCDH9	0.048688475	0.055603078	-0.055603078	9.10411E-43
PCF11	-0.012311915	-0.007787355	0.007787355	1.80228E-10
PCGF3	-0.004921447	-0.001992978	0.001992978	6.37683E-05
PCGF5	-0.008215476	-0.001445915	0.001445915	0.008323735
PCGF6	-0.012242918	-0.00937566	0.00937566	2.65698E-17
PCID2	-0.037679926	-0.032922896	0.032922896	1.67556E-56
PCLO	-0.188007322	-0.179400667	0.179400667	0
PCM1	-0.033060246	-0.024721127	0.024721127	2.8602E-25
PCMT1	-0.017806724	-0.013132537	0.013132537	3.39486E-18
PCMTD1	-0.036084275	-0.029331242	0.029331242	2.59526E-30
PCMTD2	-0.008258613	-0.00408417	0.00408417	8.44909E-17
PCNP	0.009288636	0.013427096	-0.013427096	8.95257E-10
PCNT	-0.059336096	-0.053802412	0.053802412	1.6486E-99
PCNX1	-0.067656384	-0.05991976	0.05991976	1.41934E-65
PCNX2	-0.111327712	-0.102256562	0.102256562	1.5649E-127
PCNX4	-0.025995232	-0.020621641	0.020621641	9.82206E-22
PCSK1N	0.084845964	0.091661224	-0.091661224	8.4389E-144
PCSK2	-0.135774087	-0.126314463	0.126314463	1.2183E-175
PCSK5	0.011300517	0.015206344	-0.015206344	3.42937E-16
PCSK6	-0.007385418	-0.004307006	0.004307006	6.90526E-10
PCSK7	-0.02498573	-0.020604161	0.020604161	1.94438E-39
PCYOX1	0.011159938	0.014219628	-0.014219628	7.27424E-12
PCYT1A	0.015423756	0.018141387	-0.018141387	1.07258E-32
PCYT2	0.022366536	0.025243248	-0.025243248	2.41177E-53
PDCD10	-0.007244726	-0.003429383	0.003429383	7.78765E-18
PDCD4	-0.003027663	0.001016608	-0.001016608	0.000788646
PDCD5	0.013255665	0.015981733	-0.015981733	2.15256E-36
PDCD6	0.010972561	0.013671394	-0.013671394	1.61889E-32
PDCD6IP	-0.016279476	-0.011336962	0.011336962	2.14927E-15
PDCD7	-0.065202496	-0.061005986	0.061005986	2.1128E-220
PDE10A	-0.289095316	-0.279958417	0.279958417	0
PDE1A	-0.038747083	-0.028317688	0.028317688	6.74741E-48
PDE1B	0.016102351	0.019668667	-0.019668667	2.10385E-22
PDE1C	0.021746065	0.028566929	-0.028566929	2.78509E-10
PDE2A	0.04496359	0.050744916	-0.050744916	3.60848E-55
PDE3A	0.002047487	0.005707895	-0.005707895	0.287756295
PDE3B	-0.135171006	-0.127976965	0.127976965	2.1843E-303
PDE4A	-0.055400797	-0.0495326	0.0495326	1.7535E-77
PDE4B	0.004016411	0.012608363	-0.012608363	0.000378355
PDE4D	-0.077991434	-0.071282229	0.071282229	4.4616E-114
PDE4DIP	-0.47425934	-0.465106402	0.465106402	0
PDE5A	0.011322237	0.013865923	-0.013865923	1.08144E-17
PDE7A	-0.052587118	-0.047397217	0.047397217	1.49409E-94
PDE7B	-0.106269523	-0.099408965	0.099408965	6.6918E-207
PDE8A	-0.001009738	0.003584449	-0.003584449	0.00027563
PDE8B	0.179313275	0.183409202	-0.183409202	0
PDGFC	0.005992009	0.010546954	-0.010546954	6.72977E-11
PDGFD	-0.008665418	-0.005341864	0.005341864	8.74939E-12
PDHX	-0.030939564	-0.025790459	0.025790459	1.4386E-32
PDIA2	0.065458862	0.07066539	-0.07066539	1.3202E-133
PDIA3	0.006732314	0.010282561	-0.010282561	7.03415E-09
PDIA6	-0.019001627	-0.015444247	0.015444247	1.5659E-28
PDK1	0.004371349	0.007289881	-0.007289881	5.96406E-08
PDK2	0.012569422	0.015844717	-0.015844717	1.08144E-18
PDK3	0.002188571	0.006776262	-0.006776262	4.86797E-17
PDLIM7	0.032675063	0.035743645	-0.035743645	7.809E-105
PDP1	-0.001632228	0.003382831	-0.003382831	5.53562E-08
PDPK1	-0.079603429	-0.074295268	0.074295268	1.3992E-206
PDPR	-0.003769391	-0.000331477	0.000331477	7.68003E-07
PDS5A	-0.010745321	-0.003815006	0.003815006	4.36208E-10
PDS5B	-0.038722939	-0.02997087	0.02997087	9.38405E-23
PDSS2	-0.033234075	-0.028086396	0.028086396	1.28215E-36
PDXDC1	-0.051478237	-0.045450578	0.045450578	9.14342E-65
PDXK	-0.000531145	0.00553256	-0.00553256	3.09084E-06
PDZD2	-0.142242282	-0.131994432	0.131994432	2.5251E-170
PDZD4	0.079886265	0.085872523	-0.085872523	4.7026E-170
PDZD8	-0.01093977	-0.006816743	0.006816743	1.50585E-09
PDZRN3	-0.026231201	-0.01688295	0.01688295	7.60524E-23
PDZRN4	0.016836717	0.026116058	-0.026116058	0.001803562
PEA15	0.054732133	0.059158774	-0.059158774	5.7621E-128
PEAK1	-0.038600112	-0.031572102	0.031572102	1.22665E-32
PEBP1	0.017750432	0.024702382	-0.024702382	5.51851E-12
PEG10	0.031594234	0.035863353	-0.035863353	1.141E-48
PEG3	0.157314971	0.161035098	-0.161035098	0
PELI1	0.004861693	0.008186332	-0.008186332	5.14347E-06
PELI2	0.012953779	0.017041303	-0.017041303	3.57063E-09
PELP1	0.009063087	0.012017477	-0.012017477	1.60835E-22
PEPD	-0.011040617	-0.00838239	0.00838239	1.50692E-18
PER1	0.046065823	0.050360224	-0.050360224	2.2327E-103
PER3	-0.007648313	-0.002723323	0.002723323	1.10105E-09
PEX1	-0.00048342	0.002798022	-0.002798022	0.001194209
PEX14	-0.015110721	-0.011037467	0.011037467	3.39911E-15
PEX26	-0.00568404	-0.002688864	0.002688864	2.94296E-07
PEX3	-0.008762723	-0.004791311	0.004791311	5.42439E-12
PEX5	-0.00428937	-0.001160602	0.001160602	1.06692E-14
PEX5L	-0.00026973	0.009911528	-0.009911528	8.38899E-11
PEX6	0.001549587	0.005260709	-0.005260709	3.14868E-10
PFDN1	0.00124417	0.00392411	-0.00392411	6.65175E-07
PFDN2	0.007074799	0.010927963	-0.010927963	1.29886E-05
PFDN5	0.048552903	0.052056909	-0.052056909	2.3238E-172
PFKFB3	-0.007983849	-0.004214752	0.004214752	4.69656E-22
PFKL	0.043424193	0.048475281	-0.048475281	4.46029E-92
PFKP	0.069224266	0.07320533	-0.07320533	1.28358502534e-313
PGAM1	0.013373788	0.017269998	-0.017269998	1.58631E-18
PGAP1	-0.002110143	0.00305599	-0.00305599	0.001247633
PGBD1	-0.008814369	-0.005922118	0.005922118	8.41854E-17
PGBD5	-0.052818768	-0.046333161	0.046333161	4.28385E-57
PGGT1B	0.000126412	0.002670716	-0.002670716	0.00470114
PGK1	-0.000241547	0.003773659	-0.003773659	0.48405076
PGM2L1	0.009203737	0.014715853	-0.014715853	2.17565E-05
PGM3	-0.00411128	-0.001141183	0.001141183	3.07171E-07
PGP	-0.015308499	-0.011419684	0.011419684	1.02007E-17
PGRMC1	-0.002935552	0.001287998	-0.001287998	0.052294225
PHACTR1	-0.116773045	-0.108827216	0.108827216	4.9442E-180
PHACTR2	0.006248298	0.011665997	-0.011665997	0.055886015
PHACTR3	-0.056185276	-0.049131031	0.049131031	9.50604E-55
PHACTR4	-0.01946749	-0.014207302	0.014207302	4.79047E-16
PHC1	-0.015179215	-0.011974265	0.011974265	8.91727E-25
PHC2	0.006313911	0.01118168	-0.01118168	1.20091E-05
PHC3	-0.051720292	-0.045041847	0.045041847	4.02992E-53
PHF1	0.021567486	0.024858031	-0.024858031	6.85186E-38
PHF10	0.004372036	0.007940409	-0.007940409	3.36762E-11
PHF12	0.002295686	0.005344639	-0.005344639	6.17817E-05
PHF14	-0.114606182	-0.10576738	0.10576738	3.8585E-141
PHF2	-0.012662799	-0.009238286	0.009238286	1.00215E-19
PHF20	-0.005118036	-0.000602352	0.000602352	3.61081E-06
PHF20L1	-0.058625	-0.051738876	0.051738876	9.60185E-62
PHF21A	-0.016798219	-0.009063795	0.009063795	1.19875E-07
PHF24	0.01192879	0.015569415	-0.015569415	4.95902E-25
PHF3	-0.061894456	-0.054428711	0.054428711	1.41404E-58
PHF6	0.007453548	0.010565333	-0.010565333	5.34846E-17
PHF8	-0.003899339	-0.001055296	0.001055296	6.20536E-05
PHIP	-0.073473002	-0.065279001	0.065279001	3.51746E-69
PHKA2	-0.005638675	-0.002305051	0.002305051	9.9277E-06
PHKB	-0.039368161	-0.0334662	0.0334662	8.65568E-39
PHKG2	0.001741849	0.004511589	-0.004511589	0.00039063
PHLPP1	0.005574815	0.011707487	-0.011707487	3.08478E-32
PHLPP2	-0.00298627	0.001735802	-0.001735802	9.72968E-08
PHTF1	-0.008837709	-0.00445726	0.00445726	7.86496E-06
PHTF2	-0.033641357	-0.027894521	0.027894521	1.6315E-30
PHYHIP	0.164370448	0.173478423	-0.173478423	0
PHYHIPL	-0.046196003	-0.039574298	0.039574298	5.35372E-49
PI4KA	-0.12832639	-0.119828369	0.119828369	1.6055E-196
PI4KB	0.02730233	0.031238105	-0.031238105	7.25498E-46
PIANP	0.022615634	0.026449099	-0.026449099	1.07387E-29
PIAS1	-0.063031681	-0.055472134	0.055472134	9.65654E-60
PIAS2	-0.024210374	-0.017210368	0.017210368	8.83803E-13
PIAS4	0.015567272	0.019358623	-0.019358623	6.73078E-24
PIBF1	-0.043325413	-0.037048814	0.037048814	1.34539E-42
PICALM	0.009052896	0.016297276	-0.016297276	2.97895E-15
PICK1	0.0316881	0.035757415	-0.035757415	2.80393E-65
PID1	-0.006684486	-0.000208442	0.000208442	2.09834E-22
PIDD1	0.031650847	0.034703311	-0.034703311	1.34686E-95
PIGG	-0.012880295	-0.009996312	0.009996312	2.40046E-21
PIGK	-0.005225134	-0.001406312	0.001406312	2.06092E-07
PIGL	-0.044663905	-0.040418778	0.040418778	1.4057E-102
PIGN	-0.020239528	-0.015230315	0.015230315	1.70298E-19
PIGQ	0.046058184	0.051933181	-0.051933181	9.95152E-90
PIGU	-0.010973502	-0.006922178	0.006922178	4.031E-12
PIK3C2A	-0.004114172	4.42725E-05	-4.42725E-05	5.47186E-09
PIK3C3	-0.031114302	-0.024870227	0.024870227	7.9508E-33
PIK3CA	0.027615605	0.034290523	-0.034290523	5.62575E-28
PIK3CB	-0.015089173	-0.008942384	0.008942384	1.97848E-10
PIK3R1	-0.015194254	-0.006708469	0.006708469	8.76096E-29
PIK3R4	-0.013015277	-0.009872337	0.009872337	6.3916E-19
PIKFYVE	-0.012313979	-0.007563188	0.007563188	4.5648E-13
PILRA	-0.00843668	-0.005017276	0.005017276	6.12793E-08
PILRB	0.001215764	0.005139997	-0.005139997	0.746426795
PIN1	0.039059614	0.043498065	-0.043498065	3.57052E-66
PINK1	-0.007832505	-0.004675836	0.004675836	6.16142E-06
PIP4K2A	0.046913682	0.052453815	-0.052453815	1.26283E-81
PIP4K2B	0.043653768	0.048960671	-0.048960671	8.39836E-61
PIP4K2C	0.005310777	0.008171039	-0.008171039	1.19931E-06
PIP4P2	0.000948588	0.004431295	-0.004431295	4.82589E-06
PIP5K1A	-0.023944855	-0.018970709	0.018970709	1.1697E-21
PIP5K1B	-0.029513979	-0.023362313	0.023362313	1.95546E-24
PIP5K1C	0.02762461	0.031993605	-0.031993605	4.42723E-35
PIR	-0.003903716	-0.000251199	0.000251199	1.49313E-05
PISD	-0.008965851	-0.004610516	0.004610516	5.70336E-14
PITHD1	0.004350772	0.007597894	-0.007597894	0.025118813
PITPNA	-0.02711769	-0.02305133	0.02305133	1.10813E-40
PITPNB	0.001343153	0.005252865	-0.005252865	0.003651483
PITPNC1	0.00137142	0.007981097	-0.007981097	0.673288109
PITPNM2	-0.021919775	-0.01626498	0.01626498	2.44545E-17
PITPNM3	-0.013112441	-0.009707577	0.009707577	4.90091E-15
PITRM1	-0.001221148	0.001636815	-0.001636815	1.16964E-11
PJA1	-0.007145637	-0.004200419	0.004200419	5.53106E-07
PJA2	-0.035167551	-0.027667884	0.027667884	1.53271E-23
PKD1	0.245344746	0.252799669	-0.252799669	0
PKD2	-0.07879756	-0.072331574	0.072331574	6.2091E-128
PKDCC	0.003502026	0.006154618	-0.006154618	5.38034E-07
PKIA	0.032347775	0.037672984	-0.037672984	1.05012E-41
PKIG	-0.034854056	-0.029418339	0.029418339	1.72219E-36
PKM	0.079476828	0.086934175	-0.086934175	7.2053E-97
PKN1	0.010978796	0.013724761	-0.013724761	1.64082E-18
PKN2	-0.044765967	-0.03776334	0.03776334	3.66821E-38
PKNOX1	-0.00154541	0.002682609	-0.002682609	0.001621329
PKNOX2	-0.105563315	-0.097685071	0.097685071	8.6661E-152
PKP4	-0.02456634	-0.015337705	0.015337705	3.16301E-26
PLA2G4C	-0.038616262	-0.034577038	0.034577038	2.34914E-84
PLA2R1	-0.011034925	-0.007979038	0.007979038	7.82005E-17
PLAA	-0.001259587	0.001518176	-0.001518176	0.000358536
PLAGL1	-0.014880331	-0.010804279	0.010804279	5.22604E-12
PLBD2	0.00588779	0.008851631	-0.008851631	5.04844E-06
PLCB1	-0.0696197	-0.063680147	0.063680147	6.1395E-188
PLCB4	-0.001812096	0.004141079	-0.004141079	0.032386539
PLCE1	0.013611719	0.016657216	-0.016657216	8.49115E-18
PLCG1	0.008988364	0.011625286	-0.011625286	2.49419E-17
PLCH1	0.014147617	0.019770645	-0.019770645	2.8377E-06
PLCH2	0.026136944	0.02947244	-0.02947244	1.76507E-51
PLCL1	-0.016852182	-0.00772664	0.00772664	2.61987E-12
PLCL2	-0.067833564	-0.060296534	0.060296534	7.53332E-69
PLCXD3	0.003857567	0.009691308	-0.009691308	3.42234E-06
PLD3	0.012876913	0.020792557	-0.020792557	0.006197043
PLD5	0.035425219	0.041650224	-0.041650224	7.08823E-45
PLEC	0.087674556	0.093644484	-0.093644484	2.1132E-194
PLEKHA1	-0.039849829	-0.032260252	0.032260252	3.05326E-31
PLEKHA2	-0.004453722	-0.00091905	0.00091905	2.63279E-06
PLEKHA3	-0.005142884	-0.001478371	0.001478371	9.56315E-10
PLEKHA5	-0.145618481	-0.136185966	0.136185966	2.0631E-200
PLEKHA6	-0.058486573	-0.051885876	0.051885876	3.15197E-68
PLEKHA7	-0.040842383	-0.037927052	0.037927052	9.7254E-191
PLEKHA8	-0.003237479	0.000440298	-0.000440298	0.000303993
PLEKHB2	-0.017305144	-0.01300415	0.01300415	1.09633E-15
PLEKHG1	-0.025157645	-0.021910451	0.021910451	1.52196E-65
PLEKHG5	0.002592625	0.005439067	-0.005439067	5.03898E-05
PLEKHH1	0.016041307	0.019058693	-0.019058693	6.95336E-34
PLEKHM1	-0.00558819	-0.003088686	0.003088686	1.01241E-07
PLEKHM2	0.007437767	0.011798638	-0.011798638	6.57824E-08
PLEKHM3	-0.031033733	-0.024641292	0.024641292	1.20114E-23
PLEKHO1	0.004998459	0.008232616	-0.008232616	0.003428229
PLGLB1	-0.020635508	-0.017814688	0.017814688	3.35352E-49
PLK2	0.008081493	0.011837861	-0.011837861	3.08739E-07
PLOD2	0.006678223	0.010204797	-0.010204797	7.36027E-11
PLP1	0.108313365	0.112787626	-0.112787626	0
PLPP1	-0.015149472	-0.009820175	0.009820175	4.12289E-10
PLPP7	-0.013686919	-0.01048094	0.01048094	7.02619E-22
PLPPR1	0.006804157	0.011248299	-0.011248299	0.011219737
PLPPR2	0.068079248	0.073438492	-0.073438492	7.5059E-149
PLPPR3	0.011422454	0.014222421	-0.014222421	5.03144E-18
PLPPR4	-0.010963975	-0.005020038	0.005020038	0.001329273
PLPPR5	0.004351968	0.009289831	-0.009289831	0.053980563
PLRG1	0.004912705	0.007367409	-0.007367409	1.42391E-05
PLS3	-0.000772384	0.002382965	-0.002382965	0.016284703
PLXDC2	0.037824753	0.046419786	-0.046419786	2.20215E-52
PLXNA1	0.004004504	0.007752086	-0.007752086	0.023091852
PLXNA2	-0.091385866	-0.083994817	0.083994817	3.7746E-130
PLXNA4	-0.096908903	-0.088183811	0.088183811	7.2173E-111
PLXNB2	0.031960669	0.035109789	-0.035109789	3.08357E-89
PLXNC1	-0.027745118	-0.023114515	0.023114515	1.98767E-35
PLXND1	0.011525157	0.014367608	-0.014367608	2.05855E-28
PM20D2	0.002062711	0.005192406	-0.005192406	1.28204E-08
PMEPA1	0.004639781	0.007565351	-0.007565351	0.004730828
PMPCA	0.023296731	0.026399782	-0.026399782	5.67326E-51
PMPCB	0.018390783	0.021966817	-0.021966817	9.13459E-24
PMS1	-0.010141302	-0.005606795	0.005606795	1.19364E-09
PNCK	0.006282632	0.011154497	-0.011154497	0.000131383
PNISR	-0.217883792	-0.208874558	0.208874558	0
PNKD	-0.011508411	-0.007052694	0.007052694	4.82694E-11
PNMA1	0.011960673	0.014898771	-0.014898771	1.13494E-14
PNMA2	0.004956051	0.011348583	-0.011348583	5.52795E-08
PNMA3	-0.063347606	-0.057640289	0.057640289	4.4304E-125
PNMA6A	0.007500543	0.010231868	-0.010231868	1.30609E-07
PNMA8A	0.009985568	0.013055524	-0.013055524	4.82017E-12
PNN	-0.025798636	-0.022420298	0.022420298	1.67365E-66
PNPLA6	0.042170718	0.04671381	-0.04671381	1.20466E-94
PNPLA7	-0.017711988	-0.01316547	0.01316547	7.51304E-22
PNPLA8	-0.000682625	0.003102648	-0.003102648	2.31377E-05
PNPT1	0.009087119	0.012333069	-0.012333069	7.22934E-14
POC1B	-0.015448893	-0.012013688	0.012013688	2.56063E-21
PODXL2	0.06320404	0.069413124	-0.069413124	7.60416E-90
POGK	0.003474189	0.006066082	-0.006066082	0.000154749
POGLUT1	-0.001374237	0.001057844	-0.001057844	0.001223057
POGZ	-0.046068868	-0.03877498	0.03877498	1.50373E-35
POLA1	0.002558725	0.006997505	-0.006997505	0.006906339
POLB	-0.001450494	0.001011637	-0.001011637	0.144483071
POLD3	-0.020552631	-0.016690959	0.016690959	4.69505E-25
POLK	-0.02604775	-0.020851989	0.020851989	2.63416E-28
POLN	-0.116367652	-0.110861833	0.110861833	0
POLR1A	-0.009258716	-0.006398062	0.006398062	6.69056E-16
POLR1D	0.008022892	0.011151838	-0.011151838	1.51633E-12
POLR2A	0.028155162	0.031521118	-0.031521118	1.00622E-63
POLR2B	0.004337108	0.007858336	-0.007858336	2.20179E-08
POLR2F	-0.001989435	0.001765175	-0.001765175	2.02775E-13
POLR2H	0.009556	0.012130329	-0.012130329	1.41974E-12
POLR3A	-0.004067319	-0.000837445	0.000837445	5.41355E-09
POLR3B	-0.018161596	-0.014933396	0.014933396	7.85126E-29
POM121	-0.010686531	-0.00576927	0.00576927	6.97477E-05
POM121C	-0.043411029	-0.03804299	0.03804299	1.88641E-58
POMGNT1	0.018090437	0.021393154	-0.021393154	5.99418E-33
POMP	0.018909447	0.021556208	-0.021556208	9.12286E-50
POMT1	0.011820867	0.015080631	-0.015080631	4.65264E-18
POR	0.01618073	0.019603394	-0.019603394	1.1923E-21
POT1	-0.009412981	-0.005792536	0.005792536	5.72335E-08
POU2F1	-0.028693156	-0.020759211	0.020759211	8.90865E-13
POU2F2	-0.033877682	-0.029897852	0.029897852	3.89893E-66
POU3F3	0.006613575	0.009221526	-0.009221526	7.34352E-13
POU6F1	0.008079937	0.011923934	-0.011923934	1.71679E-09
POU6F2	-0.040539882	-0.031265211	0.031265211	3.74681E-18
PPA1	0.007621048	0.011022187	-0.011022187	1.18748E-07
PPA2	-0.022343333	-0.015781265	0.015781265	7.89909E-15
PPARD	0.004277853	0.007438376	-0.007438376	4.28474E-07
PPARG	0.012471755	0.016253264	-0.016253264	3.55848E-10
PPARGC1A	-0.015871786	-0.010661345	0.010661345	1.0761E-10
PPARGC1B	-0.030116501	-0.02656323	0.02656323	7.43826E-65
PPCDC	-0.017426746	-0.014130924	0.014130924	9.6739E-27
PPDPF	0.000113657	0.00344298	-0.00344298	0.708072694
PPFIA1	-0.005880782	-0.001257201	0.001257201	6.06654E-06
PPFIA2	-0.116223922	-0.107939796	0.107939796	8.7482E-165
PPFIA3	0.052828679	0.058408534	-0.058408534	6.82588E-91
PPFIA4	-0.044052586	-0.037620228	0.037620228	2.36517E-44
PPFIBP1	-0.018931919	-0.011394336	0.011394336	8.12357E-17
PPHLN1	-0.029907365	-0.023297643	0.023297643	3.28209E-23
PPIA	0.024460748	0.030667698	-0.030667698	3.19386E-15
PPID	0.010135047	0.0131398	-0.0131398	1.9736E-13
PPIE	0.00202863	0.005211194	-0.005211194	4.29407E-12
PPIG	-0.063694191	-0.057178974	0.057178974	9.63392E-83
PPIL2	-0.000950398	0.002738362	-0.002738362	3.00205E-06
PPIL4	-0.001619234	0.001686374	-0.001686374	1.18294E-05
PPIP5K1	-0.046537013	-0.042157006	0.042157006	7.3132E-101
PPIP5K2	-0.024731104	-0.018592853	0.018592853	1.38361E-18
PPM1A	-0.024369954	-0.018718602	0.018718602	2.95238E-20
PPM1B	-0.028046603	-0.022381006	0.022381006	8.67451E-35
PPM1D	-0.001772944	0.001140331	-0.001140331	6.06861E-07
PPM1E	-0.03223886	-0.023873641	0.023873641	1.32519E-17
PPM1F	-0.007979766	-0.004654956	0.004654956	2.94926E-17
PPM1G	0.004855411	0.007970004	-0.007970004	0.000536892
PPM1H	-0.077911979	-0.070539386	0.070539386	2.54663E-95
PPM1K	-0.005027273	0.001236568	-0.001236568	1.21739E-06
PPM1L	-0.14673712	-0.137335539	0.137335539	1.0629E-206
PPME1	0.005444441	0.010433747	-0.010433747	8.14857E-10
PPP1CA	0.010411371	0.013166471	-0.013166471	6.39103E-16
PPP1CB	0.11542753	0.119460975	-0.119460975	0
PPP1R10	0.01504119	0.018616236	-0.018616236	1.01902E-16
PPP1R12A	-0.095392574	-0.087091699	0.087091699	3.2217E-113
PPP1R12B	-0.011102987	-0.003039404	0.003039404	4.34904E-08
PPP1R12C	0.01506782	0.017930565	-0.017930565	4.26553E-34
PPP1R13B	-0.010050844	-0.003727283	0.003727283	2.94532E-07
PPP1R14C	-0.013079279	-0.009767448	0.009767448	2.21157E-20
PPP1R16B	-0.011716822	-0.0047285	0.0047285	7.36101E-11
PPP1R2	-0.004010396	-0.000730718	0.000730718	1.54017E-07
PPP1R21	-0.010450761	-0.005780442	0.005780442	9.48198E-11
PPP1R7	-0.00856274	-0.004750575	0.004750575	2.44225E-09
PPP1R9A	-0.065113306	-0.056138572	0.056138572	6.31074E-48
PPP1R9B	0.02746203	0.031134599	-0.031134599	1.2418E-51
PPP2CB	-0.022838582	-0.017650938	0.017650938	3.25447E-18
PPP2R1A	0.095592427	0.102856523	-0.102856523	5.5414E-165
PPP2R2A	-0.001110209	0.00465211	-0.00465211	0.000335777
PPP2R2B	-0.027384224	-0.019077817	0.019077817	5.33928E-10
PPP2R2C	-0.064488674	-0.056165125	0.056165125	4.30883E-54
PPP2R2D	-0.011233423	-0.006752134	0.006752134	1.06323E-09
PPP2R3A	0.001973318	0.00548269	-0.00548269	0.020441364
PPP2R3C	-0.006960027	-0.004027526	0.004027526	1.45122E-09
PPP2R5A	0.003646739	0.006464667	-0.006464667	4.88445E-08
PPP2R5B	0.009516303	0.012665978	-0.012665978	1.86624E-08
PPP2R5C	-0.032288487	-0.025242253	0.025242253	6.44813E-20
PPP2R5D	0.01359409	0.016523588	-0.016523588	4.33687E-25
PPP2R5E	-0.018945733	-0.011751623	0.011751623	3.83244E-11
PPP3CA	-0.055175119	-0.047013295	0.047013295	1.46017E-66
PPP3CB	-0.038600065	-0.032133949	0.032133949	3.77629E-37
PPP3CC	-0.018747602	-0.013921529	0.013921529	1.37425E-14
PPP3R1	0.191663221	0.195759691	-0.195759691	0
PPP4R1	-0.0074857	-0.00360341	0.00360341	3.9614E-09
PPP4R2	0.001451336	0.006338794	-0.006338794	5.42921E-10
PPP4R3A	-0.012356903	-0.008349467	0.008349467	4.52594E-14
PPP4R3B	-0.001364992	0.003127054	-0.003127054	2.30518E-06
PPP4R4	-0.004966756	-7.87914E-05	7.87914E-05	0.025945611
PPP5C	0.048194797	0.052879902	-0.052879902	5.74074E-96
PPP6C	-0.008890623	-0.005442334	0.005442334	1.60954E-13
PPP6R1	0.014846669	0.017926705	-0.017926705	1.42189E-21
PPP6R2	-0.006229817	0.000494201	-0.000494201	5.35975E-06
PPP6R3	0.011778222	0.018631574	-0.018631574	1.25488E-09
PPT1	0.000146756	0.003299799	-0.003299799	0.131091166
PPWD1	-0.007778589	-0.004816251	0.004816251	4.78951E-10
PRAG1	-0.029578811	-0.026335422	0.026335422	6.51949E-76
PRB2	-0.160136597	-0.154331941	0.154331941	0
PRCC	0.002682461	0.005531796	-0.005531796	5.49571E-06
PRCP	-0.005814375	-0.002697697	0.002697697	3.48489E-10
PRDM10	-0.002157224	0.000538533	-0.000538533	0.00041122
PRDM11	-0.005106008	-0.002273007	0.002273007	2.79514E-08
PRDM2	-0.056286441	-0.049461582	0.049461582	7.94034E-59
PRDX1	0.030906976	0.034571134	-0.034571134	1.92869E-59
PRDX5	0.016642353	0.019472652	-0.019472652	2.23895E-29
PRDX6	0.014296485	0.017168532	-0.017168532	5.23346E-22
PRELID2	-0.002939695	0.003831525	-0.003831525	7.43004E-06
PRELID3A	-0.003275629	-0.000651451	0.000651451	8.1572E-09
PREP	-0.03343281	-0.028694994	0.028694994	9.86147E-46
PREPL	-0.007749819	0.001211969	-0.001211969	1.03682E-18
PREX1	0.00930517	0.012273728	-0.012273728	1.039E-20
PREX2	0.027878765	0.031394677	-0.031394677	2.3431E-54
PRH1	0.125889889	0.129164881	-0.129164881	0
PRICKLE1	-0.065083356	-0.056949499	0.056949499	1.66721E-54
PRICKLE2	-0.012956833	-0.004214958	0.004214958	1.95171E-13
PRIM2	-0.025433163	-0.021256492	0.021256492	2.21756E-37
PRIMPOL	-0.007050428	-0.004240687	0.004240687	2.50119E-08
PRKAA1	0.001063443	0.003939978	-0.003939978	0.000225253
PRKAA2	-0.030789378	-0.024533096	0.024533096	4.35002E-26
PRKAB2	0.005085196	0.007781563	-0.007781563	1.37632E-20
PRKACA	-0.000949255	0.003487707	-0.003487707	1.61527E-08
PRKACB	-0.00419609	0.005276361	-0.005276361	5.08973E-36
PRKAG2	-0.04942079	-0.041705253	0.041705253	1.40398E-38
PRKAR1A	-0.036099375	-0.030165747	0.030165747	7.29869E-45
PRKAR1B	0.037356387	0.045546878	-0.045546878	3.11377E-51
PRKAR2A	-0.01284708	-0.007524116	0.007524116	2.65278E-08
PRKAR2B	-0.006806254	0.000603818	-0.000603818	4.08392E-14
PRKCA	-0.036681307	-0.027932767	0.027932767	4.99141E-17
PRKCB	-0.071276789	-0.061682643	0.061682643	2.72518E-88
PRKCE	-0.105416589	-0.096097805	0.096097805	5.9919E-107
PRKCG	0.023139868	0.02750743	-0.02750743	6.83833E-25
PRKCI	-0.010527812	-0.005300861	0.005300861	2.316E-09
PRKCSH	0.060605245	0.065059641	-0.065059641	3.1975E-156
PRKCZ	-0.005239631	0.000225698	-0.000225698	7.83812E-07
PRKD1	-0.015689074	-0.008472371	0.008472371	1.73158E-13
PRKDC	-0.010109321	-0.004045966	0.004045966	5.05728E-15
PRKG1	0.031826598	0.041748529	-0.041748529	5.21389E-63
PRKG2	-0.020016293	-0.016965613	0.016965613	3.73242E-38
PRKN	-0.090880509	-0.081399693	0.081399693	3.30217E-77
PRKRA	-0.001707554	0.001348544	-0.001348544	7.05928E-06
PRKRIP1	-0.030327255	-0.024893857	0.024893857	4.1749E-29
PRMT1	0.016403279	0.019643682	-0.019643682	1.3171E-23
PRMT2	0.032280769	0.036227056	-0.036227056	2.39899E-59
PRMT3	-0.018551295	-0.014611228	0.014611228	2.30788E-24
PRMT7	-0.006428681	-0.002825573	0.002825573	1.41516E-17
PRMT8	-0.061631356	-0.0569873	0.0569873	6.6372E-154
PRMT9	-0.003132363	-0.000453058	0.000453058	8.84657E-06
PRNP	0.081892473	0.090669221	-0.090669221	1.6039E-117
PROX1	0.014711272	0.018456985	-0.018456985	4.42783E-19
PRPF19	0.013430145	0.017953783	-0.017953783	1.94987E-10
PRPF3	-0.002451926	0.000280001	-0.000280001	1.80198E-06
PRPF38B	-0.061692457	-0.05712831	0.05712831	1.262E-168
PRPF39	-0.005547625	-0.001273209	0.001273209	2.10065E-06
PRPF40A	0.000325667	0.004920317	-0.004920317	5.90611E-15
PRPF40B	-0.009701932	-0.005202468	0.005202468	1.62541E-10
PRPF4B	-0.00261316	0.003491975	-0.003491975	1.24422E-11
PRPF6	0.011539271	0.014774288	-0.014774288	1.72729E-21
PRPF8	0.022126531	0.025746667	-0.025746667	9.93754E-40
PRPSAP1	0.004870682	0.008977773	-0.008977773	0.042826199
PRPSAP2	0.002136358	0.005596058	-0.005596058	0.036248634
PRR12	0.012821878	0.015421011	-0.015421011	8.29117E-25
PRR14L	-0.03395925	-0.028563249	0.028563249	4.45558E-36
PRR16	-0.005960201	0.001168742	-0.001168742	1.38699E-09
PRR36	0.037622755	0.041165872	-0.041165872	8.5052E-103
PRRC2A	0.015631377	0.019632633	-0.019632633	4.91422E-18
PRRC2B	0.038371659	0.04497189	-0.04497189	5.90909E-39
PRRC2C	-0.153802469	-0.145816483	0.145816483	3.868618182e-314
PRRT1	0.045408819	0.049767916	-0.049767916	9.72188E-96
PRSS3	-0.006752327	-0.003495589	0.003495589	1.09804E-05
PRTFDC1	-0.009361453	-0.006059722	0.006059722	1.26655E-09
PRUNE2	0.033292803	0.040318755	-0.040318755	1.57162E-29
PSAP	0.077110877	0.084480824	-0.084480824	1.20546E-93
PSD	0.091705707	0.09808817	-0.09808817	6.5723E-206
PSD3	0.023850924	0.032877974	-0.032877974	2.34934E-25
PSEN1	-0.007157238	-0.003073795	0.003073795	1.39376E-12
PSIP1	0.018555467	0.025053707	-0.025053707	5.08821E-23
PSMA1	0.026777236	0.029869334	-0.029869334	2.39114E-67
PSMA4	0.01583489	0.018463203	-0.018463203	1.98122E-36
PSMB1	0.003334112	0.006605622	-0.006605622	0.136768914
PSMB2	-0.005595419	-0.002428962	0.002428962	0.001413623
PSMB5	-0.004974878	-0.002163717	0.002163717	2.61431E-05
PSMB7	-0.004095694	-0.000358486	0.000358486	0.000243568
PSMC1	0.003876899	0.006499478	-0.006499478	1.37605E-05
PSMC2	0.000967535	0.003530107	-0.003530107	0.348132861
PSMC3	0.023400123	0.026096098	-0.026096098	2.32515E-71
PSMC6	0.012307339	0.015555905	-0.015555905	3.24921E-24
PSMD1	-0.008180012	-0.002744594	0.002744594	1.99719E-10
PSMD11	0.004315958	0.009157963	-0.009157963	3.07752E-15
PSMD12	0.004548964	0.007995481	-0.007995481	7.2946E-12
PSMD13	0.013759759	0.016827136	-0.016827136	5.17497E-18
PSMD14	-0.033242394	-0.028174522	0.028174522	2.06008E-40
PSMD2	0.014594367	0.017216191	-0.017216191	1.2214E-26
PSMD3	0.008126972	0.011218211	-0.011218211	6.21731E-07
PSMD4	0.010360002	0.013680517	-0.013680517	9.54321E-10
PSMD5	-0.002420508	0.000142277	-0.000142277	2.08996E-06
PSME4	-0.006070105	-0.00141401	0.00141401	5.2627E-09
PSMF1	-0.006497496	-0.002696971	0.002696971	3.8837E-05
PSMG2	0.00024318	0.004285307	-0.004285307	0.004799902
PSMG4	-0.022862245	-0.019261572	0.019261572	9.17131E-36
PSPC1	-0.052044024	-0.043885236	0.043885236	1.55146E-35
PSTK	-0.01013459	-0.00740443	0.00740443	1.24308E-14
PTAR1	0.005903785	0.009139612	-0.009139612	8.47106E-15
PTBP1	-0.003034326	-5.76301E-05	5.76301E-05	2.40012E-08
PTBP2	-0.008186644	-0.001357853	0.001357853	7.83064E-16
PTBP3	-0.016418687	-0.01207261	0.01207261	1.78324E-22
PTCD3	0.001075616	0.005077066	-0.005077066	0.004865518
PTCH2	-0.014481817	-0.011524489	0.011524489	5.94165E-26
PTCHD1	-0.000621053	0.002503832	-0.002503832	0.000154149
PTCHD4	-0.023391836	-0.016312794	0.016312794	3.7215E-31
PTDSS1	-0.012579378	-0.008924015	0.008924015	2.78926E-12
PTDSS2	-0.004037834	0.000903851	-0.000903851	7.63065E-21
PTEN	-0.035945154	-0.028771884	0.028771884	1.09365E-31
PTGES2	0.008613318	0.011360709	-0.011360709	3.19574E-12
PTGES3	0.039592046	0.044139426	-0.044139426	1.35583E-72
PTGR1	-0.014222996	-0.01105652	0.01105652	3.67113E-18
PTH2R	-0.103304025	-0.09795747	0.09795747	0
PTK2	-0.053670527	-0.043987972	0.043987972	2.49136E-26
PTK2B	-0.012556314	-0.004466348	0.004466348	1.16239E-09
PTK7	0.000784101	0.003897772	-0.003897772	1.86302E-08
PTMA	0.107197352	0.113261654	-0.113261654	6.3513E-263
PTMS	0.105216907	0.110716249	-0.110716249	2.1362E-302
PTN	0.021803443	0.024637596	-0.024637596	1.04094E-49
PTOV1	0.098194685	0.102765093	-0.102765093	0
PTPA	0.055730989	0.060754434	-0.060754434	3.5407E-110
PTPDC1	-0.017975113	-0.014514169	0.014514169	9.9156E-25
PTPN1	-0.009770229	-0.005266095	0.005266095	8.57152E-07
PTPN11	-0.012022105	-0.006940133	0.006940133	7.48558E-12
PTPN12	-0.02226579	-0.017388757	0.017388757	1.29822E-24
PTPN13	0.013784617	0.019374704	-0.019374704	2.4723E-08
PTPN14	-0.037170663	-0.033305337	0.033305337	3.21084E-91
PTPN18	-0.004501967	-0.001590037	0.001590037	6.11509E-06
PTPN2	-0.018916269	-0.014236708	0.014236708	6.05393E-15
PTPN20	-0.073265534	-0.069483198	0.069483198	0
PTPN4	-0.042579678	-0.034214398	0.034214398	1.57E-28
PTPN5	-0.024609281	-0.019461147	0.019461147	1.22281E-20
PTPN9	-0.01873312	-0.013288756	0.013288756	1.23803E-14
PTPRA	0.013534779	0.021136746	-0.021136746	1.66204E-05
PTPRB	-0.016048024	-0.011984967	0.011984967	1.88962E-14
PTPRD	-0.028607456	-0.020873615	0.020873615	5.96236E-16
PTPRE	-0.032272525	-0.025782955	0.025782955	6.67096E-22
PTPRF	-0.008710258	-0.004851955	0.004851955	1.74936E-06
PTPRG	-0.082505521	-0.072596032	0.072596032	1.91633E-61
PTPRJ	-0.019605609	-0.013547785	0.013547785	8.43121E-13
PTPRK	0.049250168	0.060001121	-0.060001121	1.4258E-39
PTPRM	-0.001146355	0.006775324	-0.006775324	0.00630136
PTPRN	0.090495807	0.097169238	-0.097169238	1.1775E-155
PTPRN2	-0.17564813	-0.166750099	0.166750099	0
PTPRO	-0.0837483	-0.075405679	0.075405679	2.03843E-89
PTPRR	-0.042229363	-0.034659528	0.034659528	7.83318E-27
PTPRS	-0.027589267	-0.020563123	0.020563123	1.11082E-14
PTPRT	-0.040584157	-0.029720956	0.029720956	8.50944E-18
PTPRU	0.018881601	0.022256106	-0.022256106	2.66061E-28
PTPRZ1	0.058791979	0.063429737	-0.063429737	3.924E-140
PTS	-0.004809017	-0.001997698	0.001997698	7.15493E-05
PUM1	0.000825598	0.007886899	-0.007886899	1.65908E-12
PUM2	-0.009712364	-0.002184972	0.002184972	1.08169E-09
PUM3	-0.025285777	-0.018883708	0.018883708	5.24648E-21
PURA	0.003321193	0.009681495	-0.009681495	2.784E-20
PURB	0.013040335	0.016440795	-0.016440795	3.05295E-14
PURG	-0.005403249	-0.000437759	0.000437759	4.40616E-06
PUS1	0.000283354	0.00287475	-0.00287475	0.089539649
PUS10	-0.000572084	0.002090978	-0.002090978	0.0714063
PUS7	-0.017202455	-0.013515038	0.013515038	1.7641E-25
PUS7L	-0.000478438	0.00452736	-0.00452736	0.000219993
PWP1	0.001314506	0.003758934	-0.003758934	0.02393602
PWWP2A	-0.00520251	-0.001114784	0.001114784	0.000352552
PXDNL	0.002009391	0.00516465	-0.00516465	0.00283868
PXK	0.026922976	0.031486423	-0.031486423	1.88885E-49
PXYLP1	-0.028180492	-0.023770493	0.023770493	1.4001E-38
PYGB	0.035126408	0.040752856	-0.040752856	1.37451E-60
QDPR	0.038897941	0.043751143	-0.043751143	4.59515E-73
QKI	0.114542965	0.123004588	-0.123004588	2.2615E-153
QRICH1	-0.027680554	-0.023265864	0.023265864	1.25073E-35
QRICH2	0.025555491	0.029523188	-0.029523188	1.96697E-41
QSER1	-0.016589714	-0.011715485	0.011715485	5.26153E-14
QSOX1	0.009101194	0.01261865	-0.01261865	9.61881E-21
QTRT1	0.011478165	0.016486633	-0.016486633	3.83286E-20
R3HCC1L	-0.016993031	-0.013566515	0.013566515	3.92262E-25
R3HDM1	-0.094794113	-0.085156228	0.085156228	3.64051E-82
R3HDM2	0.028815444	0.036759239	-0.036759239	1.53365E-27
R3HDM4	0.013529313	0.016422631	-0.016422631	1.24297E-26
RAB10	-0.017343678	-0.011228411	0.011228411	6.99801E-10
RAB11A	0.007685133	0.012119635	-0.012119635	9.6167E-06
RAB11B	0.04587029	0.050384779	-0.050384779	3.5394E-93
RAB11FIP2	-0.022273962	-0.017248844	0.017248844	1.15805E-18
RAB11FIP3	-0.027617424	-0.021447469	0.021447469	1.4507E-22
RAB11FIP4	-0.000870185	0.00527663	-0.00527663	1.05608E-05
RAB12	-0.01996891	-0.015599004	0.015599004	9.62047E-20
RAB14	0.003902482	0.008270034	-0.008270034	5.82778E-11
RAB15	0.011451161	0.015685697	-0.015685697	1.53611E-08
RAB18	-0.012763572	-0.008352047	0.008352047	4.41231E-10
RAB1A	-0.01031372	-0.00592658	0.00592658	8.79531E-07
RAB1B	0.007719126	0.010709299	-0.010709299	2.23231E-06
RAB21	-0.007481234	-0.003321696	0.003321696	3.66236E-12
RAB22A	0.007749966	0.011052099	-0.011052099	6.93361E-07
RAB26	0.035675568	0.040059595	-0.040059595	1.43335E-76
RAB27A	-0.009467511	-0.006355691	0.006355691	1.29859E-12
RAB27B	0.012166453	0.017649363	-0.017649363	1.64366E-13
RAB28	-0.068807212	-0.06176129	0.06176129	5.57521E-82
RAB2A	0.004011888	0.010349187	-0.010349187	4.65845E-18
RAB30	-0.032548545	-0.027495724	0.027495724	5.12739E-41
RAB31	0.001838622	0.004705546	-0.004705546	0.006707285
RAB37	-0.046766314	-0.04253488	0.04253488	9.4111E-111
RAB3A	0.000518928	0.004262835	-0.004262835	1.66847E-07
RAB3C	0.001944269	0.010130192	-0.010130192	0.001079542
RAB3GAP1	-0.010695063	-0.003668611	0.003668611	1.14075E-06
RAB3GAP2	-0.015072423	-0.009916693	0.009916693	3.39078E-16
RAB3IP	0.040419499	0.043397416	-0.043397416	1.1997E-156
RAB40B	-0.016075177	-0.012061885	0.012061885	7.54583E-17
RAB40C	-0.040570534	-0.035473735	0.035473735	2.02011E-58
RAB4A	0.003041177	0.005946594	-0.005946594	7.3264E-10
RAB5A	-0.005419928	-0.002032691	0.002032691	1.79461E-12
RAB5B	0.015211066	0.019016585	-0.019016585	7.47894E-18
RAB6A	-0.020596001	-0.013965995	0.013965995	7.20496E-13
RAB6B	0.064922737	0.071214341	-0.071214341	2.7936E-106
RAB7A	0.005341304	0.010371732	-0.010371732	0.08642709
RAB8B	0.011853768	0.015541065	-0.015541065	7.53818E-11
RAB9B	0.00272289	0.005949124	-0.005949124	2.31394E-05
RABAC1	0.033986224	0.038030604	-0.038030604	4.45766E-59
RABEP1	-0.03807999	-0.031682081	0.031682081	5.13587E-35
RABGAP1	-0.014586176	-0.007182358	0.007182358	2.35444E-08
RABGAP1L	-0.041286934	-0.032045759	0.032045759	6.95824E-30
RABL2A	-0.007159671	-0.003664219	0.003664219	6.43334E-13
RABL2B	0.011840403	0.015475408	-0.015475408	2.87127E-18
RABL6	0.072874068	0.078378207	-0.078378207	1.7782E-167
RAC1	0.004929307	0.009630357	-0.009630357	1.87564E-10
RACK1	0.04632959	0.049499296	-0.049499296	3.1688E-189
RAD18	-0.019357768	-0.015000245	0.015000245	1.32673E-19
RAD21	0.017731117	0.022462257	-0.022462257	3.53745E-20
RAD23A	0.023172324	0.026640593	-0.026640593	7.1404E-42
RAD23B	-0.01229369	-0.007924183	0.007924183	3.28611E-14
RAD51B	0.011300985	0.0153005	-0.0153005	3.48392E-15
RAD51C	-0.004750824	-0.001942607	0.001942607	0.00016831
RAD52	-0.01015275	-0.007106466	0.007106466	1.47523E-11
RAD54L2	0.001903317	0.005890891	-0.005890891	2.0433E-08
RAD9A	-0.043634257	-0.037572732	0.037572732	7.90492E-47
RAF1	0.001773864	0.006238304	-0.006238304	9.17853E-09
RAI1	-0.02045318	-0.016169864	0.016169864	6.06605E-21
RAI2	-0.003363828	-0.000542094	0.000542094	0.01707824
RALA	-0.004398071	-0.000916893	0.000916893	9.44531E-07
RALBP1	-0.009899462	-0.006050303	0.006050303	6.58065E-13
RALGAPA1	-0.007752972	0.000292695	-0.000292695	1.83183E-13
RALGAPA2	-0.027448816	-0.021227718	0.021227718	6.25323E-20
RALGAPB	-0.010871217	-0.006468906	0.006468906	6.50903E-07
RALGDS	0.023104387	0.026307719	-0.026307719	6.97232E-46
RALGPS1	-0.085957708	-0.078901767	0.078901767	2.4155E-127
RALGPS2	-0.026555075	-0.020601047	0.020601047	5.76906E-19
RALY	0.002139452	0.005480705	-0.005480705	1.73822E-10
RALYL	-0.052290735	-0.040906945	0.040906945	7.14822E-33
RAMP1	-0.001397413	0.002428536	-0.002428536	6.49369E-09
RAN	0.002716528	0.005541637	-0.005541637	0.004383128
RANBP10	-0.020613502	-0.017146415	0.017146415	6.10142E-32
RANBP17	-0.025183337	-0.019163288	0.019163288	5.94485E-16
RANBP2	-0.024684186	-0.017695906	0.017695906	2.48129E-18
RANBP3	0.004321422	0.007225275	-0.007225275	7.99171E-07
RANBP9	-0.04485048	-0.03849471	0.03849471	1.03148E-46
RANGAP1	0.101422887	0.107605269	-0.107605269	1.7285E-244
RAP1A	-0.00829154	-0.003032487	0.003032487	2.04175E-07
RAP1B	-0.004322449	-0.000601318	0.000601318	0.00011212
RAP1GAP	0.062397307	0.068725389	-0.068725389	3.93716E-82
RAP1GAP2	-0.050859745	-0.044056357	0.044056357	4.7782E-50
RAP1GDS1	-0.030723969	-0.023894833	0.023894833	4.48211E-24
RAP2A	-0.008678755	-0.003057302	0.003057302	2.88989E-10
RAPGEF1	-0.007985035	-0.003348702	0.003348702	8.11523E-07
RAPGEF2	-0.094981645	-0.08528842	0.08528842	1.65394E-80
RAPGEF3	0.024697173	0.027820452	-0.027820452	1.88956E-72
RAPGEF4	-0.112224867	-0.102762688	0.102762688	1.3054E-117
RAPGEF5	-0.114037581	-0.104031067	0.104031067	8.5915E-109
RAPGEFL1	0.019231899	0.024771049	-0.024771049	1.90377E-19
RAPH1	-0.025488149	-0.020289926	0.020289926	6.83804E-22
RARB	-0.037599178	-0.030971084	0.030971084	4.17351E-30
RARS2	0.00246447	0.006363853	-0.006363853	2.72033E-07
RASA1	-0.04774762	-0.039819	0.039819	9.19302E-35
RASA2	-0.052591289	-0.045594307	0.045594307	1.17287E-50
RASA3	-0.033747005	-0.029750018	0.029750018	1.14729E-63
RASAL2	-0.129823639	-0.120326042	0.120326042	2.2025E-155
RASD1	0.038693284	0.042457966	-0.042457966	5.71874E-90
RASD2	0.038888386	0.042643506	-0.042643506	1.2197E-100
RASGEF1A	-0.002283465	0.001102755	-0.001102755	0.011469324
RASGEF1B	0.134367881	0.141334476	-0.141334476	0
RASGRF1	-0.070369985	-0.064948094	0.064948094	4.3725E-146
RASGRF2	-0.079332451	-0.070898688	0.070898688	1.90774E-78
RASGRP1	-0.00273743	0.000297407	-0.000297407	0.003139766
RASSF4	0.016673831	0.019910856	-0.019910856	1.48999E-50
RASSF8	0.014686539	0.018126948	-0.018126948	1.70637E-16
RAVER2	0.006230749	0.009567472	-0.009567472	3.1867E-09
RB1	-0.057044122	-0.050901648	0.050901648	4.0789E-79
RB1CC1	-0.051337289	-0.044272265	0.044272265	2.73029E-48
RBBP4	0.023748432	0.028138648	-0.028138648	3.53082E-28
RBBP5	0.000150038	0.002815931	-0.002815931	0.008283386
RBBP6	-0.054013	-0.048156456	0.048156456	1.51865E-77
RBBP7	0.002543755	0.005451778	-0.005451778	0.006204559
RBCK1	0.000644867	0.003710471	-0.003710471	1.24596E-08
RBFOX1	-0.10235549	-0.096178122	0.096178122	2.5809E-232
RBFOX2	-0.066728044	-0.05735432	0.05735432	3.27599E-43
RBFOX3	-0.200823491	-0.191829426	0.191829426	0
RBL1	0.003238114	0.006037004	-0.006037004	1.55224E-05
RBL2	-0.019341748	-0.014977047	0.014977047	4.66119E-25
RBM10	0.005798116	0.009181885	-0.009181885	9.92247E-09
RBM12B	-0.015556259	-0.011857356	0.011857356	1.5551E-16
RBM17	0.008025039	0.012369213	-0.012369213	6.36205E-09
RBM25	-0.116703239	-0.109015405	0.109015405	9.3944E-198
RBM26	-0.045827378	-0.036963206	0.036963206	8.36786E-30
RBM28	-0.000151194	0.00299291	-0.00299291	7.35311E-11
RBM33	-0.031922266	-0.025408911	0.025408911	4.22715E-25
RBM39	-0.001309512	0.005718148	-0.005718148	4.83993E-12
RBM4	0.026974638	0.03015458	-0.03015458	3.31231E-76
RBM41	-0.004133753	-0.000406562	0.000406562	0.032979183
RBM45	-0.012710307	-0.009713184	0.009713184	6.1602E-24
RBM48	0.000591247	0.003571394	-0.003571394	0.094908075
RBM5	0.028506098	0.033517559	-0.033517559	7.50316E-38
RBM6	-0.005997439	0.002228316	-0.002228316	1.09608E-07
RBMS1	-0.006281983	-0.00025708	0.00025708	1.26688E-06
RBMS3	0.259937765	0.265333504	-0.265333504	0
RBMX	0.012869696	0.016636513	-0.016636513	1.91529E-12
RBPJ	0.026432599	0.032237243	-0.032237243	1.90627E-21
RBSN	-0.000292619	0.002372882	-0.002372882	0.001189566
RBX1	0.029051555	0.033664113	-0.033664113	1.05667E-52
RC3H1	-0.010581636	-0.004760449	0.004760449	7.41401E-11
RC3H2	0.003409186	0.007684814	-0.007684814	1.41126E-08
RCAN1	-0.012488378	-0.008642652	0.008642652	1.14454E-11
RCAN2	-0.098422928	-0.08966289	0.08966289	1.8789E-106
RCC2	0.00635659	0.009191414	-0.009191414	7.95861E-12
RCHY1	-0.004517135	-0.001229896	0.001229896	2.23949E-11
RCL1	-0.010291284	-0.006587159	0.006587159	8.19293E-11
RCN2	0.002461362	0.006848521	-0.006848521	9.03011E-10
RCOR1	-0.004252677	-0.00065999	0.00065999	0.005126666
RCOR3	-0.043818528	-0.037915355	0.037915355	1.74215E-54
RDX	0.011602235	0.016196172	-0.016196172	5.55904E-16
RECK	-0.011359821	-0.007438761	0.007438761	1.30044E-08
REEP1	-0.031094305	-0.02515719	0.02515719	9.85991E-26
REEP2	0.044672962	0.050367384	-0.050367384	1.54903E-80
REEP3	-0.006796315	-0.002660475	0.002660475	9.07448E-11
REEP5	0.007533219	0.012323242	-0.012323242	0.007023561
RELCH	0.102422137	0.105307586	-0.105307586	0
RELN	-0.010117062	-0.005559356	0.005559356	2.59106E-06
REPS1	-0.031739635	-0.025527845	0.025527845	1.51528E-25
REPS2	-0.00257238	0.004471989	-0.004471989	0.000201504
RER1	0.020270397	0.024059782	-0.024059782	1.2942E-30
RERE	-0.023897085	-0.01452771	0.01452771	1.21505E-10
RERG	0.003667809	0.007797959	-0.007797959	0.134808288
RETREG1	-0.01479497	-0.008537064	0.008537064	1.23669E-09
RETREG2	0.035701108	0.039330401	-0.039330401	9.04463E-81
RETREG3	0.010146221	0.013938958	-0.013938958	2.652E-11
REV1	-0.027258429	-0.021346322	0.021346322	6.703E-20
REV3L	-0.021953341	-0.013482923	0.013482923	3.96106E-12
REX1BD	0.021105728	0.02510811	-0.02510811	1.51193E-52
REXO1	0.003424667	0.006719192	-0.006719192	4.12481E-06
RFC1	0.000433424	0.004033746	-0.004033746	2.30229E-08
RFC3	-0.01217081	-0.008821085	0.008821085	2.81405E-13
RFLNA	-0.015036985	-0.011272348	0.011272348	2.90562E-16
RFNG	0.034857239	0.038992935	-0.038992935	4.22654E-67
RFTN1	-0.067399406	-0.061867126	0.061867126	4.1913E-128
RFX1	0.001757794	0.005472485	-0.005472485	8.21855E-06
RFX2	-0.019355497	-0.016194252	0.016194252	3.10079E-33
RFX3	-0.040433937	-0.030758014	0.030758014	8.54422E-19
RFX7	-0.071622107	-0.064192526	0.064192526	4.82888E-79
RFXAP	0.000543389	0.003298905	-0.003298905	0.032624738
RGL1	-0.072769187	-0.065104248	0.065104248	3.83831E-77
RGMA	-0.007371172	-0.004433947	0.004433947	5.64161E-09
RGMB	0.003756883	0.007017855	-0.007017855	0.055844494
RGPD8	-0.007340206	-0.004406983	0.004406983	5.11389E-06
RGS11	0.013909583	0.019624303	-0.019624303	3.52509E-19
RGS12	0.041463935	0.047717437	-0.047717437	4.27682E-42
RGS17	0.003023869	0.007473804	-0.007473804	3.46334E-06
RGS4	-0.020175113	-0.015459541	0.015459541	3.30067E-16
RGS6	-0.072717847	-0.062100201	0.062100201	1.92309E-42
RGS7	-0.137510289	-0.130224529	0.130224529	8.5877E-298
RGS7BP	-0.00795956	-0.001474376	0.001474376	5.37872E-05
RHBDD1	-0.008935872	-0.00528074	0.00528074	5.9454E-06
RHBDD2	0.059192284	0.065077095	-0.065077095	1.56036E-86
RHBDD3	0.019870843	0.023805131	-0.023805131	3.23015E-34
RHBDL1	0.02599553	0.030390496	-0.030390496	4.81347E-35
RHBDL3	-0.050206592	-0.045011064	0.045011064	3.87616E-86
RHEB	-0.001418827	0.003097804	-0.003097804	0.082060305
RHOA	0.015495123	0.019134708	-0.019134708	4.44931E-23
RHOB	0.021236502	0.024373503	-0.024373503	1.11234E-38
RHOBTB1	-0.014686535	-0.010355672	0.010355672	2.05446E-24
RHOBTB2	-0.015997417	-0.011647853	0.011647853	9.2509E-22
RHOBTB3	0.027960154	0.03209684	-0.03209684	1.74206E-42
RHOQ	0.008194601	0.011010416	-0.011010416	3.34852E-10
RHOT1	-0.02001	-0.013646633	0.013646633	2.0165E-11
RHOT2	0.024702533	0.028277736	-0.028277736	2.66406E-44
RHPN1	0.027333146	0.031827802	-0.031827802	2.94311E-47
RIC1	-0.033956307	-0.029348831	0.029348831	2.18635E-50
RIC3	-0.025839536	-0.021606669	0.021606669	2.62216E-33
RIC8B	-0.032506216	-0.027221911	0.027221911	3.78383E-33
RICTOR	-0.025953367	-0.018537427	0.018537427	2.69966E-16
RIF1	-0.020449466	-0.014292062	0.014292062	1.83394E-15
RILPL1	-0.025993911	-0.022150591	0.022150591	1.16819E-43
RIMBP2	-0.03228663	-0.024953185	0.024953185	1.65007E-19
RIMKLA	-0.003090501	-0.000211788	0.000211788	0.012249329
RIMKLB	-0.00178079	0.001996201	-0.001996201	0.216889455
RIMS1	-0.13116504	-0.121625262	0.121625262	3.7058E-157
RIMS2	-0.136911355	-0.130730303	0.130730303	0
RIMS3	0.007936295	0.013746605	-0.013746605	6.26464E-36
RIMS4	0.020835169	0.024711092	-0.024711092	6.04558E-29
RIN2	0.034121207	0.036699854	-0.036699854	1.9177E-156
RING1	0.021657717	0.026118621	-0.026118621	6.2866E-38
RIOK3	0.005878113	0.008922843	-0.008922843	1.24877E-08
RIPK1	-0.010467306	-0.007516063	0.007516063	3.74812E-13
RIPOR1	0.028350279	0.032501871	-0.032501871	7.61918E-43
RIPOR2	0.009777524	0.014566112	-0.014566112	8.46778E-05
RIT2	0.050721994	0.057111551	-0.057111551	3.98372E-64
RLF	-0.039970171	-0.034389467	0.034389467	1.15506E-45
RLIM	0.011925589	0.01524079	-0.01524079	3.87153E-17
RMDN1	0.002870773	0.005469404	-0.005469404	1.29679E-10
RMDN2	-0.019155067	-0.015777961	0.015777961	5.83257E-29
RMDN3	-0.000184054	0.002610364	-0.002610364	5.41245E-06
RMND5A	-0.017304236	-0.01253318	0.01253318	3.23829E-16
RMND5B	-0.005688211	-0.002940273	0.002940273	1.57398E-11
RNASEH2B	-0.018326584	-0.013962065	0.013962065	1.49017E-17
RNASEH2C	0.009394824	0.012226144	-0.012226144	6.28048E-13
RNF10	-0.002841203	0.001528825	-0.001528825	0.002338955
RNF11	0.009138722	0.014753997	-0.014753997	3.11039E-11
RNF111	-0.026730464	-0.021192638	0.021192638	2.70559E-22
RNF112	-0.000638633	0.002238003	-0.002238003	0.442783157
RNF114	0.000120202	0.002704245	-0.002704245	0.001837546
RNF115	-0.025526404	-0.019483816	0.019483816	4.52771E-18
RNF13	-0.015616186	-0.009621162	0.009621162	2.1715E-15
RNF130	-0.007431812	0.000128431	-0.000128431	0.117668982
RNF138	-0.002054435	0.001053524	-0.001053524	0.000131773
RNF14	-0.001689986	0.001219945	-0.001219945	1.48296E-05
RNF144A	-0.060525038	-0.052112422	0.052112422	4.42347E-51
RNF145	-0.013800402	-0.008774095	0.008774095	9.7504E-11
RNF146	-0.017757442	-0.01283757	0.01283757	6.73992E-24
RNF149	-0.013389977	-0.008762476	0.008762476	1.46868E-08
RNF150	-0.069213871	-0.061525186	0.061525186	2.21495E-69
RNF157	-0.005901038	-0.000339044	0.000339044	2.34166E-05
RNF165	-0.037493621	-0.033121244	0.033121244	2.49907E-65
RNF168	-0.020313266	-0.016707735	0.016707735	7.5805E-31
RNF169	-0.001549178	0.002513337	-0.002513337	8.68283E-05
RNF170	-0.004389054	-0.00047819	0.00047819	1.11898E-05
RNF175	-0.015466718	-0.010746045	0.010746045	9.00234E-11
RNF180	-0.023721552	-0.017480695	0.017480695	2.32601E-15
RNF185	0.00456489	0.00753126	-0.00753126	0.000355931
RNF187	0.024373744	0.027742876	-0.027742876	2.48948E-44
RNF19A	-0.013188718	-0.007584507	0.007584507	1.29765E-06
RNF2	-0.005139445	-0.002323778	0.002323778	0.000924094
RNF208	0.064343768	0.069342177	-0.069342177	1.8708E-142
RNF216	-0.025094948	-0.019486864	0.019486864	1.0428E-17
RNF217	-0.008580883	-0.003973443	0.003973443	1.87963E-08
RNF220	0.055282436	0.059694517	-0.059694517	1.7134E-131
RNF24	-0.043631496	-0.037611334	0.037611334	2.35641E-46
RNF34	-0.011942694	-0.008473351	0.008473351	6.07168E-14
RNF38	-0.018572551	-0.013364772	0.013364772	2.39546E-12
RNF4	-0.000724183	0.002246309	-0.002246309	1.74786E-06
RNF40	0.018915939	0.021574272	-0.021574272	7.68133E-45
RNF41	0.013835969	0.016953131	-0.016953131	1.8149E-21
RNF44	0.000806714	0.003522846	-0.003522846	2.53607E-12
RNF8	-0.012609579	-0.009508917	0.009508917	3.68951E-19
RNFT2	-0.013932327	-0.010907016	0.010907016	2.67032E-20
RNGTT	-0.050283736	-0.043630361	0.043630361	3.46282E-51
RNLS	-0.010263332	-0.004506096	0.004506096	9.41517E-10
RNMT	-0.074044154	-0.067765245	0.067765245	3.1544E-121
RNPC3	-0.035356589	-0.029061108	0.029061108	6.64967E-47
RNPEPL1	0.021872754	0.024621097	-0.024621097	3.16045E-61
RNPS1	0.001328205	0.006176039	-0.006176039	9.28317E-12
ROBO1	-0.035931025	-0.025221154	0.025221154	1.56566E-21
ROBO2	0.01205223	0.024826534	-0.024826534	3.31059E-20
ROCK1	-0.023010571	-0.017168453	0.017168453	3.57516E-20
ROCK2	-0.05562253	-0.046910077	0.046910077	3.49472E-36
ROGDI	0.024384054	0.02774484	-0.02774484	4.55488E-49
ROR1	0.011320431	0.014480026	-0.014480026	1.13678E-11
RORA	-0.00092277	0.008056378	-0.008056378	2.19443E-24
RORB	0.017785002	0.026336328	-0.026336328	4.78117E-68
RPA1	0.005634297	0.008908429	-0.008908429	9.61019E-10
RPAIN	-0.002267707	0.000534045	-0.000534045	2.22179E-06
RPAP2	-0.043072464	-0.036504998	0.036504998	2.88721E-39
RPAP3	0.00364119	0.006337893	-0.006337893	5.56431E-07
RPE	-0.01723888	-0.012898281	0.012898281	3.23571E-20
RPGR	-0.017070148	-0.013877836	0.013877836	2.53335E-27
RPGRIP1L	-0.020822519	-0.016867426	0.016867426	3.57898E-27
RPH3A	-0.106666858	-0.099458659	0.099458659	1.4203E-227
RPIA	-0.001553657	0.001160698	-0.001160698	0.002987199
RPL10	0.059666836	0.06363079	-0.06363079	4.9926E-189
RPL11	0.068239843	0.071234435	-0.071234435	0
RPL13	0.083700887	0.088799673	-0.088799673	8.5208E-228
RPL13A	0.072242264	0.075326996	-0.075326996	0
RPL14	0.026106547	0.030235476	-0.030235476	7.68244E-34
RPL15	0.008395942	0.012733533	-0.012733533	1.27913E-06
RPL18	0.112625825	0.116428102	-0.116428102	0
RPL19	0.051213452	0.054808614	-0.054808614	1.6492E-170
RPL22	0.043141603	0.046541736	-0.046541736	5.1759E-155
RPL24	0.095181918	0.098210862	-0.098210862	0
RPL27	0.046479038	0.049165992	-0.049165992	4.1581E-263
RPL27A	0.035453504	0.038640183	-0.038640183	1.0229E-108
RPL28	0.137358505	0.142014774	-0.142014774	0
RPL29	0.023801924	0.027413288	-0.027413288	4.35197E-37
RPL30	0.061167262	0.064522391	-0.064522391	2.9814E-302
RPL31	0.029048385	0.032069016	-0.032069016	1.3431E-100
RPL32	0.083512469	0.087990377	-0.087990377	5.7534E-290
RPL34	0.127737783	0.131396898	-0.131396898	0
RPL35	0.05781583	0.062027369	-0.062027369	1.5717E-176
RPL35A	0.04099094	0.04404042	-0.04404042	9.9439E-153
RPL36	0.133272127	0.137641252	-0.137641252	0
RPL37	0.072382354	0.076190372	-0.076190372	0
RPL37A	0.076947268	0.081492028	-0.081492028	2.4686E-291
RPL38	0.084099393	0.087150453	-0.087150453	0
RPL4	0.031414917	0.035000878	-0.035000878	3.05085E-65
RPL41	0.084489053	0.088801243	-0.088801243	0
RPL5	0.056687844	0.060656753	-0.060656753	1.078E-179
RPL6	0.028211598	0.031148542	-0.031148542	1.37344E-83
RPL7A	0.061798012	0.064757728	-0.064757728	0
RPL7L1	-0.001485485	0.001266641	-0.001266641	0.103314057
RPL8	0.04674277	0.050737587	-0.050737587	2.5976E-114
RPLP0	0.021324212	0.024219909	-0.024219909	3.89687E-46
RPLP1	0.121774855	0.125770025	-0.125770025	0
RPLP2	0.06175037	0.064670653	-0.064670653	0
RPN1	-0.005199615	-0.001940149	0.001940149	3.5624E-05
RPN2	0.001834117	0.004440381	-0.004440381	0.004893472
RPRD1A	0.011229944	0.017836299	-0.017836299	5.52881E-19
RPRD1B	-0.005632119	-0.002445839	0.002445839	5.83796E-06
RPRD2	-0.037907037	-0.030366731	0.030366731	3.91824E-22
RPRML	-0.003209717	-0.00051428	0.00051428	5.02781E-05
RPS11	0.051704615	0.054986189	-0.054986189	1.447E-209
RPS14	0.07011162	0.073606898	-0.073606898	0
RPS15	0.071716323	0.076382555	-0.076382555	1.0745E-195
RPS16	0.028051454	0.031060104	-0.031060104	1.46675E-76
RPS19	0.057427688	0.061333873	-0.061333873	2.4783E-180
RPS2	0.069804174	0.074091128	-0.074091128	5.0347E-222
RPS20	0.016170499	0.019087023	-0.019087023	2.83402E-33
RPS23	0.061562735	0.065036251	-0.065036251	9.9901E-265
RPS24	0.10329574	0.108047578	-0.108047578	0
RPS25	0.043024794	0.046253478	-0.046253478	5.4554E-153
RPS27	0.110550225	0.113707657	-0.113707657	0
RPS27A	0.061221668	0.064514619	-0.064514619	2.1543E-294
RPS28	0.165074139	0.16899617	-0.16899617	0
RPS29	0.053945953	0.057195066	-0.057195066	7.0808E-251
RPS3	0.020215917	0.024420788	-0.024420788	8.37373E-24
RPS4X	0.03172085	0.035055081	-0.035055081	5.54049E-76
RPS6	0.026486117	0.029292236	-0.029292236	1.50749E-75
RPS6KA2	-0.02820031	-0.018585394	0.018585394	8.68051E-10
RPS6KA3	-0.01756113	-0.011574581	0.011574581	8.57353E-10
RPS6KA5	-0.001531621	0.005706388	-0.005706388	6.45526E-08
RPS6KA6	-0.019018624	-0.014083522	0.014083522	6.58884E-16
RPS6KB1	0.028358104	0.031980274	-0.031980274	1.69031E-58
RPS6KB2	0.020261942	0.023060293	-0.023060293	2.89449E-50
RPS6KC1	-0.089631776	-0.080537732	0.080537732	2.10918E-84
RPS6KL1	0.012241811	0.015712463	-0.015712463	3.15859E-22
RPS8	0.043709565	0.047202384	-0.047202384	8.3133E-134
RPS9	0.01428558	0.01802426	-0.01802426	6.29444E-14
RPSA	0.047677592	0.050886364	-0.050886364	1.0004E-187
RPTOR	-0.057756733	-0.051473866	0.051473866	3.98782E-72
RRAGB	-0.009175613	-0.006370781	0.006370781	2.86121E-12
RRAGD	-0.003986932	-0.00093426	0.00093426	0.000935279
RRAS2	-0.002293495	0.001125887	-0.001125887	0.008263133
RRM2B	0.000621449	0.003431786	-0.003431786	1.75078E-09
RRP1	0.011127245	0.014199809	-0.014199809	7.83067E-24
RRP12	-0.007215722	-0.003723541	0.003723541	2.29112E-08
RRP15	-0.012130087	-0.009294899	0.009294899	6.74067E-21
RRP1B	-0.001738965	0.00096908	-0.00096908	0.000835936
RSBN1	0.000465607	0.004898852	-0.004898852	1.37581E-07
RSBN1L	-0.004367897	0.000580056	-0.000580056	2.76212E-05
RSF1	-0.02246678	-0.015569352	0.015569352	1.65996E-16
RSPH3	-0.034866596	-0.031220842	0.031220842	3.93054E-81
RSPO2	-0.035977565	-0.029990753	0.029990753	2.3893E-37
RSPRY1	0.001039126	0.004152381	-0.004152381	4.33483E-05
RSRC1	-0.048541311	-0.042661017	0.042661017	6.67207E-64
RSRC2	-0.00163052	0.001872711	-0.001872711	1.5245E-14
RSRP1	-0.051946772	-0.045593257	0.045593257	5.64453E-61
RSU1	-0.025546043	-0.021260558	0.021260558	5.4604E-37
RTF1	-0.052902072	-0.047652964	0.047652964	6.5606E-92
RTL8C	0.022300015	0.026159638	-0.026159638	2.59732E-28
RTN1	-0.058992129	-0.049561479	0.049561479	4.02134E-35
RTN2	0.014264309	0.017557071	-0.017557071	1.45692E-26
RTN3	-0.025903706	-0.016515113	0.016515113	1.86235E-11
RTN4	-0.058256401	-0.048987941	0.048987941	4.7972E-34
RTN4R	0.005616514	0.008881723	-0.008881723	2.07075E-06
RTN4RL1	-0.041783426	-0.036855651	0.036855651	5.62384E-64
RTTN	-0.016518395	-0.012706856	0.012706856	4.66242E-20
RUBCN	-0.001261534	0.003387586	-0.003387586	5.9791E-06
RUFY1	-0.015886157	-0.012323034	0.012323034	8.8191E-22
RUFY2	-0.028017077	-0.02180809	0.02180809	1.34108E-21
RUFY3	0.009067017	0.017360434	-0.017360434	1.08873E-11
RUNDC3A	0.053716024	0.059975375	-0.059975375	1.48881E-73
RUNDC3B	-0.087169896	-0.079722193	0.079722193	7.8125E-117
RUNX1	0.021772615	0.025103005	-0.025103005	3.00293E-39
RUNX1T1	0.020066768	0.028526273	-0.028526273	4.43176E-13
RUNX2	0.014515748	0.018195611	-0.018195611	1.35173E-13
RUSC1	0.026892954	0.03070954	-0.03070954	2.06234E-43
RUSC2	0.015932047	0.021624709	-0.021624709	1.42296E-20
RXFP1	-0.016755743	-0.012179009	0.012179009	3.55141E-13
RXRA	0.002348567	0.0052978	-0.0052978	0.240536831
RXRB	0.012018471	0.015281569	-0.015281569	1.17052E-22
RYBP	0.016128043	0.02101046	-0.02101046	5.23297E-16
RYK	-0.016302482	-0.010158547	0.010158547	4.12217E-09
RYR1	0.011856411	0.015368674	-0.015368674	1.86615E-24
RYR2	-0.073019064	-0.064364684	0.064364684	1.59234E-63
RYR3	0.028351206	0.034034105	-0.034034105	5.00111E-22
S100PBP	0.004844766	0.008060495	-0.008060495	2.78309E-07
SACM1L	0.000586395	0.004583061	-0.004583061	2.6052E-08
SACS	-0.024644132	-0.017665414	0.017665414	4.32489E-17
SAE1	0.004659226	0.008043934	-0.008043934	0.001899415
SAFB	0.015282581	0.019572258	-0.019572258	9.92013E-17
SAFB2	0.031134599	0.035941695	-0.035941695	1.72382E-40
SAMD12	-0.094646288	-0.085742934	0.085742934	3.21411E-97
SAMD4A	-0.004957013	0.000579383	-0.000579383	1.29669E-05
SAMD4B	-0.006328679	-0.002195401	0.002195401	4.87508E-08
SAMD5	0.006012956	0.010867418	-0.010867418	0.018543702
SAMD8	0.009756961	0.014381735	-0.014381735	2.21378E-13
SAP130	-0.005373744	-0.002247003	0.002247003	6.9114E-05
SAP18	-0.000768124	0.00210205	-0.00210205	0.679631369
SAP30BP	0.002351676	0.00533481	-0.00533481	6.2498E-16
SAR1A	0.01012433	0.013194753	-0.013194753	2.88892E-17
SAR1B	0.007464182	0.010540118	-0.010540118	6.04972E-11
SARAF	0.010922878	0.016164563	-0.016164563	1.68222E-07
SARM1	-0.035194507	-0.030914367	0.030914367	1.30381E-63
SART3	0.003437861	0.006279418	-0.006279418	2.12238E-05
SASH1	0.01764069	0.022575231	-0.022575231	3.355E-14
SAT1	0.010163338	0.013577021	-0.013577021	1.26718E-09
SAT2	0.005005917	0.008590911	-0.008590911	9.28783E-09
SATB2	-0.054766977	-0.045603683	0.045603683	3.96407E-54
SAXO2	-0.003564035	-0.000915643	0.000915643	0.001788932
SBDS	0.007097744	0.01006301	-0.01006301	1.49439E-13
SBF1	0.01377278	0.016415535	-0.016415535	3.34354E-23
SBF2	-0.06687516	-0.0583411	0.0583411	2.87574E-53
SBNO1	-0.001759434	0.003004861	-0.003004861	1.56532E-08
SC5D	0.043094736	0.045706966	-0.045706966	9.4788E-236
SCAF1	0.029201474	0.032103318	-0.032103318	3.02117E-87
SCAF11	-0.06772647	-0.062007592	0.062007592	9.873E-125
SCAF4	-0.00020885	0.003358965	-0.003358965	0.023428667
SCAF8	-0.021339107	-0.015395251	0.015395251	1.83235E-13
SCAI	-0.054282209	-0.046708416	0.046708416	8.1358E-44
SCAMP1	0.007257393	0.012759984	-0.012759984	8.72378E-13
SCAMP5	0.050132839	0.057431134	-0.057431134	2.13666E-55
SCAP	-0.000862246	0.003289153	-0.003289153	2.88363E-05
SCAPER	-0.099951862	-0.091217758	0.091217758	1.7847E-110
SCARB1	-0.005794298	-0.001841177	0.001841177	0.000301186
SCARB2	-0.001134205	0.00390581	-0.00390581	8.96816E-15
SCCPDH	-0.005459198	-0.002687481	0.002687481	2.87237E-06
SCD5	0.013704574	0.020319974	-0.020319974	2.04114E-11
SCFD1	-0.027687426	-0.022115315	0.022115315	3.56471E-24
SCFD2	-0.090469322	-0.083757557	0.083757557	2.5854E-155
SCG2	-0.027651422	-0.023566611	0.023566611	4.92433E-40
SCG3	0.021044468	0.025290596	-0.025290596	4.21415E-23
SCG5	-0.038539909	-0.033436537	0.033436537	1.3369E-65
SCGB2B2	-0.014190878	-0.010833266	0.010833266	1.03432E-18
SCLT1	-0.077399378	-0.07086652	0.07086652	8.3503E-121
SCMH1	-0.071330595	-0.063902319	0.063902319	3.05673E-78
SCN1A	-0.055501652	-0.046053085	0.046053085	1.12054E-47
SCN1B	0.025115751	0.030304099	-0.030304099	4.0301E-25
SCN2A	-0.10181968	-0.092536124	0.092536124	1.1102E-103
SCN2B	0.013741853	0.017251657	-0.017251657	4.48383E-15
SCN3A	-0.008765104	-0.000260801	0.000260801	1.62027E-13
SCN3B	0.010801524	0.016140628	-0.016140628	2.30132E-05
SCN8A	-0.071387685	-0.06217381	0.06217381	5.08106E-52
SCN9A	0.00854675	0.011738984	-0.011738984	5.72386E-07
SCNN1D	0.007254051	0.010984307	-0.010984307	1.3595E-29
SCOC	-0.001570152	0.002901782	-0.002901782	1.31096E-19
SCP2	-0.008902619	-0.004436506	0.004436506	2.993E-08
SCPEP1	-0.007804357	-0.004993867	0.004993867	6.26602E-19
SCRN1	-0.001191098	0.003552935	-0.003552935	0.0314205
SCRT1	0.020207489	0.023683848	-0.023683848	1.25463E-38
SCYL1	0.006699399	0.009465731	-0.009465731	9.40731E-06
SCYL2	-0.001693984	0.002513095	-0.002513095	3.15676E-12
SDAD1	-0.000781026	0.002289685	-0.002289685	1.08725E-09
SDC3	0.008225252	0.012072081	-0.012072081	1.51831E-05
SDCBP	0.00328231	0.006857341	-0.006857341	1.9761E-06
SDCCAG8	-0.011963015	-0.004673121	0.004673121	1.0995E-14
SDF4	0.008703203	0.013118972	-0.013118972	2.26364E-08
SDHA	-0.009778743	-0.006176167	0.006176167	2.25497E-11
SDHB	-0.004710435	-0.001949279	0.001949279	2.86587E-05
SDHC	-0.02144103	-0.017116805	0.017116805	1.06387E-24
SDK1	0.009743596	0.018453143	-0.018453143	3.22396E-07
SDK2	-0.004263338	-0.001132886	0.001132886	0.015988851
SEC14L1	-0.005277633	-0.00034633	0.00034633	0.000115868
SEC14L5	-0.0019842	0.002279328	-0.002279328	3.68594E-34
SEC16A	0.010843093	0.014400296	-0.014400296	1.399E-17
SEC16B	-0.006819482	-0.004025594	0.004025594	2.22729E-20
SEC22A	-0.007277516	-0.003643589	0.003643589	5.02772E-05
SEC22B	0.002458775	0.006050854	-0.006050854	8.0718E-10
SEC22C	-0.000825972	0.002103168	-0.002103168	1.36497E-07
SEC23A	-0.012016921	-0.007840739	0.007840739	1.05972E-13
SEC23IP	-0.000781365	0.002146355	-0.002146355	2.13961E-06
SEC24A	-0.004894347	-0.00168931	0.00168931	1.47797E-06
SEC24B	-0.004497267	0.000653927	-0.000653927	2.92769E-05
SEC24C	0.02434151	0.027652003	-0.027652003	1.16764E-55
SEC24D	-0.020753054	-0.016809546	0.016809546	1.3406E-32
SEC31A	0.000299201	0.004573564	-0.004573564	1.185E-05
SEC31B	0.028299069	0.030691573	-0.030691573	5.3382E-122
SEC61A1	0.024077704	0.027580338	-0.027580338	2.42093E-43
SEC61A2	0.004047854	0.007575639	-0.007575639	0.002474708
SEC62	0.032788119	0.038173486	-0.038173486	2.86253E-74
SEC63	-0.02377426	-0.019025445	0.019025445	2.15829E-24
SECISBP2	-0.039648563	-0.035098921	0.035098921	1.99229E-71
SECISBP2L	-0.038264056	-0.031930123	0.031930123	4.8852E-36
SEL1L	0.001504304	0.005608252	-0.005608252	0.000170407
SEL1L3	-0.022695959	-0.018949454	0.018949454	4.90914E-32
SELENOF	-0.006894849	-0.002968454	0.002968454	7.40033E-06
SELENOI	-0.011555137	-0.00721581	0.00721581	3.13523E-10
SELENOO	0.037297846	0.042533695	-0.042533695	4.13454E-69
SELENOT	-0.011414961	-0.007580612	0.007580612	1.41391E-08
SELENOW	0.073822186	0.079741385	-0.079741385	4.475E-140
SEM1	0.022296846	0.028110531	-0.028110531	1.99236E-17
SEMA3A	-0.018238084	-0.013101168	0.013101168	1.20704E-27
SEMA3C	-0.002500819	0.0010371	-0.0010371	0.000419923
SEMA3E	0.000553891	0.004018053	-0.004018053	0.149813421
SEMA4B	-0.012688038	-0.009236627	0.009236627	1.0156E-20
SEMA4D	0.003454027	0.007545403	-0.007545403	0.00032387
SEMA4F	-0.009242032	-0.006394041	0.006394041	9.91704E-10
SEMA5A	0.014608473	0.018526913	-0.018526913	4.15583E-15
SEMA5B	-0.020248742	-0.017411302	0.017411302	2.62971E-45
SEMA6A	0.017146767	0.021175373	-0.021175373	9.29785E-18
SEMA6B	0.052785592	0.057409499	-0.057409499	2.9061E-120
SEMA6C	0.015622951	0.018411747	-0.018411747	3.52134E-29
SEMA6D	-0.050996004	-0.042286976	0.042286976	5.37412E-45
SEMA7A	0.019121437	0.022182347	-0.022182347	5.86856E-37
SENP2	-0.006661944	-0.002530366	0.002530366	2.42641E-07
SENP5	-0.043971718	-0.038478658	0.038478658	4.92582E-56
SENP6	-0.02275735	-0.015178118	0.015178118	1.20146E-13
SENP7	-0.036791293	-0.031311073	0.031311073	1.59233E-44
SEPTIN11	0.146106244	0.149624902	-0.149624902	0
SEPTIN7	0.22036103	0.224792337	-0.224792337	0
SERAC1	0.001927199	0.004382421	-0.004382421	0.000392758
SERBP1	0.007774837	0.011319903	-0.011319903	7.51018E-08
SERF2	0.042254543	0.046476769	-0.046476769	1.08702E-83
SERGEF	-0.019624632	-0.0133247	0.0133247	7.42528E-09
SERINC1	0.022601228	0.02945596	-0.02945596	4.55546E-10
SERINC3	-0.000954484	0.005015922	-0.005015922	0.948620464
SERINC5	-0.019242752	-0.01448991	0.01448991	3.01794E-20
SERP1	0.011953324	0.01563195	-0.01563195	3.38356E-10
SERP2	-0.01081236	-0.006975012	0.006975012	1.33402E-10
SERPINB6	0.004232742	0.007040045	-0.007040045	2.52928E-08
SERPINB9	-0.003811277	-0.000760935	0.000760935	0.000150994
SERPINE2	-0.021210919	-0.016509652	0.016509652	4.48038E-18
SERPINI1	-0.053557139	-0.04524989	0.04524989	2.2965E-41
SERTAD2	0.003206451	0.006392152	-0.006392152	0.000254386
SESN1	-0.008047414	-0.000764564	0.000764564	3.61224E-12
SESN3	-0.011268382	-0.003592376	0.003592376	1.2645E-20
SESTD1	-0.039473047	-0.032961791	0.032961791	2.91476E-37
SET	0.024362312	0.02787015	-0.02787015	8.4368E-42
SETBP1	-0.094900373	-0.085301275	0.085301275	5.18968E-84
SETD2	-0.059150337	-0.05189835	0.05189835	8.47525E-58
SETD3	-0.010889103	-0.006087179	0.006087179	2.41541E-07
SETD5	-0.036654047	-0.028848612	0.028848612	3.28088E-19
SETD7	-0.001128455	0.001791755	-0.001791755	0.479298604
SETDB2	0.001497125	0.004682088	-0.004682088	0.00046927
SETX	-0.028626465	-0.022968405	0.022968405	8.36638E-23
SEZ6	0.00042185	0.003598482	-0.003598482	0.73897063
SEZ6L	-0.11495094	-0.105941845	0.105941845	6.793E-137
SEZ6L2	0.003850977	0.009815257	-0.009815257	9.51804E-07
SF1	0.017707499	0.02234885	-0.02234885	6.41119E-22
SF3A3	0.010668436	0.013360404	-0.013360404	5.39513E-19
SF3B1	0.018975476	0.024344324	-0.024344324	2.39264E-28
SF3B2	0.022921776	0.026123678	-0.026123678	2.84857E-47
SF3B3	-0.006930573	-0.003625958	0.003625958	1.03697E-05
SFI1	0.023951733	0.028708482	-0.028708482	4.7765E-44
SFMBT1	0.037092885	0.039705071	-0.039705071	3.2664E-174
SFMBT2	0.015906257	0.021146572	-0.021146572	5.08755E-09
SFPQ	0.06400253	0.070650517	-0.070650517	1.70623E-94
SFSWAP	-0.040663675	-0.035313933	0.035313933	3.76596E-57
SFXN1	-0.008069868	-0.003630617	0.003630617	1.16211E-06
SFXN3	0.019627328	0.022677551	-0.022677551	8.94459E-44
SFXN5	-0.02648315	-0.020631893	0.020631893	1.48417E-28
SGCB	0.010374667	0.013136878	-0.013136878	5.21293E-15
SGCD	-0.025738495	-0.017085648	0.017085648	6.15622E-34
SGCE	-0.003125714	0.001868765	-0.001868765	6.28727E-06
SGCZ	0.063763484	0.074272326	-0.074272326	4.08446E-34
SGIP1	-0.09406798	-0.084836647	0.084836647	1.67288E-87
SGK1	0.042936265	0.048932237	-0.048932237	3.19161E-47
SGK3	0.056273464	0.061155499	-0.061155499	1.8113E-125
SGMS1	-0.036334765	-0.029163192	0.029163192	6.15337E-28
SGPL1	0.002246456	0.005814337	-0.005814337	0.006536033
SGPP1	-0.009270308	-0.005685438	0.005685438	3.14109E-12
SGPP2	-0.002335037	0.001583305	-0.001583305	1.34406E-09
SGSM1	-0.071472201	-0.064534863	0.064534863	1.4831E-90
SGSM2	0.022278301	0.026850221	-0.026850221	1.81969E-28
SGSM3	0.070394053	0.074270693	-0.074270693	1.462E-289
SGTA	0.036058801	0.039877783	-0.039877783	1.3632E-79
SGTB	-0.009659864	-0.00565281	0.00565281	4.32688E-07
SH2B1	0.002490196	0.006415403	-0.006415403	5.05817E-10
SH3BGRL	-0.037188884	-0.031239123	0.031239123	3.05231E-35
SH3BGRL2	-0.013935032	-0.007953208	0.007953208	3.54643E-09
SH3BP5	-0.011679427	-0.007420428	0.007420428	8.56399E-13
SH3BP5L	0.004979328	0.008077391	-0.008077391	4.10708E-09
SH3D19	-0.016660318	-0.010890012	0.010890012	1.52348E-11
SH3GL1	0.002462855	0.006705331	-0.006705331	9.93022E-07
SH3GL2	-0.068398229	-0.058748972	0.058748972	2.24749E-48
SH3GL3	-0.019691636	-0.010982561	0.010982561	2.51178E-11
SH3GLB1	0.000270928	0.004535648	-0.004535648	0.0040903
SH3GLB2	0.057488859	0.062642768	-0.062642768	1.411E-116
SH3KBP1	-0.018855357	-0.012682452	0.012682452	1.91736E-10
SH3PXD2A	-0.028298727	-0.021669931	0.021669931	1.56968E-17
SH3RF1	-0.00735996	-0.003584613	0.003584613	1.06538E-11
SH3RF3	-0.023088065	-0.016236545	0.016236545	9.40112E-14
SH3YL1	-0.005505411	-0.000479995	0.000479995	0.000121835
SHANK1	-0.023612856	-0.020318995	0.020318995	5.5089E-45
SHANK2	-0.110681758	-0.102367517	0.102367517	1.6075E-150
SHANK3	-0.005728528	-0.001660066	0.001660066	1.21993E-07
SHC2	-0.010596686	-0.004690862	0.004690862	3.80351E-40
SHC3	-0.118297806	-0.111266415	0.111266415	2.0115E-242
SHISA5	0.009303629	0.011974318	-0.011974318	1.26296E-13
SHISA6	-0.021837183	-0.016829656	0.016829656	5.08384E-23
SHISA7	0.01471954	0.018226391	-0.018226391	6.32377E-18
SHISA9	-0.105597255	-0.095941519	0.095941519	9.5066E-101
SHLD1	-0.014020806	-0.011155448	0.011155448	2.74138E-25
SHLD2	-0.019430047	-0.015450737	0.015450737	4.4632E-21
SHOC2	-0.003121474	0.002881925	-0.002881925	1.45155E-07
SHPRH	-0.028815962	-0.021578191	0.021578191	8.16624E-18
SHROOM3	-0.033142642	-0.02895698	0.02895698	7.18128E-58
SHTN1	0.012859342	0.020287754	-0.020287754	8.73E-09
SIAH1	-0.001399822	0.001427213	-0.001427213	0.198725331
SIAH3	-0.000116811	0.002729254	-0.002729254	0.323506396
SIDT1	-0.045376855	-0.039654197	0.039654197	4.68584E-54
SIK2	-0.024675834	-0.018014084	0.018014084	9.10564E-13
SIK3	-0.025489953	-0.016253553	0.016253553	1.93236E-08
SIL1	-0.064321268	-0.058504719	0.058504719	7.0978E-105
SIMC1	-0.079280145	-0.0740119	0.0740119	7.1838E-197
SIN3A	-0.001168827	0.002019857	-0.002019857	0.000482692
SIN3B	0.002106846	0.007510332	-0.007510332	5.10578E-20
SIPA1L1	-0.076855605	-0.067495631	0.067495631	8.36911E-57
SIPA1L2	-0.006712371	-0.001923863	0.001923863	0.005720813
SIPA1L3	-0.039249635	-0.033247365	0.033247365	3.89023E-37
SIRPA	-0.005248926	0.001830954	-0.001830954	1.15882E-15
SIRT1	0.005464043	0.008379837	-0.008379837	3.86627E-05
SIRT2	0.032819489	0.036928649	-0.036928649	1.52747E-65
SIRT3	0.004797608	0.00734504	-0.00734504	2.32644E-05
SIRT5	-0.018835392	-0.014974399	0.014974399	6.27326E-27
SKAP2	-0.02375246	-0.018663425	0.018663425	1.66949E-22
SKI	-0.0013755	0.003495788	-0.003495788	0.309789738
SKIL	-0.001184005	0.003037507	-0.003037507	4.75604E-11
SKP1	0.056287245	0.061355228	-0.061355228	9.3207E-107
SKP2	0.003200702	0.005941004	-0.005941004	0.001510616
SLAIN1	-0.012462261	-0.006069575	0.006069575	4.37548E-12
SLAIN2	-0.020079253	-0.015858699	0.015858699	1.05025E-24
SLBP	-0.000803437	0.001854047	-0.001854047	4.64412E-08
SLC10A7	-0.010531358	-0.006801513	0.006801513	3.35107E-11
SLC11A2	0.002809093	0.006675474	-0.006675474	8.62327E-08
SLC12A2	-0.019021254	-0.013555552	0.013555552	2.13799E-17
SLC12A5	0.002362543	0.008314976	-0.008314976	0.006383555
SLC12A6	-0.017567757	-0.013270109	0.013270109	2.75629E-18
SLC12A8	-0.031485109	-0.028135477	0.028135477	3.76521E-78
SLC13A3	-0.05734948	-0.05240615	0.05240615	1.6478E-117
SLC15A4	-0.005814814	-0.00316019	0.00316019	1.17446E-08
SLC16A10	-0.012774733	-0.008765088	0.008765088	1.76355E-09
SLC16A14	-0.00592667	-0.0032303	0.0032303	2.73943E-06
SLC16A7	-0.080679369	-0.073445125	0.073445125	3.6526E-106
SLC17A5	-0.015325045	-0.011226583	0.011226583	1.61406E-17
SLC17A7	0.054165598	0.061641475	-0.061641475	1.4E-83
SLC18B1	0.016250988	0.019289536	-0.019289536	1.9694E-27
SLC1A1	-0.0307621	-0.026494383	0.026494383	5.03885E-45
SLC1A2	0.051973814	0.058555592	-0.058555592	4.72727E-59
SLC1A3	0.080392237	0.084250749	-0.084250749	0
SLC1A4	-0.011894403	-0.008170165	0.008170165	6.00997E-12
SLC20A1	-0.001179569	0.002092376	-0.002092376	9.93309E-12
SLC20A2	-0.017608132	-0.010995772	0.010995772	7.35965E-10
SLC22A10	-0.196326159	-0.189150539	0.189150539	0
SLC22A15	-0.045576832	-0.040657816	0.040657816	2.7E-75
SLC22A17	0.05401457	0.060883237	-0.060883237	2.2553E-79
SLC22A23	-0.030441724	-0.024459095	0.024459095	1.97198E-25
SLC23A2	0.007463733	0.013910372	-0.013910372	2.56814E-07
SLC24A2	-0.048773226	-0.039008023	0.039008023	7.9562E-22
SLC24A3	-0.011180815	-0.005645314	0.005645314	2.41452E-15
SLC24A4	-0.035612346	-0.031320963	0.031320963	2.80568E-60
SLC25A11	0.009089861	0.011926428	-0.011926428	2.66024E-09
SLC25A12	-0.082470118	-0.074051452	0.074051452	4.61235E-81
SLC25A13	0.001088994	0.004451914	-0.004451914	3.2662E-06
SLC25A16	-0.012022721	-0.008093233	0.008093233	3.1005E-10
SLC25A22	0.012336369	0.015977766	-0.015977766	1.86093E-10
SLC25A23	0.028233211	0.031810476	-0.031810476	4.00258E-62
SLC25A24	-0.020625215	-0.017611327	0.017611327	1.09536E-45
SLC25A26	-0.029960067	-0.025220655	0.025220655	4.95902E-37
SLC25A27	-0.009925633	-0.005573112	0.005573112	2.21154E-09
SLC25A28	0.005682538	0.00917366	-0.00917366	0.000390842
SLC25A29	0.024038458	0.028985464	-0.028985464	6.997E-31
SLC25A3	0.007043933	0.010992807	-0.010992807	1.1942E-05
SLC25A32	-0.001368149	0.001309295	-0.001309295	0.126867494
SLC25A36	-0.012962027	-0.007530667	0.007530667	2.5266E-18
SLC25A37	-0.035107639	-0.031062099	0.031062099	7.05505E-76
SLC25A39	0.018682993	0.022035836	-0.022035836	3.17145E-30
SLC25A4	0.007246831	0.010110243	-0.010110243	4.05292E-08
SLC25A40	-0.011688604	-0.008073754	0.008073754	1.23359E-17
SLC25A42	0.002511187	0.00618797	-0.00618797	0.025432672
SLC25A46	-0.016305664	-0.011229486	0.011229486	3.03349E-19
SLC25A6	0.008907768	0.012058731	-0.012058731	1.69724E-07
SLC26A11	0.001435279	0.004058723	-0.004058723	0.00449725
SLC26A3	0.120562955	0.125827574	-0.125827574	0
SLC26A4	0.000321593	0.003518571	-0.003518571	0.025938485
SLC27A1	-0.014900041	-0.010594704	0.010594704	8.41052E-33
SLC27A4	-0.016756951	-0.01264365	0.01264365	1.32744E-26
SLC2A13	-0.086887968	-0.077463243	0.077463243	9.93686E-77
SLC2A3	0.018709049	0.021403306	-0.021403306	5.86379E-41
SLC30A3	0.006546414	0.009459525	-0.009459525	1.03375E-05
SLC30A5	0.001595457	0.004413463	-0.004413463	6.15456E-05
SLC30A6	-0.006844848	-0.003647058	0.003647058	9.39489E-08
SLC30A7	-0.007598074	-0.003461359	0.003461359	3.30404E-13
SLC30A9	-0.030742607	-0.025724254	0.025724254	2.40203E-38
SLC35B4	-0.000995847	0.001893185	-0.001893185	0.78055975
SLC35D1	-0.003688396	-0.000543932	0.000543932	0.001724223
SLC35E2A	-0.007268907	-0.003608958	0.003608958	0.000372346
SLC35E2B	-0.001889266	0.001069194	-0.001069194	0.002231012
SLC35E3	-0.014146751	-0.009916903	0.009916903	1.54767E-11
SLC35F1	0.002832215	0.012641378	-0.012641378	3.00445E-05
SLC35F3	-0.160400064	-0.150611573	0.150611573	5.2217E-225
SLC35F4	0.020635545	0.025066893	-0.025066893	6.6485E-19
SLC35F5	-0.008819962	-0.004296272	0.004296272	9.25708E-11
SLC35G2	-0.013619066	-0.01061115	0.01061115	3.20446E-18
SLC36A1	-0.012946872	-0.009434088	0.009434088	5.2897E-21
SLC36A4	-0.040609949	-0.035863278	0.035863278	5.02408E-66
SLC37A1	-0.019781488	-0.016401991	0.016401991	1.04493E-30
SLC37A3	-0.003756405	-0.000631168	0.000631168	0.002086127
SLC38A1	-0.006466345	0.000449853	-0.000449853	3.72908E-10
SLC38A10	0.002664355	0.005571649	-0.005571649	3.63943E-09
SLC38A11	-0.051897056	-0.047327884	0.047327884	5.821E-127
SLC38A2	0.067100552	0.071682573	-0.071682573	1.4863E-197
SLC38A6	-0.028720202	-0.022806946	0.022806946	1.00628E-27
SLC38A7	-0.001516115	0.00107154	-0.00107154	0.000559661
SLC38A9	-0.003384456	0.000436418	-0.000436418	1.63787E-06
SLC39A10	-0.087338189	-0.07945148	0.07945148	6.726E-104
SLC39A11	-0.014678107	-0.009531198	0.009531198	1.41341E-11
SLC39A14	-0.008871468	-0.005585168	0.005585168	1.70674E-09
SLC39A9	-0.008787626	-0.005432598	0.005432598	3.37685E-09
SLC3A2	0.006696607	0.009614721	-0.009614721	2.48889E-06
SLC41A2	-0.036808844	-0.030743172	0.030743172	1.90074E-32
SLC41A3	0.000985788	0.004159207	-0.004159207	2.49629E-05
SLC43A2	-0.002814766	0.001350892	-0.001350892	1.05812E-07
SLC44A1	-0.002442578	0.00568426	-0.00568426	2.12949E-22
SLC44A2	0.014067561	0.017536061	-0.017536061	7.78957E-27
SLC44A5	-0.108317797	-0.099213869	0.099213869	3.619E-124
SLC45A4	-0.004113323	-0.000248679	0.000248679	3.45536E-08
SLC48A1	0.016002651	0.018688867	-0.018688867	5.87946E-35
SLC4A10	-0.137331672	-0.12890693	0.12890693	8.4438E-221
SLC4A1AP	0.000517123	0.003074521	-0.003074521	0.000106967
SLC4A3	0.014719278	0.017795863	-0.017795863	9.95667E-20
SLC4A4	-0.030588056	-0.025510265	0.025510265	3.66493E-34
SLC4A7	0.010686956	0.015661338	-0.015661338	8.69974E-07
SLC4A8	-0.029688498	-0.023680009	0.023680009	3.48597E-27
SLC6A1	0.013662668	0.01915922	-0.01915922	1.06602E-11
SLC6A11	-0.000301027	0.002964933	-0.002964933	0.006014228
SLC6A15	0.001626114	0.006268449	-0.006268449	1.97524E-09
SLC6A17	0.033277131	0.038817058	-0.038817058	3.39268E-40
SLC6A6	-0.01524627	-0.012051503	0.012051503	1.21932E-23
SLC6A7	0.00349876	0.008922401	-0.008922401	7.76852E-29
SLC6A8	0.031209303	0.035134927	-0.035134927	8.86028E-56
SLC7A1	-0.00104612	0.002428072	-0.002428072	0.001670312
SLC7A14	-0.012633218	-0.007189232	0.007189232	6.6475E-06
SLC7A5	0.011433203	0.014712718	-0.014712718	2.47587E-12
SLC7A6	-0.015108127	-0.01150805	0.01150805	1.51141E-17
SLC7A8	-0.021717377	-0.017321145	0.017321145	3.73257E-23
SLC8A1	-0.078425385	-0.068582163	0.068582163	1.14545E-77
SLC8A2	-0.013032347	-0.007587756	0.007587756	1.85067E-11
SLC8A3	-0.044535877	-0.039522088	0.039522088	4.94754E-68
SLC9A1	0.002288769	0.005754795	-0.005754795	0.018527336
SLC9A5	0.010000355	0.012569107	-0.012569107	3.40837E-16
SLC9A6	-0.013715017	-0.008289144	0.008289144	1.36013E-14
SLC9A7	0.003091907	0.007555911	-0.007555911	0.014379844
SLC9A8	-0.013662644	-0.01086591	0.01086591	1.51208E-28
SLC9A9	0.004074023	0.010163672	-0.010163672	0.243377541
SLC9B2	-0.003656084	0.000494825	-0.000494825	4.7332E-05
SLCO3A1	0.025421606	0.033015897	-0.033015897	1.83231E-18
SLF1	-0.039212543	-0.034083577	0.034083577	8.86689E-52
SLF2	-0.002149134	0.002660122	-0.002660122	1.66637E-08
SLIRP	0.01516315	0.017852104	-0.017852104	4.36141E-31
SLIT1	0.009024424	0.015401817	-0.015401817	2.38682E-10
SLIT2	-0.00374788	0.00581832	-0.00581832	8.85019E-40
SLIT3	-0.005777336	0.001349414	-0.001349414	0.008348505
SLITRK3	0.002909248	0.005392448	-0.005392448	0.050485241
SLITRK4	0.010160126	0.015466424	-0.015466424	0.000411015
SLITRK5	-0.007255286	-0.000341049	0.000341049	2.3356E-08
SLK	-0.023381772	-0.019298316	0.019298316	1.48141E-34
SLMAP	-0.02107677	-0.01547154	0.01547154	1.38694E-17
SLTM	0.000248889	0.004783595	-0.004783595	9.34801E-12
SLU7	0.009139439	0.011728126	-0.011728126	1.24261E-13
SLX4IP	-0.007083772	-0.00331453	0.00331453	0.00016097
SMAD1	0.018316661	0.022618143	-0.022618143	1.10797E-19
SMAD2	-0.006091751	-0.00098909	0.00098909	1.90576E-09
SMAD3	-0.030070745	-0.025716421	0.025716421	7.59698E-42
SMAD4	0.046384004	0.049508998	-0.049508998	1.9654E-191
SMAD5	-0.003024917	0.00117125	-0.00117125	3.36048E-06
SMAP1	-0.058830039	-0.051465223	0.051465223	7.0404E-60
SMAP2	0.002575751	0.007881433	-0.007881433	3.40866E-05
SMARCA1	0.000417612	0.005215716	-0.005215716	1.1402E-11
SMARCA2	-0.014799063	-0.006070905	0.006070905	3.98598E-10
SMARCA4	-0.026598328	-0.021423158	0.021423158	1.18189E-24
SMARCA5	0.00205265	0.006510076	-0.006510076	6.82722E-14
SMARCAD1	-0.013026425	-0.007594926	0.007594926	1.45496E-07
SMARCAL1	-0.016461865	-0.013030325	0.013030325	2.10364E-22
SMARCB1	-0.005751638	-0.002962202	0.002962202	3.18085E-08
SMARCC1	-0.020656039	-0.015467489	0.015467489	9.05064E-18
SMARCC2	0.010498004	0.013560058	-0.013560058	3.84312E-26
SMARCD1	0.008505255	0.011098306	-0.011098306	2.13871E-12
SMARCD2	-0.011651982	-0.008174921	0.008174921	2.76932E-34
SMARCD3	0.055673909	0.059962131	-0.059962131	8.7029E-143
SMC1A	0.002854842	0.005463012	-0.005463012	0.014221221
SMC3	-5.68403E-05	0.003189429	-0.003189429	3.14168E-08
SMC5	-0.01641724	-0.011192225	0.011192225	1.11479E-14
SMC6	-0.007952788	-0.003879774	0.003879774	3.19446E-05
SMCHD1	-0.009284807	-0.00319983	0.00319983	4.3376E-09
SMG1	-0.017835127	-0.011267316	0.011267316	4.51214E-09
SMG5	0.017438336	0.020780085	-0.020780085	1.8955E-30
SMG6	-0.018046209	-0.012229359	0.012229359	1.60613E-12
SMG7	0.006828067	0.012273477	-0.012273477	1.15883E-13
SMG9	0.011872613	0.014803569	-0.014803569	1.22111E-14
SMIM10L2B	-0.003381637	-0.000584218	0.000584218	4.22296E-06
SMIM12	-0.00196044	0.001632313	-0.001632313	0.002130365
SMIM13	0.0073891	0.011115672	-0.011115672	2.06582E-06
SMIM14	-0.02074005	-0.016444831	0.016444831	1.25935E-26
SMIM8	-0.006708914	-0.003263225	0.003263225	2.01274E-05
SMPD3	-0.010398746	-0.007393408	0.007393408	5.9762E-15
SMPD4	0.016373004	0.019655615	-0.019655615	9.9394E-22
SMS	-0.004183646	-0.000401513	0.000401513	0.062475326
SMU1	0.005595012	0.008800961	-0.008800961	3.30372E-08
SMURF1	-0.010490011	-0.005543102	0.005543102	0.000168565
SMURF2	-0.003850483	0.000224169	-0.000224169	2.45466E-06
SMYD2	-0.002119112	0.001792792	-0.001792792	0.022617536
SMYD3	-0.099512853	-0.090817986	0.090817986	1.4512E-111
SNAP23	-0.001067726	0.001933518	-0.001933518	0.023039112
SNAP25	-0.031986431	-0.023279029	0.023279029	2.08621E-18
SNAP47	0.003907012	0.006784012	-0.006784012	0.015797451
SNAP91	-0.11413234	-0.104852929	0.104852929	2.928E-126
SNAPC3	-0.011998941	-0.008202666	0.008202666	2.89694E-11
SNAPC4	0.016518679	0.01974553	-0.01974553	1.07711E-25
SNCA	0.013709441	0.021641422	-0.021641422	1.51789E-30
SNCAIP	8.12421E-05	0.003055775	-0.003055775	0.852468419
SNCB	0.007231756	0.015123559	-0.015123559	2.0307E-16
SNCG	0.006727454	0.009693704	-0.009693704	2.11075E-10
SND1	-0.027923511	-0.020582512	0.020582512	2.12552E-20
SNED1	-0.023683879	-0.018085357	0.018085357	5.43271E-20
SNF8	0.006837745	0.009531738	-0.009531738	1.29395E-09
SNN	0.010018285	0.012801578	-0.012801578	5.073E-13
SNPH	0.031469135	0.037268178	-0.037268178	1.05734E-45
SNRK	-0.008981686	-0.005010523	0.005010523	8.18282E-07
SNRNP200	0.010884858	0.013802565	-0.013802565	1.72274E-14
SNRNP40	-0.001794672	0.000780691	-0.000780691	0.13693919
SNRNP70	0.048296567	0.055772823	-0.055772823	1.53075E-37
SNRPD3	-0.034581713	-0.031618211	0.031618211	2.6649E-134
SNRPF	0.009036653	0.011777854	-0.011777854	7.0886E-14
SNRPN	0.091842629	0.099888182	-0.099888182	3.1161E-124
SNTA1	0.011208692	0.014480164	-0.014480164	2.04708E-20
SNTB2	-0.002043184	0.002438266	-0.002438266	0.174846196
SNTG1	0.040627694	0.049038495	-0.049038495	2.46735E-87
SNTG2	-0.003608416	-0.000489556	0.000489556	0.029710905
SNU13	0.004771882	0.008072141	-0.008072141	0.015057133
SNX1	-0.000634599	0.003046258	-0.003046258	3.38415E-06
SNX10	-0.026600376	-0.020797738	0.020797738	4.7892E-26
SNX13	-0.035669886	-0.029296624	0.029296624	2.57949E-33
SNX14	0.041800934	0.047132109	-0.047132109	1.11548E-76
SNX16	-0.00319153	-0.000327023	0.000327023	1.6099E-08
SNX19	-0.002107003	0.001568068	-0.001568068	4.62992E-07
SNX2	0.00671719	0.01015717	-0.01015717	1.73765E-09
SNX24	-0.014616846	-0.010322879	0.010322879	6.14823E-15
SNX25	-0.014858891	-0.010712636	0.010712636	2.08108E-12
SNX27	0.0071673	0.012255847	-0.012255847	3.83432E-07
SNX29	-0.029910192	-0.024317628	0.024317628	1.73946E-29
SNX3	0.008001017	0.012147181	-0.012147181	1.19206E-07
SNX30	-0.010615955	-0.006285566	0.006285566	7.31177E-14
SNX31	0.012095124	0.014904305	-0.014904305	8.91394E-19
SNX32	-0.022654523	-0.017378291	0.017378291	8.33259E-22
SNX4	-0.013272007	-0.00942863	0.00942863	6.4437E-14
SNX6	-0.000597707	0.00310157	-0.00310157	4.4255E-08
SNX7	-0.01118907	-0.007775921	0.007775921	9.87689E-15
SNX8	-0.016897108	-0.01388695	0.01388695	2.40153E-29
SNX9	-0.023738529	-0.017733236	0.017733236	1.52316E-17
SOBP	-0.05878926	-0.050160039	0.050160039	1.40749E-39
SOCS5	-0.056612632	-0.052449809	0.052449809	5.0375E-174
SOCS7	-0.01320524	-0.008384979	0.008384979	4.63622E-14
SOD1	0.011269651	0.015207816	-0.015207816	1.17123E-07
SOGA1	-0.00611088	-0.002344299	0.002344299	7.49173E-05
SOHLH1	-0.02276998	-0.019588414	0.019588414	6.0565E-66
SON	-0.088960937	-0.082244115	0.082244115	1.646E-150
SORBS1	-0.110790296	-0.101313135	0.101313135	8.5947E-122
SORBS2	-0.097059723	-0.087205983	0.087205983	2.05186E-88
SORCS1	-0.14194038	-0.131797834	0.131797834	1.012E-177
SORCS2	-0.033361009	-0.029272217	0.029272217	7.33265E-63
SORCS3	-0.07514833	-0.067381583	0.067381583	3.96327E-80
SORL1	-0.025107973	-0.017228792	0.017228792	1.35023E-17
SORT1	0.052639535	0.059743798	-0.059743798	5.75164E-58
SOS1	0.015846844	0.023637688	-0.023637688	6.11296E-12
SOS2	-0.006857319	-0.001853196	0.001853196	5.69023E-05
SOX12	0.004169961	0.00688262	-0.00688262	7.85816E-13
SOX5	0.072102128	0.082635491	-0.082635491	9.23727E-51
SOX6	0.013097313	0.019726954	-0.019726954	2.43051E-06
SP1	0.003254224	0.006157422	-0.006157422	1.0879E-10
SP3	-0.001292498	0.002843864	-0.002843864	0.000328109
SP4	-0.000126579	0.003525171	-0.003525171	0.000932681
SPAG1	-0.000143343	0.002725812	-0.002725812	0.008149188
SPAG16	-0.064517215	-0.056150639	0.056150639	8.9026E-55
SPAG9	-0.019808094	-0.012827961	0.012827961	3.70902E-19
SPARCL1	-0.069654657	-0.059908829	0.059908829	4.56647E-58
SPART	-0.011266591	-0.005868742	0.005868742	1.29915E-07
SPAST	-0.008095332	-0.003577808	0.003577808	1.61118E-08
SPATA20	0.01663778	0.019672802	-0.019672802	9.88026E-34
SPATA5	-0.009828218	-0.005043605	0.005043605	5.99467E-09
SPATA6	-0.024956094	-0.020825525	0.020825525	1.25515E-40
SPATA6L	-0.015525849	-0.011453837	0.011453837	4.96602E-13
SPATA7	-0.037297115	-0.032566284	0.032566284	6.31088E-58
SPATS2	-0.040363931	-0.034237349	0.034237349	2.30541E-38
SPATS2L	-0.032991506	-0.025531965	0.025531965	3.7405E-20
SPCS2	-0.004701016	-0.000701986	0.000701986	7.07837E-08
SPCS3	0.010811499	0.015012478	-0.015012478	2.36166E-09
SPECC1	0.076652306	0.083824661	-0.083824661	2.9896E-145
SPEF2	-0.014760193	-0.010083966	0.010083966	7.99207E-11
SPEG	0.012900602	0.016331866	-0.016331866	3.9496E-17
SPEN	-0.030006424	-0.024069039	0.024069039	1.45031E-25
SPESP1	-0.006817794	-0.003993003	0.003993003	6.48677E-07
SPG11	-0.009019355	-0.004597104	0.004597104	5.38226E-06
SPG7	-0.003657752	0.001210129	-0.001210129	1.79818E-16
SPHKAP	0.007481655	0.011621145	-0.011621145	0.001470441
SPIDR	-0.208473822	-0.199176988	0.199176988	0
SPIN1	-0.011152337	-0.003563631	0.003563631	0.005570672
SPIN3	-0.017805864	-0.013707451	0.013707451	2.2878E-24
SPIRE1	-0.03736586	-0.029573422	0.029573422	3.42299E-21
SPIRE2	0.007142143	0.010740892	-0.010740892	1.6032E-10
SPNS2	0.000734093	0.003850718	-0.003850718	0.182238282
SPOCK1	0.011007015	0.020775769	-0.020775769	8.40949E-16
SPOCK2	0.028854768	0.034117171	-0.034117171	3.21127E-26
SPOCK3	0.027253457	0.036554779	-0.036554779	2.82409E-10
SPOP	0.004722516	0.009755632	-0.009755632	1.30584E-07
SPOPL	-0.014879035	-0.010523886	0.010523886	1.92353E-13
SPPL2A	-0.01830938	-0.014276197	0.014276197	8.3396E-30
SPPL2B	0.029664383	0.034032645	-0.034032645	3.91068E-47
SPPL3	-0.007567417	-0.00041377	0.00041377	8.24268E-07
SPRED1	-0.042036136	-0.036765853	0.036765853	5.19847E-62
SPRED2	-0.052573256	-0.047935688	0.047935688	4.8484E-112
SPRYD3	0.021189552	0.024403587	-0.024403587	1.00149E-36
SPRYD7	-0.000261937	0.002388805	-0.002388805	5.46823E-07
SPSB3	0.013744497	0.016743474	-0.016743474	3.51583E-27
SPTAN1	0.02292779	0.03081446	-0.03081446	2.71176E-15
SPTB	0.019972725	0.024131633	-0.024131633	1.32319E-20
SPTBN1	0.010396897	0.019252612	-0.019252612	3.62548E-13
SPTBN2	0.029929101	0.033595035	-0.033595035	8.54621E-58
SPTBN4	-0.022550145	-0.013501107	0.013501107	8.86823E-15
SPTLC1	-0.028609003	-0.0246646	0.0246646	2.74069E-51
SPTLC2	0.00118125	0.00473094	-0.00473094	2.23638E-05
SQSTM1	0.006258134	0.010658362	-0.010658362	4.6107E-07
SRBD1	-0.008090012	-0.004956848	0.004956848	1.09954E-11
SRC	0.004220688	0.007176229	-0.007176229	8.81264E-07
SRCIN1	-0.011595528	-0.003892029	0.003892029	1.58663E-12
SREBF2	-0.017086194	-0.011122862	0.011122862	8.07588E-14
SREK1	-0.031141458	-0.025661687	0.025661687	9.08834E-35
SREK1IP1	-0.000554584	0.002534787	-0.002534787	1.26153E-10
SRFBP1	-0.008740359	-0.005008442	0.005008442	8.11988E-11
SRGAP1	0.016403309	0.020291691	-0.020291691	1.80356E-15
SRGAP2	-0.010536437	-0.005388123	0.005388123	0.000310852
SRGAP2B	-0.038314675	-0.034005085	0.034005085	6.48111E-69
SRGAP2C	-0.014432785	-0.009970211	0.009970211	5.38557E-12
SRGAP3	-0.154244935	-0.145235488	0.145235488	1.6626E-256
SRI	0.023488193	0.027120583	-0.027120583	1.61029E-41
SRM	0.005172961	0.00815298	-0.00815298	0.000235261
SRP14	0.026444901	0.030472266	-0.030472266	1.71273E-36
SRP19	0.009550703	0.012298992	-0.012298992	4.05889E-11
SRP54	-0.001883356	0.000799371	-0.000799371	8.51518E-07
SRP72	0.000139519	0.003462706	-0.003462706	1.30516E-05
SRP9	-0.000297452	0.003073598	-0.003073598	0.047005783
SRPK1	-0.013819854	-0.008789129	0.008789129	5.66622E-08
SRPK2	-0.061414594	-0.052202716	0.052202716	5.12156E-38
SRRM1	-0.03561932	-0.030095081	0.030095081	1.37348E-45
SRRM2	-0.027671371	-0.019967118	0.019967118	1.68027E-25
SRRM3	-0.056512391	-0.047806126	0.047806126	1.05735E-38
SRRM4	-0.083626672	-0.074579199	0.074579199	2.2832E-72
SRRT	0.001947301	0.004684073	-0.004684073	1.18765E-18
SRSF10	0.001992035	0.005980202	-0.005980202	5.11803E-09
SRSF11	0.013507318	0.02124677	-0.02124677	8.45024E-38
SRSF2	0.009297102	0.012551957	-0.012551957	3.6395E-19
SRSF3	0.009222302	0.012891105	-0.012891105	2.08908E-08
SRSF4	-0.012263924	-0.00767338	0.00767338	3.74497E-09
SRSF5	-0.003979642	0.001854659	-0.001854659	8.36632E-12
SRSF6	0.028001252	0.031788711	-0.031788711	1.25446E-62
SRSF7	-0.000788903	0.00220084	-0.00220084	0.156522551
SRSF8	-0.001299983	0.001817816	-0.001817816	5.08724E-17
SS18	-0.007829932	-0.003747643	0.003747643	6.85336E-10
SS18L1	-0.006626069	-0.003103869	0.003103869	5.12996E-06
SSB	0.012216084	0.015044884	-0.015044884	2.25727E-23
SSBP1	0.013193114	0.01682135	-0.01682135	1.87643E-22
SSBP2	-0.031733109	-0.022471081	0.022471081	7.40129E-16
SSBP3	-0.003648041	0.004244374	-0.004244374	3.73449E-15
SSBP4	0.041653722	0.046546065	-0.046546065	5.13167E-63
SSH1	-0.009985475	-0.005382179	0.005382179	1.49127E-08
SSH2	-0.044977546	-0.03620611	0.03620611	1.64271E-26
SSR1	0.011997476	0.016410091	-0.016410091	1.22006E-10
SSRP1	0.009513548	0.012188595	-0.012188595	6.99556E-16
SSU72	0.021530793	0.025477041	-0.025477041	3.55714E-36
SSX2IP	-0.016215497	-0.009729617	0.009729617	1.36575E-17
ST13	0.010742066	0.014959075	-0.014959075	4.01397E-11
ST3GAL1	-0.015384933	-0.011822187	0.011822187	1.4681E-16
ST3GAL2	-0.010113405	-0.006643329	0.006643329	6.20683E-10
ST3GAL3	0.115082292	0.118142544	-0.118142544	0
ST3GAL5	-0.005624958	-0.001423885	0.001423885	0.001611132
ST3GAL6	0.009384626	0.014283625	-0.014283625	4.05048E-12
ST6GAL1	-0.026097259	-0.022225617	0.022225617	1.3581E-54
ST6GAL2	-0.039088814	-0.034079885	0.034079885	3.45591E-58
ST6GALNAC3	0.015012428	0.021676519	-0.021676519	8.76974E-11
ST6GALNAC5	-0.175322135	-0.164963572	0.164963572	3.8707E-249
ST7	-0.19104292	-0.182754927	0.182754927	0
ST7L	-0.002439659	0.001802079	-0.001802079	0.008782672
ST8SIA1	-0.03254822	-0.025458395	0.025458395	1.76458E-24
ST8SIA3	0.014563452	0.020967149	-0.020967149	2.02149E-16
ST8SIA4	-0.001801606	0.00147353	-0.00147353	0.11634789
ST8SIA5	-0.070148959	-0.063132856	0.063132856	4.71011E-85
STAC2	0.013256508	0.016779482	-0.016779482	4.64163E-16
STAG1	-0.057660707	-0.049223574	0.049223574	3.31447E-42
STAG2	0.01419657	0.019295264	-0.019295264	1.10461E-15
STAM	-0.008569353	-0.004885356	0.004885356	3.34742E-11
STAM2	-0.013461689	-0.009317798	0.009317798	6.85904E-14
STAMBPL1	-0.015730612	-0.009876734	0.009876734	1.31971E-13
STARD13	-0.016573444	-0.009658803	0.009658803	6.20579E-10
STARD3	0.007448724	0.010282969	-0.010282969	4.25574E-09
STARD3NL	-0.003835406	-0.000966183	0.000966183	1.68849E-06
STARD4	-0.005573884	-0.002367442	0.002367442	1.06806E-07
STARD7	0.006230743	0.010045258	-0.010045258	8.97889E-07
STARD9	-0.011035268	-0.006996735	0.006996735	6.63557E-15
STAT2	0.019921134	0.023003389	-0.023003389	1.03842E-50
STAT3	0.003848594	0.007131442	-0.007131442	1.58438E-05
STAT4	-0.059686683	-0.05444083	0.05444083	5.6804E-113
STAT5B	-0.005011426	-0.000975926	0.000975926	0.016525494
STAU1	-0.006766962	-0.001951294	0.001951294	2.55677E-07
STAU2	0.056898206	0.064912997	-0.064912997	9.5806E-95
STEAP2	-0.022289633	-0.017675853	0.017675853	9.2038E-26
STIM1	-0.01835091	-0.013094133	0.013094133	2.67648E-11
STIM2	-0.020929856	-0.016453339	0.016453339	7.68288E-22
STIP1	0.011064136	0.014167382	-0.014167382	6.97464E-12
STK11	0.020534622	0.024746927	-0.024746927	9.06214E-38
STK24	-0.003374697	0.000431119	-0.000431119	0.072235144
STK25	0.014222123	0.018240824	-0.018240824	1.30238E-13
STK3	-0.010506305	-0.006552112	0.006552112	1.02757E-17
STK32C	0.003737188	0.007061854	-0.007061854	0.003921754
STK35	-0.001777047	0.001091724	-0.001091724	0.017196107
STK36	0.021688699	0.024660372	-0.024660372	6.49158E-51
STK38	0.003901693	0.007594027	-0.007594027	2.23808E-05
STK38L	0.001852867	0.006128529	-0.006128529	3.05529E-12
STK39	-0.014276987	-0.007735354	0.007735354	2.78307E-09
STK4	0.007733673	0.012199158	-0.012199158	9.75508E-15
STK40	-0.013647524	-0.010581116	0.010581116	1.52865E-19
STMN1	0.031237056	0.037050889	-0.037050889	1.1212E-25
STMN2	0.038933852	0.045339159	-0.045339159	5.02701E-33
STMN3	0.03452876	0.039975307	-0.039975307	7.29948E-36
STMN4	0.02214831	0.026824816	-0.026824816	5.33041E-24
STMP1	-0.001918465	0.000924556	-0.000924556	2.34725E-11
STOML1	-0.00423496	-0.000847604	0.000847604	5.42903E-10
STOX2	-0.023901722	-0.015559883	0.015559883	2.40531E-13
STPG2	-0.039126329	-0.034612703	0.034612703	1.10019E-66
STRAP	0.002468313	0.005556651	-0.005556651	0.012998217
STRBP	-0.09164286	-0.083178391	0.083178391	6.754E-100
STRIP1	-0.00302399	-0.000484632	0.000484632	5.78771E-07
STRN	-0.0124272	-0.007627106	0.007627106	1.63488E-15
STRN3	-0.044313219	-0.0374027	0.0374027	1.07394E-38
STRN4	0.016483606	0.019898168	-0.019898168	1.99023E-22
STS	0.058834398	0.062100837	-0.062100837	1.631E-299
STT3B	-0.010490968	-0.005681125	0.005681125	1.54908E-11
STUB1	0.015407147	0.018963467	-0.018963467	1.23703E-16
STX12	-0.013763152	-0.009292363	0.009292363	5.94761E-14
STX17	0.006246243	0.009187323	-0.009187323	1.4136E-10
STX18	-0.010183837	-0.005879995	0.005879995	7.18162E-06
STX1A	0.068558535	0.074404963	-0.074404963	9.1178E-132
STX1B	0.077733434	0.082853815	-0.082853815	1.5335E-204
STX2	-0.009943155	-0.006777066	0.006777066	4.19162E-11
STX3	-0.007561954	-0.003782827	0.003782827	2.3512E-07
STX5	0.003682797	0.006641467	-0.006641467	2.91608E-05
STX6	0.025521286	0.028696841	-0.028696841	1.3673E-61
STX7	-0.003879596	0.001202243	-0.001202243	6.86614E-05
STX8	-0.024012282	-0.018022951	0.018022951	8.46613E-15
STXBP1	-0.082019993	-0.072782499	0.072782499	1.3847E-66
STXBP3	0.008007708	0.011265057	-0.011265057	3.06613E-16
STXBP4	0.013076164	0.016257745	-0.016257745	1.55258E-15
STXBP5	-0.068243044	-0.058791828	0.058791828	1.7004E-49
STXBP5L	-0.203044324	-0.195532589	0.195532589	0
STXBP6	-0.016123794	-0.009943085	0.009943085	1.85288E-06
STYXL1	-0.00720352	-0.00390943	0.00390943	4.07064E-05
SUB1	0.003564855	0.008256363	-0.008256363	5.91935E-05
SUCLA2	-0.02292627	-0.018558878	0.018558878	1.07804E-28
SUCLG1	-0.00159224	0.0021513	-0.0021513	4.1452E-08
SUCO	-0.005645476	-0.002155924	0.002155924	1.97982E-05
SUDS3	-0.004334586	-0.000556761	0.000556761	0.00039754
SUFU	-0.011462646	-0.007469522	0.007469522	2.01664E-12
SUGCT	0.000686867	0.003781075	-0.003781075	0.000110049
SUGP1	-0.009181296	-0.005951325	0.005951325	9.84371E-19
SUGP2	-0.019550337	-0.013296319	0.013296319	9.142E-16
SUGT1	0.017431058	0.022016577	-0.022016577	7.58913E-22
SULT1A1	-0.050695178	-0.046694825	0.046694825	3.5651E-143
SULT4A1	-0.017945599	-0.011990376	0.011990376	3.26241E-09
SUMF1	-0.084489432	-0.077794883	0.077794883	3.4895E-136
SUMF2	-0.002884625	1.09244E-06	-1.09244E-06	1.23621E-18
SUMO1	0.009986283	0.013570221	-0.013570221	1.45871E-07
SUMO3	-0.026964413	-0.022087358	0.022087358	2.49915E-37
SUN1	-0.017671131	-0.012214947	0.012214947	3.53575E-26
SUN2	0.069697825	0.074193219	-0.074193219	3.2745E-221
SUPT16H	0.008280141	0.012613681	-0.012613681	8.05169E-15
SUPT20H	0.001235606	0.005327899	-0.005327899	7.60496E-10
SUPT3H	-0.092980851	-0.08362759	0.08362759	8.74431E-86
SUPT5H	0.025608521	0.0292052	-0.0292052	1.37736E-52
SUPT6H	0.01522761	0.018824227	-0.018824227	1.98943E-29
SUPV3L1	-0.010845422	-0.007294594	0.007294594	1.41465E-13
SURF4	0.00530435	0.008743325	-0.008743325	2.57145E-08
SUSD1	-0.026756003	-0.023298586	0.023298586	3.41721E-54
SUSD4	-0.073146791	-0.066365972	0.066365972	2.6727E-99
SUSD6	-0.001926219	0.001531544	-0.001531544	0.001877607
SUZ12	-0.045589399	-0.040461026	0.040461026	7.77378E-75
SV2A	0.048216478	0.055080727	-0.055080727	6.45535E-43
SV2B	-0.127800485	-0.118928014	0.118928014	2.035E-175
SVEP1	-0.002476968	0.000555938	-0.000555938	0.006713651
SVIP	0.004198088	0.007263767	-0.007263767	2.81047E-09
SVOP	-0.069955861	-0.065080411	0.065080411	1.4829E-179
SWT1	-0.003869081	-0.000630656	0.000630656	1.78424E-06
SYBU	-0.04649124	-0.038357162	0.038357162	1.36268E-30
SYCE1	-0.011575095	-0.008953682	0.008953682	7.9036E-18
SYCP2	-0.004431414	-0.00128986	0.00128986	4.86631E-09
SYCP2L	-0.012173942	-0.008932898	0.008932898	1.30201E-18
SYMPK	0.007846186	0.012962693	-0.012962693	8.12664E-19
SYN1	0.172281077	0.180257768	-0.180257768	0
SYN2	-0.050019638	-0.040471418	0.040471418	7.03978E-34
SYN3	-0.196884141	-0.186395227	0.186395227	7.0942671e-316
SYNDIG1	-0.074066018	-0.067317886	0.067317886	6.76E-106
SYNE1	-0.10642537	-0.098061524	0.098061524	1.5926E-138
SYNGAP1	0.016995657	0.021290419	-0.021290419	1.86335E-29
SYNGR1	0.026040247	0.032032241	-0.032032241	3.00026E-23
SYNGR3	0.019672618	0.023271987	-0.023271987	1.00364E-26
SYNJ1	-0.008438866	-0.002736503	0.002736503	4.80749E-09
SYNJ2	-0.001393633	0.002707805	-0.002707805	1.45552E-07
SYNM	-0.006598607	-0.003585346	0.003585346	5.72846E-12
SYNPO	0.063444032	0.068780576	-0.068780576	6.0708E-145
SYNPO2	-0.02802274	-0.022119021	0.022119021	7.73587E-23
SYNPR	0.010564386	0.019198082	-0.019198082	0.04712068
SYNRG	-0.001666401	0.002662494	-0.002662494	3.50808E-09
SYP	-0.050311136	-0.04330203	0.04330203	1.00225E-44
SYT1	0.010900051	0.015684804	-0.015684804	6.7918E-113
SYT11	0.032283575	0.038294483	-0.038294483	1.21948E-24
SYT12	-0.019846845	-0.015805159	0.015805159	3.18795E-38
SYT13	0.015471402	0.019783788	-0.019783788	6.83166E-17
SYT14	-0.093978197	-0.085170997	0.085170997	1.11582E-96
SYT16	-0.075525646	-0.066273996	0.066273996	7.46077E-57
SYT17	0.019750759	0.023293369	-0.023293369	1.96882E-26
SYT4	0.038061093	0.042966103	-0.042966103	3.72741E-58
SYT5	-0.009685564	-0.006246335	0.006246335	3.30357E-09
SYT7	-0.014634735	-0.00927252	0.00927252	5.82757E-12
SYT9	0.00079775	0.00369342	-0.00369342	2.46529E-06
SYTL2	-0.065594322	-0.060022929	0.060022929	2.0917E-122
SZT2	-0.007517849	-0.004513995	0.004513995	6.85943E-12
TAB1	0.003272706	0.005888348	-0.005888348	0.000131722
TAB2	0.00720146	0.012810211	-0.012810211	1.72611E-08
TAB3	-0.001598139	0.001044322	-0.001044322	0.00816143
TACC1	-0.023630664	-0.017386724	0.017386724	5.92896E-19
TACC2	-0.015406096	-0.011523647	0.011523647	9.9489E-16
TADA2A	0.000360196	0.003462768	-0.003462768	0.000607481
TAF1	-0.029250134	-0.024612491	0.024612491	1.33095E-36
TAF15	-0.072308716	-0.065772308	0.065772308	1.1202E-104
TAF1B	-0.01375863	-0.010291489	0.010291489	1.12222E-16
TAF1C	0.014234422	0.016952602	-0.016952602	8.80887E-27
TAF1D	-0.056881002	-0.05100829	0.05100829	1.01917E-83
TAF2	-0.019800164	-0.015695817	0.015695817	4.22069E-24
TAF3	-0.006165003	-0.001397535	0.001397535	0.000169124
TAF4	-0.008766338	-0.005911523	0.005911523	3.39225E-11
TAF4B	-0.03201151	-0.028338435	0.028338435	1.01384E-73
TAF7	0.001592914	0.004307741	-0.004307741	0.248662186
TAFA1	0.227447911	0.232438082	-0.232438082	0
TAFA2	0.331445851	0.337401158	-0.337401158	0
TAFA5	0.120297891	0.12346632	-0.12346632	0
TAGLN3	0.017897863	0.023990829	-0.023990829	6.74955E-08
TAMM41	-0.017394272	-0.01325906	0.01325906	4.08576E-18
TANC1	0.003137633	0.005842212	-0.005842212	0.054527302
TANC2	-0.079732459	-0.070025903	0.070025903	6.96173E-57
TANGO2	-0.037718039	-0.034445532	0.034445532	3.8611E-129
TANGO6	-0.038057342	-0.033398037	0.033398037	3.73171E-63
TANK	-0.003979529	0.000409619	-0.000409619	8.01077E-05
TAOK1	-0.027628333	-0.019953373	0.019953373	3.10928E-15
TAOK2	0.020728967	0.024438515	-0.024438515	9.4535E-31
TAOK3	-0.017465377	-0.010486113	0.010486113	8.53433E-11
TAPBP	0.030260204	0.034087507	-0.034087507	2.43399E-56
TAPT1	-0.005583005	-0.001154857	0.001154857	1.71097E-09
TARBP1	-0.132547389	-0.124880702	0.124880702	1.3142E-256
TASOR2	0.091219755	0.093945208	-0.093945208	0
TASP1	-0.066817115	-0.060985543	0.060985543	1.5057E-112
TATDN1	-0.002051791	0.001649214	-0.001649214	1.60109E-06
TATDN3	-0.007265497	-0.004645131	0.004645131	1.05563E-08
TAX1BP1	-0.038354541	-0.031816637	0.031816637	2.53097E-37
TBC1D1	-0.028830622	-0.022364359	0.022364359	5.04194E-20
TBC1D10B	0.021116129	0.024141221	-0.024141221	8.09407E-45
TBC1D12	0.009769785	0.013244875	-0.013244875	1.11325E-10
TBC1D13	0.006249821	0.00932562	-0.00932562	2.42432E-13
TBC1D14	-0.009821836	-0.006156486	0.006156486	4.04871E-13
TBC1D15	-0.016537182	-0.011627007	0.011627007	1.00059E-15
TBC1D17	0.022032698	0.025224984	-0.025224984	1.22833E-45
TBC1D19	-0.100273894	-0.093556655	0.093556655	1.5212E-192
TBC1D20	0.0040586	0.006855726	-0.006855726	4.85651E-05
TBC1D22A	-0.043075326	-0.037406339	0.037406339	1.62052E-49
TBC1D22B	-0.004425796	-0.001278993	0.001278993	6.55937E-09
TBC1D23	-0.008238063	-0.004275352	0.004275352	8.87595E-11
TBC1D2B	-0.003625977	-0.000150484	0.000150484	2.25614E-07
TBC1D30	-0.007692975	-0.004173841	0.004173841	9.07611E-08
TBC1D31	-0.009835793	-0.007008757	0.007008757	5.3315E-13
TBC1D32	-0.071860201	-0.065433778	0.065433778	4.2303E-109
TBC1D4	-0.009949794	-0.004526205	0.004526205	3.20843E-06
TBC1D5	-0.095327478	-0.085868529	0.085868529	1.76822E-86
TBC1D8	-0.011969657	-0.007449477	0.007449477	2.68589E-08
TBC1D9	-0.024017131	-0.01979701	0.01979701	8.28036E-29
TBC1D9B	-0.008762028	-0.00567593	0.00567593	5.38528E-10
TBCA	-0.006987959	-0.001368901	0.001368901	2.86033E-06
TBCB	0.031610679	0.035734036	-0.035734036	4.1949E-53
TBCD	0.016854537	0.022595642	-0.022595642	8.47658E-14
TBCE	-0.018587321	-0.015369237	0.015369237	1.88045E-31
TBCK	-0.101055863	-0.092611718	0.092611718	1.0431E-120
TBK1	-0.010680983	-0.007198097	0.007198097	1.25807E-16
TBKBP1	0.027790281	0.030664837	-0.030664837	5.27667E-81
TBL1X	-0.01116864	-0.008097927	0.008097927	5.66128E-17
TBL1XR1	-0.06045317	-0.051793782	0.051793782	1.90031E-44
TBPL1	0.000466293	0.003924254	-0.003924254	0.007563693
TBRG1	0.003908821	0.007689205	-0.007689205	4.25031E-08
TBRG4	0.016433248	0.019233692	-0.019233692	2.28418E-29
TCAF1	-0.015050687	-0.0095534	0.0095534	2.11666E-09
TCAIM	-0.023344229	-0.019068183	0.019068183	2.9748E-27
TCEA1	0.022264481	0.025286727	-0.025286727	5.84174E-53
TCEA2	0.036095337	0.039947736	-0.039947736	1.06738E-77
TCEAL2	-0.00208444	0.001511887	-0.001511887	0.000203028
TCEAL3	0.001063053	0.003769898	-0.003769898	8.31741E-05
TCEAL4	-0.016749491	-0.013255536	0.013255536	1.12946E-41
TCERG1	-0.050931011	-0.044636763	0.044636763	7.26756E-62
TCERG1L	-0.040885924	-0.035891808	0.035891808	5.66306E-65
TCF12	0.028506085	0.036618988	-0.036618988	3.49396E-17
TCF20	-0.00233061	0.00349888	-0.00349888	0.001290264
TCF25	-0.116158149	-0.109800742	0.109800742	9.8269E-288
TCF4	0.036368216	0.043984446	-0.043984446	1.6405E-173
TCF7L2	-0.014162699	-0.009992601	0.009992601	5.38855E-30
TCHP	-0.006870097	-0.004081044	0.004081044	2.46762E-11
TCOF1	7.71132E-05	0.002993786	-0.002993786	9.35963E-08
TCP11L1	-0.010391267	-0.007146507	0.007146507	2.6242E-10
TDO2	-0.011970715	-0.009010733	0.009010733	1.19985E-14
TDP1	0.000282657	0.003120048	-0.003120048	0.012171271
TDP2	0.003200571	0.00652075	-0.00652075	4.79359E-06
TDRD3	-0.0389828	-0.033217392	0.033217392	1.66386E-44
TDRD7	-0.009623489	-0.006776755	0.006776755	9.94333E-13
TDRP	-0.006308082	-0.002570757	0.002570757	5.11175E-06
TEAD1	-0.02177204	-0.015616834	0.015616834	4.33036E-15
TECPR1	0.001983992	0.004915672	-0.004915672	1.76445E-08
TECPR2	-0.027717787	-0.02256434	0.02256434	1.58111E-34
TECR	0.051728975	0.056050543	-0.056050543	3.0216E-125
TEF	0.021157574	0.025446525	-0.025446525	4.03858E-32
TENM1	0.009859404	0.016208317	-0.016208317	0.000262546
TENM2	-0.142950035	-0.133775297	0.133775297	6.4181E-203
TENM3	-0.007775188	0.001520816	-0.001520816	0.093381541
TENM4	-0.084468532	-0.074790199	0.074790199	1.14327E-67
TENT2	-0.07121441	-0.065092135	0.065092135	3.7252E-116
TENT4A	-0.004115228	-0.000417824	0.000417824	3.06321E-06
TENT4B	0.010914301	0.015581136	-0.015581136	1.63275E-15
TERF1	-0.021998184	-0.018103712	0.018103712	7.22007E-32
TERF2IP	-0.020005928	-0.013487746	0.013487746	1.88768E-11
TESK1	0.015244718	0.018085914	-0.018085914	1.86251E-28
TESPA1	-0.042453417	-0.036692711	0.036692711	2.1026E-54
TET1	-0.002469099	0.000246845	-0.000246845	0.023155396
TET2	-0.007128279	-0.002076786	0.002076786	0.00061967
TET3	-0.038298109	-0.033100053	0.033100053	7.46377E-51
TEX10	-0.000143762	0.00225488	-0.00225488	0.00039092
TEX2	-0.008656056	-0.004850058	0.004850058	2.24914E-10
TEX9	-0.00629872	-0.003460011	0.003460011	4.66235E-06
TFB1M	-0.014744708	-0.011614794	0.011614794	6.37595E-21
TFCP2	-0.028295367	-0.023272857	0.023272857	4.31893E-31
TFDP1	-0.01038203	-0.007330815	0.007330815	3.41223E-13
TFDP2	-0.031810536	-0.023779607	0.023779607	2.25233E-32
TFG	-0.015736994	-0.012145776	0.012145776	3.11073E-17
TFRC	-0.004491107	-0.001985062	0.001985062	0.000505179
TGFB2	0.005574854	0.008277301	-0.008277301	6.50441E-05
TGFBR3	0.019319178	0.022224121	-0.022224121	9.31069E-40
TGFBRAP1	-0.004265403	-0.001286677	0.001286677	6.97023E-06
TGOLN2	0.007556506	0.011204796	-0.011204796	9.8486E-05
TGS1	-0.009124805	-0.00575859	0.00575859	8.31399E-08
THADA	-0.021015614	-0.015718421	0.015718421	7.65567E-16
THAP4	0.008026896	0.011063312	-0.011063312	3.56096E-08
THEM4	-0.00403197	-0.001356244	0.001356244	2.20113E-05
THOC1	0.003484791	0.007062587	-0.007062587	6.53806E-08
THOC2	-0.03112402	-0.025367741	0.025367741	7.01246E-32
THOC3	-0.045753633	-0.04233446	0.04233446	9.8761E-181
THOC7	-0.002860269	0.000378747	-0.000378747	9.46167E-05
THOP1	0.031620089	0.035657538	-0.035657538	2.71534E-57
THRA	0.016594155	0.02112844	-0.02112844	3.50925E-12
THRAP3	-0.016988114	-0.011946588	0.011946588	6.94229E-17
THRB	-0.111987946	-0.103123478	0.103123478	5.2155E-137
THSD7A	-0.01393706	-0.006244043	0.006244043	0.000360178
THSD7B	0.00667732	0.011109596	-0.011109596	0.008709211
THUMPD1	-0.007235026	-0.003721651	0.003721651	3.82488E-09
THUMPD2	-0.011004809	-0.007502609	0.007502609	5.42563E-17
THY1	0.045677178	0.052844146	-0.052844146	4.96942E-40
TIAL1	-0.002513122	0.001742942	-0.001742942	9.58052E-06
TIAM1	0.000286096	0.008329094	-0.008329094	0.484938741
TIAM2	-0.019239273	-0.01096447	0.01096447	4.48004E-09
TIGAR	-0.007263807	-0.00430373	0.00430373	1.9577E-06
TIMM23	-0.013934088	-0.011177207	0.011177207	1.36896E-25
TIMM23B	-0.373878502	-0.366734606	0.366734606	0
TIMM44	0.010719973	0.0138568	-0.0138568	2.16268E-14
TIMP2	0.015484095	0.019091327	-0.019091327	2.16048E-17
TIPRL	-0.007345984	-0.003690084	0.003690084	1.26643E-05
TJP1	-0.052330683	-0.042914748	0.042914748	2.07091E-29
TKT	0.005923875	0.008916035	-0.008916035	0.000129483
TLE1	-0.001203509	0.002353693	-0.002353693	2.42411E-05
TLE2	0.002449681	0.006460391	-0.006460391	0.035774288
TLE3	0.008112187	0.01078918	-0.01078918	3.58998E-09
TLE4	0.025066474	0.0309902	-0.0309902	9.43009E-29
TLE5	0.11309159	0.116228409	-0.116228409	0
TLK1	-0.030534515	-0.023849417	0.023849417	1.2586E-19
TLK2	-0.010752155	-0.005843935	0.005843935	2.87963E-11
TLL1	0.00392874	0.007271897	-0.007271897	0.013008304
TLN2	-0.08559181	-0.077426869	0.077426869	9.67707E-94
TM2D1	-0.007151525	-0.003940492	0.003940492	7.06802E-08
TM2D3	-0.020316676	-0.016737827	0.016737827	2.48148E-29
TM7SF2	0.001323371	0.004264478	-0.004264478	0.07382839
TM7SF3	-0.01220569	-0.008514332	0.008514332	2.62703E-17
TM9SF2	0.005651617	0.009430694	-0.009430694	4.38951E-07
TM9SF3	-0.011197399	-0.006426932	0.006426932	3.4969E-16
TM9SF4	-0.008679979	-0.005237099	0.005237099	6.74584E-08
TMA7	0.068052921	0.071990128	-0.071990128	2.6815E-252
TMBIM6	0.02398489	0.030146521	-0.030146521	4.3441E-27
TMCC1	-0.037830902	-0.029778153	0.029778153	6.09679E-20
TMCC2	0.010259221	0.013044828	-0.013044828	2.53049E-20
TMCO1	-0.005531978	-0.002229498	0.002229498	1.19846E-07
TMCO3	-0.038126359	-0.034447799	0.034447799	4.4544E-99
TMED10	0.017008941	0.020488726	-0.020488726	1.82489E-25
TMED4	0.006008255	0.008972926	-0.008972926	5.10458E-05
TMED8	-0.006632903	-0.002199608	0.002199608	5.0004E-13
TMEFF2	0.032049321	0.041458502	-0.041458502	6.27269E-25
TMEM106B	-0.003170373	0.002952985	-0.002952985	2.70353E-09
TMEM108	-0.053583598	-0.043672723	0.043672723	2.44355E-25
TMEM117	-0.062236943	-0.05428353	0.05428353	1.97635E-52
TMEM120B	-0.021722915	-0.017163215	0.017163215	3.13506E-27
TMEM127	0.012765468	0.01641852	-0.01641852	9.51524E-17
TMEM130	-0.053007883	-0.04707493	0.04707493	8.84563E-74
TMEM131	-0.028739884	-0.022493696	0.022493696	1.13231E-21
TMEM131L	0.002010138	0.006080656	-0.006080656	0.006338492
TMEM132A	0.01989945	0.024097624	-0.024097624	1.26394E-19
TMEM132B	-0.131302141	-0.121908019	0.121908019	1.8897E-162
TMEM132C	0.010720918	0.016250993	-0.016250993	0.000326565
TMEM132D	-0.143389307	-0.133108283	0.133108283	2.8587E-165
TMEM135	-0.04231758	-0.036059814	0.036059814	2.02946E-42
TMEM144	0.022264558	0.02526374	-0.02526374	1.22726E-49
TMEM145	0.040692413	0.045007771	-0.045007771	4.00787E-74
TMEM14A	-0.005009155	-0.00158649	0.00158649	5.70448E-13
TMEM150C	-0.01244008	-0.008686747	0.008686747	4.71622E-14
TMEM151A	0.015168183	0.018185909	-0.018185909	1.05171E-21
TMEM160	0.027632571	0.03155494	-0.03155494	9.92448E-42
TMEM161B	-0.010938907	-0.00694059	0.00694059	3.04128E-12
TMEM163	-0.033706306	-0.029393258	0.029393258	6.2217E-58
TMEM164	0.000828569	0.00382294	-0.00382294	0.000175008
TMEM165	0.022419569	0.026988986	-0.026988986	5.33117E-29
TMEM167B	0.015983808	0.018614028	-0.018614028	4.14417E-34
TMEM168	-0.010475784	-0.007514895	0.007514895	1.83918E-18
TMEM170B	-0.000297589	0.003852105	-0.003852105	1.63772E-05
TMEM175	0.020076041	0.02389545	-0.02389545	1.81593E-38
TMEM178A	-0.018152003	-0.011764004	0.011764004	1.52925E-15
TMEM178B	-0.141866291	-0.132235706	0.132235706	7.3188E-183
TMEM179	-0.00445475	-0.000509794	0.000509794	2.56084E-08
TMEM181	-0.010411866	-0.005398045	0.005398045	2.50889E-10
TMEM184B	-0.006176214	-0.002290531	0.002290531	1.17444E-05
TMEM192	-0.012244881	-0.008704857	0.008704857	2.58699E-14
TMEM196	0.006723733	0.01022209	-0.01022209	5.90267E-06
TMEM222	0.035106072	0.039054883	-0.039054883	1.4514E-69
TMEM230	-0.007515684	-0.003788191	0.003788191	6.56206E-07
TMEM232	-0.043282606	-0.033826249	0.033826249	2.88042E-39
TMEM241	-0.053374726	-0.048296732	0.048296732	1.61817E-96
TMEM245	0.009950534	0.016367959	-0.016367959	5.35367E-20
TMEM248	0.007734498	0.011723474	-0.011723474	8.29546E-06
TMEM25	0.01213791	0.015073438	-0.015073438	5.42636E-15
TMEM259	0.040339121	0.045423076	-0.045423076	1.46843E-58
TMEM260	-0.039829674	-0.034909415	0.034909415	2.63531E-61
TMEM266	-0.028671688	-0.025038857	0.025038857	6.94959E-60
TMEM267	-0.007054359	-0.004061273	0.004061273	3.16047E-09
TMEM268	0.003430976	0.007073783	-0.007073783	3.19637E-05
TMEM30A	-0.013636462	-0.008114741	0.008114741	8.88021E-19
TMEM33	0.000372743	0.003847276	-0.003847276	6.11358E-08
TMEM35A	-0.009169196	-0.005749014	0.005749014	2.10744E-08
TMEM38A	-0.038673286	-0.03441872	0.03441872	3.30286E-77
TMEM38B	-0.014525197	-0.011559327	0.011559327	5.70535E-24
TMEM39B	-0.001790957	0.001234223	-0.001234223	0.017913132
TMEM41B	-0.005039987	-0.000761696	0.000761696	1.22572E-05
TMEM47	0.01199937	0.014911026	-0.014911026	7.77028E-15
TMEM50A	-0.001313545	0.002020046	-0.002020046	0.005688801
TMEM50B	0.001826694	0.005409466	-0.005409466	0.015909625
TMEM59	-0.001768761	0.00212515	-0.00212515	0.005785826
TMEM59L	0.066887941	0.075302499	-0.075302499	1.55989E-62
TMEM62	-0.019740219	-0.016173249	0.016173249	5.85947E-29
TMEM63B	0.085914549	0.092339931	-0.092339931	7.7293E-185
TMEM63C	0.06712809	0.070670838	-0.070670838	1.7105E-305
TMEM64	-0.017275593	-0.013015077	0.013015077	4.58849E-17
TMEM65	-0.022870281	-0.017650268	0.017650268	2.59646E-17
TMEM67	-0.005919665	-0.002650392	0.002650392	4.15091E-08
TMEM68	-0.00380855	-0.001086325	0.001086325	3.05485E-05
TMEM74B	0.017507487	0.020380301	-0.020380301	4.276E-32
TMEM87A	-0.011724535	-0.007822102	0.007822102	2.42732E-11
TMEM8B	0.005078194	0.008004595	-0.008004595	3.45687E-05
TMEM9	0.016735321	0.02044348	-0.02044348	1.70444E-21
TMEM94	0.012060718	0.014895698	-0.014895698	1.7863E-17
TMF1	-0.00698908	-0.00333403	0.00333403	1.7635E-17
TMLHE	-0.014828464	-0.011848528	0.011848528	3.39228E-24
TMOD1	-0.0499505	-0.044918592	0.044918592	1.108E-85
TMOD2	-0.032868375	-0.026089323	0.026089323	1.20084E-28
TMOD3	-0.003468287	4.37994E-05	-4.37994E-05	2.42484E-07
TMPO	0.000455298	0.003371378	-0.003371378	6.19751E-06
TMSB10	0.087049795	0.093300089	-0.093300089	2.3937E-160
TMSB4X	0.036048669	0.042931357	-0.042931357	1.50641E-56
TMTC1	-0.009227973	-0.001874488	0.001874488	0.007881162
TMTC2	0.05265527	0.060334116	-0.060334116	3.05584E-43
TMTC3	-0.023063989	-0.018601597	0.018601597	2.91319E-26
TMUB1	0.014822811	0.01763203	-0.01763203	1.06358E-26
TMX3	-0.010723459	-0.006035628	0.006035628	3.69947E-15
TMX4	-0.016034929	-0.011379328	0.011379328	7.70888E-14
TNFRSF21	0.004440574	0.008044107	-0.008044107	1.37647E-06
TNFRSF25	0.01498927	0.020122219	-0.020122219	6.13802E-08
TNFSF13B	0.00396938	0.007283078	-0.007283078	0.004155243
TNIK	0.010320628	0.019383673	-0.019383673	6.53242E-17
TNK2	0.032196992	0.037749248	-0.037749248	3.65792E-40
TNKS	-0.101936289	-0.09294079	0.09294079	1.8804E-108
TNKS2	0.00196857	0.007075775	-0.007075775	1.26191E-07
TNNT2	0.041529441	0.044542719	-0.044542719	1.4107E-168
TNPO1	-0.030220283	-0.023651404	0.023651404	2.08396E-21
TNPO2	0.049165394	0.054452709	-0.054452709	9.91369E-94
TNPO3	-0.007885689	-0.003809155	0.003809155	1.01778E-05
TNR	-0.11204154	-0.103240964	0.103240964	5.1037E-137
TNRC18	-0.055279522	-0.049129703	0.049129703	8.34121E-72
TNRC6A	-0.141877498	-0.133314321	0.133314321	2.6875E-242
TNRC6B	-0.043980335	-0.034956963	0.034956963	1.10657E-25
TNRC6C	-0.044481513	-0.036204626	0.036204626	2.94737E-25
TNXB	-0.010814395	-0.007631842	0.007631842	3.26796E-26
TOB1	0.011282189	0.01445395	-0.01445395	1.58191E-13
TOB2	-8.84176E-05	0.003287159	-0.003287159	7.1475E-09
TOGARAM1	-0.01464892	-0.009490844	0.009490844	5.98077E-13
TOLLIP	-0.009994148	-0.004663022	0.004663022	2.06943E-09
TOM1	0.019464786	0.022514827	-0.022514827	4.62675E-39
TOM1L1	-0.008290783	-0.005172563	0.005172563	1.1007E-11
TOM1L2	-0.054327494	-0.047965896	0.047965896	4.77692E-67
TOMM20	0.010584488	0.015732239	-0.015732239	1.67458E-05
TOMM7	0.024092501	0.027128874	-0.027128874	1.02104E-52
TOMM70	0.008868694	0.012364357	-0.012364357	5.39879E-09
TOP1	0.006929599	0.012449218	-0.012449218	2.00185E-11
TOP2B	-0.024524461	-0.018934417	0.018934417	6.29052E-22
TOP3A	-0.004060177	-0.001121451	0.001121451	3.19341E-10
TOPBP1	-0.006146488	-0.003237608	0.003237608	1.8701E-08
TOR1AIP1	0.002436981	0.005050398	-0.005050398	0.008118186
TOR1AIP2	0.002645511	0.006468455	-0.006468455	0.000224503
TOX	-0.020194364	-0.011044646	0.011044646	1.84165E-07
TOX2	-0.01081864	-0.007085553	0.007085553	9.74005E-10
TOX3	0.006249355	0.00997571	-0.00997571	0.000211753
TP53BP1	-0.011733917	-0.006674136	0.006674136	3.17871E-07
TPCN1	-0.00756935	-0.004008226	0.004008226	5.13259E-16
TPCN2	-0.032981156	-0.029767308	0.029767308	1.3544E-104
TPD52	0.06435218	0.068909073	-0.068909073	1.1242E-188
TPD52L1	-0.002314301	0.001182027	-0.001182027	0.000427481
TPD52L2	0.01841621	0.023576873	-0.023576873	3.03506E-27
TPGS2	-0.011767051	-0.007904384	0.007904384	3.25319E-11
TPI1	0.025459454	0.030035489	-0.030035489	2.09484E-27
TPK1	-0.047772076	-0.042371854	0.042371854	3.5062E-72
TPM1	-0.001129693	0.003267369	-0.003267369	0.351660242
TPM3	-0.001497497	0.002240231	-0.002240231	4.40183E-08
TPM4	-0.011321264	-0.008095081	0.008095081	6.59901E-17
TPP2	-0.004926615	-5.38861E-05	5.38861E-05	9.83298E-06
TPPP	0.039960887	0.046052674	-0.046052674	3.6257E-44
TPR	-0.009093112	-0.004864807	0.004864807	9.35865E-14
TPRG1L	0.016423725	0.019457894	-0.019457894	1.1018E-25
TPST1	-0.047310581	-0.040308177	0.040308177	1.86845E-40
TPST2	0.00100747	0.00414424	-0.00414424	0.540303106
TPT1	0.047961945	0.052009138	-0.052009138	3.1779E-117
TRA2A	-0.012202231	-0.004795835	0.004795835	3.55762E-05
TRA2B	-0.006021951	-0.001474727	0.001474727	0.000193131
TRABD	0.0335507	0.036895104	-0.036895104	1.1331E-93
TRAF3	-0.053734634	-0.048105372	0.048105372	3.70151E-79
TRAF3IP1	-0.034434675	-0.030229226	0.030229226	2.89644E-61
TRAF6	-0.001785355	0.000995806	-0.000995806	0.00072202
TRAK1	-0.022039518	-0.016552475	0.016552475	7.82632E-23
TRAK2	-0.038874104	-0.032632164	0.032632164	1.04705E-33
TRAM1	0.000761058	0.004257181	-0.004257181	6.87582E-06
TRANK1	-0.093003617	-0.086917537	0.086917537	7.376E-201
TRAP1	-0.01064877	-0.00582928	0.00582928	2.80094E-06
TRAPPC10	-0.023212613	-0.019430628	0.019430628	3.01616E-36
TRAPPC11	-0.000212905	0.00335475	-0.00335475	3.74291E-07
TRAPPC12	-0.053666633	-0.048122586	0.048122586	2.44921E-80
TRAPPC13	-0.00455584	-0.001721964	0.001721964	6.95834E-05
TRAPPC2	0.00757938	0.010323694	-0.010323694	1.19252E-15
TRAPPC3	0.014429124	0.017277845	-0.017277845	9.46634E-29
TRAPPC6B	-0.001750788	0.002093606	-0.002093606	0.53126942
TRAPPC8	-0.010270215	-0.005379953	0.005379953	7.424E-09
TRAPPC9	-0.072562898	-0.06621421	0.06621421	1.0357E-112
TRERF1	-0.033908139	-0.027473604	0.027473604	8.06861E-25
TRHDE	-0.006644722	0.002059995	-0.002059995	1.48565E-12
TRIM11	0.001991809	0.004815675	-0.004815675	3.00723E-05
TRIM13	0.015553687	0.01827781	-0.01827781	2.07614E-31
TRIM14	-0.02870028	-0.025482375	0.025482375	1.76999E-77
TRIM2	0.041396799	0.049994689	-0.049994689	2.11644E-40
TRIM23	0.00071462	0.00476068	-0.00476068	2.16251E-05
TRIM24	-0.002408727	0.001542684	-0.001542684	4.40555E-05
TRIM26	0.001920406	0.004647961	-0.004647961	0.03028039
TRIM28	0.031963362	0.035351916	-0.035351916	1.6046E-75
TRIM3	0.019356598	0.022573455	-0.022573455	2.10273E-37
TRIM33	-0.038354989	-0.031960605	0.031960605	1.07619E-32
TRIM36	-0.007772358	-0.004673897	0.004673897	1.81042E-06
TRIM37	-0.018519819	-0.012237046	0.012237046	1.2168E-15
TRIM4	-0.009472264	-0.006716965	0.006716965	2.96857E-15
TRIM44	-0.043690771	-0.036541378	0.036541378	3.61883E-34
TRIM46	0.002553384	0.005412506	-0.005412506	5.92995E-13
TRIM52	-0.014457717	-0.011085514	0.011085514	1.69167E-17
TRIM66	-0.00566356	-0.003017227	0.003017227	1.02791E-13
TRIM69	-0.015996244	-0.012173561	0.012173561	9.27537E-18
TRIM8	-0.001640675	0.001102021	-0.001102021	0.000539545
TRIM9	-0.09272713	-0.083226956	0.083226956	1.27394E-81
TRIO	-0.097441012	-0.08825237	0.08825237	6.48098E-94
TRIP11	-0.039596583	-0.033676691	0.033676691	6.71617E-44
TRIP12	-0.018560736	-0.011750227	0.011750227	1.12563E-11
TRIP4	-0.014738766	-0.011452652	0.011452652	8.53293E-21
TRIQK	-0.005762036	-0.002067646	0.002067646	3.84815E-09
TRIR	0.0105867	0.013668249	-0.013668249	7.57877E-12
TRIT1	0.007877125	0.010734889	-0.010734889	2.46721E-07
TRMT1	-0.007403255	-0.003201332	0.003201332	7.36911E-23
TRMT11	0.220987706	0.226298904	-0.226298904	0
TRMT112	0.009053331	0.011933947	-0.011933947	4.83561E-09
TRMT13	-0.000262658	0.00225803	-0.00225803	0.000347922
TRMT1L	-0.007214123	-0.003953888	0.003953888	2.00075E-13
TRMT61B	-0.013207006	-0.00985205	0.00985205	1.6046E-15
TRMT9B	-0.035484951	-0.030302649	0.030302649	8.27586E-42
TRMU	0.003281937	0.006883248	-0.006883248	2.32227E-13
TRNAU1AP	-0.006544904	-0.003077764	0.003077764	1.14862E-06
TRPC1	-0.045073662	-0.038105094	0.038105094	2.00556E-36
TRPC4	0.014408562	0.018763103	-0.018763103	9.92092E-11
TRPC4AP	-0.008833611	-0.00369	0.00369	1.89863E-09
TRPC5	-0.025129543	-0.019989709	0.019989709	7.41208E-24
TRPC6	0.033692043	0.0373115	-0.0373115	1.08017E-75
TRPM2	0.002309312	0.007052122	-0.007052122	8.05941E-11
TRPM3	-0.051501083	-0.043244633	0.043244633	3.29503E-60
TRPM7	-0.005913445	-4.42835E-05	4.42835E-05	1.92424E-06
TRPS1	0.018243617	0.02511166	-0.02511166	2.55251E-13
TRRAP	-0.006741194	-0.001626428	0.001626428	4.66514E-06
TRUB1	-0.0105038	-0.007293661	0.007293661	9.78859E-14
TSC1	-0.024269832	-0.019877536	0.019877536	1.67982E-29
TSC2	0.016884408	0.020695495	-0.020695495	2.58939E-33
TSC22D1	-0.116742594	-0.107490193	0.107490193	1.9339E-133
TSC22D2	-0.018859398	-0.013343765	0.013343765	1.00723E-14
TSC22D3	0.035566374	0.039180558	-0.039180558	1.57444E-91
TSEN15	-0.005018236	-0.00108663	0.00108663	7.27379E-10
TSEN2	-0.02600745	-0.022002811	0.022002811	1.97256E-38
TSG101	-0.005147019	-0.001453055	0.001453055	0.000531479
TSGA10	-0.046781541	-0.041770553	0.041770553	8.49989E-79
TSHZ1	-0.00023444	0.004756079	-0.004756079	0.000704322
TSHZ2	-0.040041739	-0.030528073	0.030528073	4.84646E-16
TSHZ3	-0.017748424	-0.012297552	0.012297552	9.92076E-16
TSN	-0.002621916	0.000583394	-0.000583394	7.63393E-10
TSNARE1	-0.021093536	-0.016943816	0.016943816	2.94331E-27
TSPAN13	-0.008425597	-0.004356292	0.004356292	1.21055E-13
TSPAN14	-0.010575916	-0.007392879	0.007392879	9.9203E-15
TSPAN17	0.006125069	0.00900638	-0.00900638	1.02769E-06
TSPAN3	-0.00209062	0.002373019	-0.002373019	0.132053088
TSPAN5	-0.08654962	-0.077005121	0.077005121	1.57318E-69
TSPAN7	0.156507058	0.162760587	-0.162760587	0
TSPAN9	-0.002648754	0.001079718	-0.001079718	7.69264E-05
TSPOAP1	0.015589271	0.019689036	-0.019689036	3.93077E-22
TSPYL1	0.039238883	0.046450625	-0.046450625	1.31361E-33
TSPYL2	0.042311119	0.049939264	-0.049939264	3.34821E-29
TSPYL4	-0.00503086	0.000605762	-0.000605762	1.13705E-08
TSTD2	-0.00115665	0.001360336	-0.001360336	0.005576035
TTBK1	0.013924172	0.017693739	-0.017693739	8.84153E-19
TTBK2	4.81312E-05	0.008029355	-0.008029355	1.77264E-08
TTC1	-0.002363744	0.001890421	-0.001890421	9.83924E-05
TTC13	-0.009263629	-0.005332193	0.005332193	3.56968E-07
TTC14	-0.057547858	-0.05008864	0.05008864	9.74539E-52
TTC17	-0.04016418	-0.03289689	0.03289689	9.3349E-28
TTC19	0.003699502	0.009366438	-0.009366438	2.49818E-05
TTC21B	-0.014957947	-0.009161209	0.009161209	5.82748E-08
TTC26	-0.002293416	0.000519149	-0.000519149	0.003714455
TTC27	-0.002084061	0.001221409	-0.001221409	7.42938E-05
TTC28	-0.065719494	-0.056896205	0.056896205	8.25562E-48
TTC3	-0.047817532	-0.03875166	0.03875166	4.81767E-33
TTC33	0.009325198	0.013461062	-0.013461062	1.61952E-13
TTC37	0.050599421	0.057331759	-0.057331759	6.36993E-83
TTC39B	-0.025066535	-0.019879654	0.019879654	4.77752E-26
TTC39C	-0.043361398	-0.036860002	0.036860002	2.39114E-39
TTC5	-0.013904387	-0.010448225	0.010448225	5.30805E-19
TTC7A	-0.010835323	-0.007793011	0.007793011	1.38276E-20
TTC7B	-0.044014116	-0.036632261	0.036632261	1.84696E-31
TTC8	-0.032762768	-0.028620183	0.028620183	1.59638E-64
TTC9B	0.039107299	0.042578907	-0.042578907	2.9007E-109
TTI1	-0.015736636	-0.012786783	0.012786783	6.55639E-27
TTL	-0.014093883	-0.010442702	0.010442702	2.2358E-17
TTLL11	-0.070995066	-0.064560353	0.064560353	3.2051E-104
TTLL5	-0.009239017	-0.003493942	0.003493942	2.72464E-07
TTLL7	-0.021779597	-0.012733179	0.012733179	8.83396E-14
TTN	0.013191835	0.017462704	-0.017462704	2.57881E-23
TTYH1	0.009275431	0.01342325	-0.01342325	4.0551E-16
TTYH3	-0.028830039	-0.024247876	0.024247876	1.02471E-34
TUB	-0.010627127	-0.006744796	0.006744796	2.83266E-07
TUBA1A	0.017992399	0.021551397	-0.021551397	2.22939E-37
TUBA1B	0.016390009	0.024014479	-0.024014479	1.7328E-05
TUBA4A	-0.001810333	0.001803101	-0.001803101	0.198061375
TUBB	0.049136216	0.053695798	-0.053695798	1.1996E-101
TUBB2A	-0.028812725	-0.024641202	0.024641202	1.65335E-59
TUBB4A	0.078849059	0.08367937	-0.08367937	1.9708E-223
TUBB4B	-0.001190499	0.00253756	-0.00253756	5.41693E-09
TUBE1	0.00402111	0.007865579	-0.007865579	1.46479E-07
TUBG2	0.002279457	0.004862405	-0.004862405	0.000748932
TUBGCP2	-0.010224823	-0.006935816	0.006935816	2.68877E-15
TUBGCP3	-0.018672029	-0.014456243	0.014456243	4.97649E-24
TUBGCP5	-0.008040406	-0.004870717	0.004870717	7.45276E-11
TUBGCP6	0.005276584	0.009887666	-0.009887666	3.09755E-47
TUFM	0.012375568	0.015077331	-0.015077331	2.07751E-18
TULP4	-0.148726096	-0.141195504	0.141195504	0
TUSC3	-0.026213994	-0.019297977	0.019297977	2.11121E-18
TUT4	-0.043367051	-0.036240427	0.036240427	4.61572E-33
TUT7	-0.019956218	-0.015625196	0.015625196	7.80304E-23
TVP23A	-0.016153291	-0.012081752	0.012081752	8.98607E-18
TWSG1	-0.008106577	-0.004905081	0.004905081	3.27044E-10
TXLNA	0.017583343	0.020712815	-0.020712815	5.21329E-32
TXLNG	-0.020712425	-0.016636239	0.016636239	1.01593E-24
TXN	0.009985514	0.012671789	-0.012671789	9.92105E-19
TXNDC11	-0.009798576	-0.006525752	0.006525752	1.28678E-08
TXNDC12	-0.004573657	-0.001960313	0.001960313	7.06707E-07
TXNDC15	-0.011182409	-0.008587619	0.008587619	2.9157E-17
TXNDC16	-0.029729368	-0.024371135	0.024371135	9.53146E-28
TXNL1	-0.011079869	-0.006799463	0.006799463	2.75808E-19
TXNL4A	-0.018490414	-0.014720181	0.014720181	2.68585E-22
TXNRD1	-0.043142054	-0.03836381	0.03836381	2.50107E-73
TXNRD2	0.007272645	0.009918183	-0.009918183	3.86583E-13
TYRO3	0.014439258	0.018958169	-0.018958169	3.62935E-14
TYW1	-0.020515744	-0.015552482	0.015552482	3.98885E-15
TYW1B	-0.010106131	-0.005904926	0.005904926	1.01931E-06
TYW3	0.00315448	0.005959944	-0.005959944	5.4863E-06
U2AF2	0.018944148	0.022301363	-0.022301363	1.91176E-29
U2SURP	0.009064329	0.014764728	-0.014764728	2.15101E-23
UBA1	0.042122185	0.046470903	-0.046470903	3.19135E-78
UBA2	-0.011732619	-0.007717091	0.007717091	1.05152E-14
UBA3	-0.003724686	-0.000194829	0.000194829	1.82349E-14
UBA5	0.00674792	0.010003673	-0.010003673	1.99952E-09
UBA52	0.065602704	0.069805333	-0.069805333	1.1336E-205
UBA6	-0.001051785	0.003427607	-0.003427607	1.41588E-08
UBAC2	-0.031731495	-0.025457562	0.025457562	6.10203E-24
UBALD1	0.023081804	0.026354189	-0.026354189	2.84273E-43
UBAP1	-0.014022369	-0.009516662	0.009516662	1.68326E-10
UBAP1L	0.014469514	0.019573676	-0.019573676	2.54827E-18
UBAP2	-0.006559339	-0.002183916	0.002183916	2.58098E-05
UBAP2L	0.002529141	0.005855785	-0.005855785	0.000120802
UBASH3B	-0.00268732	0.001992275	-0.001992275	0.341765368
UBB	0.023574889	0.027869837	-0.027869837	7.18477E-32
UBC	0.019062123	0.024043006	-0.024043006	7.05906E-15
UBE2B	-0.004730571	0.000692244	-0.000692244	0.000165274
UBE2D1	0.000751846	0.003839925	-0.003839925	2.57941E-06
UBE2D2	-0.001867121	0.002923317	-0.002923317	0.013561443
UBE2D3	-0.002837948	0.004773715	-0.004773715	3.74206E-09
UBE2E1	0.001181343	0.005149918	-0.005149918	0.040240469
UBE2E2	-0.115565515	-0.106187649	0.106187649	4.1991E-127
UBE2E3	-0.005190867	0.001562919	-0.001562919	3.09367E-12
UBE2G1	-0.010945815	-0.006534714	0.006534714	1.40906E-07
UBE2G2	-0.002120745	0.003075811	-0.003075811	3.35456E-11
UBE2H	0.004133418	0.010979505	-0.010979505	0.000211703
UBE2I	-0.010473629	-0.007008834	0.007008834	3.15669E-14
UBE2J1	-0.000635953	0.002246057	-0.002246057	1.23142E-06
UBE2J2	0.005727324	0.009141557	-0.009141557	0.000392612
UBE2K	-0.022941912	-0.015596331	0.015596331	2.85661E-14
UBE2L3	0.017485107	0.022034567	-0.022034567	2.97185E-23
UBE2M	0.045285759	0.049657015	-0.049657015	1.58228E-91
UBE2N	0.003243093	0.007146899	-0.007146899	0.116785242
UBE2O	-0.004846914	0.000251092	-0.000251092	0.015976485
UBE2Q1	0.013121996	0.01620484	-0.01620484	1.35837E-18
UBE2Q2	-0.00239745	0.000354843	-0.000354843	0.000339399
UBE2QL1	0.005171013	0.00933158	-0.00933158	1.33074E-06
UBE2R2	-0.009470285	-0.003220462	0.003220462	5.83969E-06
UBE2V2	-0.011154645	-0.007111945	0.007111945	6.57988E-09
UBE2W	0.096973051	0.099778412	-0.099778412	0
UBE2Z	0.034787166	0.038968175	-0.038968175	1.47157E-67
UBE3A	-0.021997481	-0.015136138	0.015136138	2.17386E-12
UBE3B	-0.00676979	-0.003604743	0.003604743	4.46994E-13
UBE3C	-0.047194212	-0.040802108	0.040802108	2.57246E-47
UBE3D	-0.014013278	-0.008124322	0.008124322	8.40218E-08
UBE4A	0.004867273	0.008954277	-0.008954277	7.47514E-05
UBE4B	-0.03767871	-0.031362611	0.031362611	1.25909E-33
UBFD1	-0.014399657	-0.011452761	0.011452761	1.61383E-28
UBL3	-0.015996105	-0.009765405	0.009765405	1.9295E-13
UBLCP1	-0.003230666	-0.000137196	0.000137196	4.50618E-13
UBN1	0.001751032	0.004271247	-0.004271247	0.00138866
UBN2	-0.063070223	-0.055964981	0.055964981	5.99168E-69
UBP1	-0.019611244	-0.014963479	0.014963479	3.34967E-19
UBQLN1	-0.005227578	-0.000464285	0.000464285	8.04522E-06
UBQLN2	0.006825945	0.010358774	-0.010358774	7.02007E-10
UBQLN4	0.02966783	0.032859779	-0.032859779	6.71674E-79
UBR1	-0.034252133	-0.028117421	0.028117421	1.67741E-29
UBR2	-0.005150202	0.001382284	-0.001382284	6.7205E-05
UBR3	-0.089609063	-0.080618945	0.080618945	9.78709E-86
UBR4	-0.006416786	-0.001482982	0.001482982	0.000348581
UBR5	-0.010608759	-0.00194043	0.00194043	2.11987E-07
UBTD2	0.000656839	0.003213611	-0.003213611	0.026341078
UBTF	0.03585082	0.039842504	-0.039842504	1.54582E-74
UBXN2A	-0.001427912	0.002243111	-0.002243111	0.057672065
UBXN2B	-0.009845496	-0.005460754	0.005460754	1.05595E-08
UBXN4	-0.011411796	-0.006064236	0.006064236	1.52751E-10
UBXN6	0.023961906	0.027932041	-0.027932041	5.24935E-34
UBXN7	0.000374404	0.004315136	-0.004315136	2.71774E-06
UCHL1	0.153151869	0.160891716	-0.160891716	6e-323
UCHL5	-0.011035474	-0.007148079	0.007148079	1.05588E-28
UCK2	-0.005320572	-0.001894079	0.001894079	0.000409145
UCN	0.00268517	0.005746607	-0.005746607	6.22178E-11
UFL1	-0.003269221	-0.000273648	0.000273648	2.21337E-11
UFM1	-0.001994922	0.001746286	-0.001746286	0.0019344
UGCG	-0.009200085	-0.005417916	0.005417916	3.38519E-08
UGGT1	-0.010825298	-0.006916005	0.006916005	1.96498E-11
UGGT2	-0.101348376	-0.093371025	0.093371025	1.7519E-136
UGP2	0.007365494	0.011738887	-0.011738887	7.93271E-09
UHMK1	0.009335908	0.013287443	-0.013287443	2.38307E-10
UHRF1BP1	-0.005309466	-0.001716652	0.001716652	0.000108776
UHRF1BP1L	-0.012831935	-0.007277924	0.007277924	1.06726E-06
UHRF2	-0.005663481	-0.001472495	0.001472495	1.29516E-10
UIMC1	-0.004390971	-0.000401648	0.000401648	4.45014E-05
ULK1	0.015897881	0.020015521	-0.020015521	1.30369E-27
ULK2	-0.033240414	-0.02814508	0.02814508	8.55324E-40
ULK3	0.03990056	0.043551978	-0.043551978	2.8147E-101
ULK4	-0.050543116	-0.044406077	0.044406077	6.89153E-60
UMAD1	-0.028071718	-0.020882833	0.020882833	8.58208E-23
UNC13A	-0.078666175	-0.072376339	0.072376339	6.4793E-135
UNC13B	-0.021195491	-0.017079091	0.017079091	1.33276E-32
UNC13C	-0.064384635	-0.05622793	0.05622793	1.07268E-61
UNC5A	0.018585328	0.023679856	-0.023679856	4.15404E-19
UNC5C	0.046306019	0.05618529	-0.05618529	6.22179E-65
UNC5D	-0.077443379	-0.066713601	0.066713601	4.56745E-80
UNC79	-0.169104839	-0.159641274	0.159641274	1.4911E-282
UNC80	-0.100080904	-0.091088408	0.091088408	3.6532E-104
UNK	-0.002929879	0.000279007	-0.000279007	0.001989252
UNKL	7.88076E-05	0.002726751	-0.002726751	4.05913E-10
UPF1	0.016420803	0.019666215	-0.019666215	9.58684E-23
UPF2	-0.008097254	-0.003167941	0.003167941	6.17203E-14
UPF3A	-0.030076576	-0.024935315	0.024935315	8.83074E-38
UPF3B	-0.014371376	-0.010885415	0.010885415	7.48284E-20
UPP1	0.006478653	0.010753721	-0.010753721	2.91761E-23
UPP2	-0.036792608	-0.030535087	0.030535087	6.47305E-30
UQCC1	-0.025520976	-0.020590875	0.020590875	1.84208E-25
UQCR10	0.011625358	0.015374559	-0.015374559	5.25854E-10
UQCRB	0.045804695	0.049683979	-0.049683979	5.3657E-120
UQCRC1	0.043322419	0.047150137	-0.047150137	4.9802E-113
UQCRC2	0.000785698	0.004629096	-0.004629096	0.434139658
UQCRH	0.013236978	0.017156185	-0.017156185	3.17618E-10
URB1	-0.000745144	0.0020407	-0.0020407	0.019531892
URGCP	0.066055191	0.069589822	-0.069589822	1.059524304e-314
URI1	-0.032278431	-0.026655768	0.026655768	1.09231E-33
UROS	0.012628196	0.016425786	-0.016425786	1.14285E-22
USF2	0.032820229	0.036790891	-0.036790891	2.56895E-62
USF3	-0.000650927	0.002599626	-0.002599626	1.08657E-06
USO1	-0.011804606	-0.00730018	0.00730018	7.50643E-16
USP10	-0.009193582	-0.004877693	0.004877693	1.49564E-07
USP11	0.007887537	0.014148057	-0.014148057	1.4922E-07
USP12	0.008331076	0.012009644	-0.012009644	5.38757E-08
USP13	-0.007504465	-0.003640994	0.003640994	0.000100774
USP14	-0.003054031	0.001591798	-0.001591798	4.21745E-12
USP15	-0.030419037	-0.024280801	0.024280801	4.11455E-29
USP16	0.005398573	0.008261637	-0.008261637	2.72194E-10
USP2	0.010641784	0.013246539	-0.013246539	5.06651E-16
USP20	0.00282891	0.006119519	-0.006119519	5.45605E-10
USP22	-0.032025521	-0.024429686	0.024429686	1.2791E-25
USP24	-0.01873236	-0.012851307	0.012851307	1.61763E-21
USP25	-0.106124299	-0.098164393	0.098164393	8.6112E-151
USP28	-0.012852262	-0.009059916	0.009059916	2.44639E-14
USP3	0.007257115	0.010040617	-0.010040617	2.5606E-07
USP30	0.000448456	0.003371317	-0.003371317	0.000467244
USP31	-0.018526895	-0.013431485	0.013431485	1.82651E-13
USP32	-0.011658976	-0.006404365	0.006404365	5.91987E-12
USP33	-0.005861909	0.000774421	-0.000774421	1.34512E-11
USP34	-0.060478691	-0.051391674	0.051391674	3.58368E-43
USP36	0.000841267	0.004353986	-0.004353986	0.000673345
USP37	-0.010228159	-0.006127206	0.006127206	4.71633E-15
USP39	-0.009891083	-0.007146186	0.007146186	6.77338E-22
USP4	-0.025961128	-0.02219988	0.02219988	2.16756E-43
USP40	-0.005412632	-0.001752925	0.001752925	2.24009E-14
USP42	-0.020654538	-0.01714525	0.01714525	2.14661E-32
USP43	-0.012673059	-0.008955682	0.008955682	2.60811E-16
USP45	0.000519851	0.004519123	-0.004519123	7.68044E-10
USP46	-0.00259161	0.001098987	-0.001098987	3.9305E-08
USP47	-0.026702425	-0.019128885	0.019128885	9.25682E-17
USP48	-0.002749912	0.002691728	-0.002691728	1.98653E-06
USP49	-0.017641738	-0.012954461	0.012954461	7.85783E-14
USP5	0.024830033	0.027800562	-0.027800562	9.8879E-59
USP53	-0.010426409	-0.007323446	0.007323446	2.03442E-11
USP54	0.014179977	0.018657567	-0.018657567	1.14523E-18
USP7	0.023907826	0.028388769	-0.028388769	1.59404E-26
USP8	-0.024347913	-0.019268968	0.019268968	7.10666E-24
USP9X	0.005260898	0.011222906	-0.011222906	9.4737E-06
USP9Y	0.0004734	0.000556503	-0.000556503	1.01332E-86
USPL1	-0.003547629	-0.000972066	0.000972066	0.000134346
UST	-0.022970856	-0.019629284	0.019629284	1.1156E-50
UTP23	-0.007358764	-0.001997947	0.001997947	0.011785421
UTP6	0.005154145	0.00776789	-0.00776789	2.48007E-08
UTRN	-0.008248062	-0.003345453	0.003345453	1.61885E-11
UTY	-8.21612E-05	-2.23786E-05	2.23786E-05	0.023304556
UVRAG	-0.031808318	-0.025095536	0.025095536	3.5615E-20
UVSSA	-0.030883253	-0.027911614	0.027911614	2.2159E-118
UXS1	-0.016311678	-0.012479669	0.012479669	7.99256E-19
VAMP4	0.006935204	0.009988301	-0.009988301	2.99751E-07
VAPA	0.008093021	0.01449526	-0.01449526	1.75436E-15
VAPB	-0.005280823	-0.001536988	0.001536988	7.41117E-06
VARS2	0.011289298	0.014405971	-0.014405971	1.06726E-18
VASH1	0.002356746	0.005341143	-0.005341143	5.1174E-17
VAT1L	0.015036113	0.018662017	-0.018662017	1.77579E-15
VAV2	0.004580418	0.007510575	-0.007510575	0.009314403
VAV3	0.000125921	0.00311696	-0.00311696	7.65724E-06
VCL	-0.035372664	-0.030995932	0.030995932	2.06242E-57
VCP	0.0086546	0.012099188	-0.012099188	4.64772E-08
VCPIP1	-0.008066651	-0.00475989	0.00475989	4.60255E-14
VDAC1	-0.000160028	0.003761536	-0.003761536	0.238247118
VDAC3	-0.007528542	-0.004022311	0.004022311	0.00010122
VEZT	-0.044328033	-0.037812944	0.037812944	3.88474E-41
VGF	-0.052358744	-0.049049478	0.049049478	9.2271E-244
VGLL4	-0.035092932	-0.027935053	0.027935053	2.00782E-23
VHL	-0.008291586	-0.005610631	0.005610631	1.45443E-11
VIPR1	-0.027342501	-0.023679411	0.023679411	6.5599E-56
VIRMA	-0.009632585	-0.006474161	0.006474161	7.35837E-11
VKORC1L1	-0.024599283	-0.020406132	0.020406132	2.54046E-31
VMA21	-0.005389478	-0.001622773	0.001622773	0.001681447
VMP1	-0.024615429	-0.019349427	0.019349427	2.2054E-23
VOPP1	-0.030492179	-0.025349162	0.025349162	2.95845E-32
VPS13A	-0.055113925	-0.046444387	0.046444387	8.4542E-40
VPS13B	-0.108433267	-0.099522372	0.099522372	2.9346E-124
VPS13C	0.016806612	0.025451769	-0.025451769	9.97114E-51
VPS13D	-0.033054271	-0.025169212	0.025169212	3.06129E-24
VPS26A	0.006714411	0.009624704	-0.009624704	3.96684E-08
VPS26B	0.009019941	0.012140303	-0.012140303	9.24038E-10
VPS26C	-0.008168978	-0.0053575	0.0053575	2.41159E-12
VPS28	0.042895143	0.047013314	-0.047013314	2.611E-95
VPS29	-0.00141176	0.001399026	-0.001399026	0.009402895
VPS35	-0.015428995	-0.01110597	0.01110597	6.06106E-19
VPS35L	-0.030707776	-0.025591277	0.025591277	2.86429E-38
VPS36	0.002388856	0.006680024	-0.006680024	1.21049E-07
VPS37A	-0.002792233	0.000843736	-0.000843736	0.000585189
VPS37B	0.00385775	0.007287307	-0.007287307	0.005097283
VPS39	0.001475819	0.005052457	-0.005052457	5.72316E-12
VPS41	-0.022128386	-0.015842732	0.015842732	2.0079E-18
VPS45	-0.003443682	0.002099454	-0.002099454	7.95784E-06
VPS4A	0.033798302	0.037253334	-0.037253334	7.61577E-86
VPS4B	-0.013433233	-0.010120736	0.010120736	3.05785E-18
VPS50	-0.064117679	-0.057971665	0.057971665	5.28112E-93
VPS51	0.007366422	0.010773475	-0.010773475	3.00243E-09
VPS53	-0.08278526	-0.075955758	0.075955758	5.6766E-125
VPS54	-0.047414912	-0.041938131	0.041938131	8.85857E-66
VPS8	-0.042902991	-0.036435371	0.036435371	2.36738E-38
VPS9D1	-0.009812864	-0.006034777	0.006034777	5.33342E-10
VRK1	-0.009521629	-0.005745558	0.005745558	6.26086E-09
VSIG10	-0.002421234	0.000370956	-0.000370956	6.33338E-07
VSNL1	-0.092171389	-0.083126064	0.083126064	7.03539E-88
VSTM2A	-0.084370779	-0.078088049	0.078088049	2.7439E-155
VSTM2B	-0.026187455	-0.021746049	0.021746049	1.86311E-31
VSTM2L	-0.006302176	-0.001954246	0.001954246	0.016908961
VTA1	-7.98731E-05	0.003375975	-0.003375975	0.004887817
VTI1A	-0.04643422	-0.037587282	0.037587282	6.11323E-29
VWA3A	-0.031686562	-0.027879108	0.027879108	2.12028E-61
VWA5B2	0.006546465	0.009771136	-0.009771136	7.16989E-05
VWA8	-0.064238609	-0.056224191	0.056224191	6.4384E-56
VWC2	-0.007092541	-0.001312634	0.001312634	1.74119E-09
VWC2L	-0.014759936	-0.008248904	0.008248904	6.83491E-12
VXN	-0.009286078	-0.005666197	0.005666197	6.53774E-08
WAC	-0.009410415	-0.002774598	0.002774598	1.42722E-12
WAPL	-0.000401965	0.003823003	-0.003823003	3.26407E-07
WASF1	-0.130593818	-0.122645803	0.122645803	3.3372E-229
WASF2	-0.00069515	0.002536689	-0.002536689	2.14509E-09
WASF3	-0.009170073	-0.004507978	0.004507978	0.000554362
WASHC1	0.002845506	0.007957202	-0.007957202	1.20381E-18
WASHC2A	-0.001156625	0.001642692	-0.001642692	6.43357E-06
WASHC2C	-0.000600211	0.002298137	-0.002298137	0.001615603
WASHC4	0.013318547	0.017003568	-0.017003568	8.28175E-17
WASHC5	-0.002005141	0.000950113	-0.000950113	6.84882E-06
WASL	-0.001136897	0.004108967	-0.004108967	3.12852E-07
WBP11	0.000314415	0.002985303	-0.002985303	0.007080609
WBP1L	-0.003598365	-0.000209224	0.000209224	0.001010795
WBP2	0.026165119	0.030717537	-0.030717537	8.79131E-30
WBP2NL	-0.016167364	-0.013300569	0.013300569	3.74976E-30
WBP4	-0.005152292	-0.002449487	0.002449487	1.35347E-09
WDFY1	-0.00950472	-0.00581721	0.00581721	1.49439E-10
WDFY2	-0.004968792	-0.000435477	0.000435477	1.59376E-07
WDFY3	-0.053764332	-0.045202057	0.045202057	2.06985E-35
WDPCP	-0.093288866	-0.084719801	0.084719801	5.7419E-101
WDR11	-0.005870939	-0.002293639	0.002293639	2.48584E-10
WDR12	-0.003584956	-0.000974112	0.000974112	4.8639E-07
WDR13	0.020712625	0.023967557	-0.023967557	8.14837E-38
WDR17	-0.033901676	-0.026484022	0.026484022	4.32803E-21
WDR18	0.018167222	0.020925505	-0.020925505	6.682E-42
WDR19	-0.008140415	-0.003021066	0.003021066	4.13019E-09
WDR20	-0.008702574	-0.004676795	0.004676795	7.97283E-09
WDR25	-0.006883466	-0.00397628	0.00397628	1.01779E-07
WDR26	0.004816042	0.009299953	-0.009299953	6.88457E-07
WDR27	-0.017429467	-0.013071952	0.013071952	1.93101E-15
WDR33	-0.004346182	0.001762001	-0.001762001	8.6277E-06
WDR35	-0.003364349	-0.000435433	0.000435433	1.38958E-09
WDR36	-0.004081374	-0.000983569	0.000983569	7.07877E-07
WDR37	-0.035848103	-0.030643585	0.030643585	1.61451E-43
WDR41	-0.005677855	-0.001879585	0.001879585	2.45006E-09
WDR43	-0.013788133	-0.010607945	0.010607945	3.48819E-21
WDR44	-0.001513531	0.001863428	-0.001863428	0.004719272
WDR45B	-0.001756104	0.002465564	-0.002465564	4.91496E-11
WDR47	0.001069181	0.005333036	-0.005333036	0.009134504
WDR48	-0.001640376	0.002323453	-0.002323453	1.98291E-09
WDR5	0.001858954	0.005675897	-0.005675897	2.23541E-13
WDR59	-0.002176758	0.002336437	-0.002336437	0.003298074
WDR6	0.025008946	0.02915302	-0.02915302	3.03132E-35
WDR61	-0.001869163	0.000732585	-0.000732585	0.007733796
WDR7	-0.086432564	-0.077695482	0.077695482	1.28897E-83
WDR70	-0.111395522	-0.103352051	0.103352051	1.7757E-163
WDR75	0.000154347	0.003071442	-0.003071442	1.09692E-13
WDR82	0.025804672	0.031261737	-0.031261737	2.2843E-30
WDSUB1	-0.007062181	-0.003357246	0.003357246	5.5067E-07
WDTC1	0.000122333	0.00370491	-0.00370491	6.32172E-08
WIPF2	-0.019086771	-0.013560649	0.013560649	4.64915E-16
WIPF3	-0.016598205	-0.011121738	0.011121738	1.56884E-10
WIPI2	0.010526178	0.014079073	-0.014079073	2.54981E-10
WLS	2.12207E-05	0.004413692	-0.004413692	0.79761772
WNK1	-0.01697205	-0.008824672	0.008824672	2.01409E-09
WNK2	-0.036131453	-0.02874244	0.02874244	4.2382E-23
WNK3	-0.005895409	-0.002881037	0.002881037	1.89608E-05
WRN	-0.012917547	-0.008350991	0.008350991	3.24664E-16
WRNIP1	-0.003813569	-0.000460957	0.000460957	1.39729E-05
WSB1	-0.057850362	-0.051398174	0.051398174	1.57658E-78
WSB2	-0.001180909	0.002223012	-0.002223012	0.348648228
WSCD2	-0.020065953	-0.015752052	0.015752052	7.21692E-23
WTAP	-0.009528713	-0.005718079	0.005718079	2.13508E-13
WWC1	-0.030529003	-0.026471616	0.026471616	1.2784E-54
WWC2	-0.024667792	-0.019546134	0.019546134	1.80142E-21
WWC3	-0.008758649	-0.00524483	0.00524483	2.50478E-09
WWOX	0.023604521	0.033251171	-0.033251171	4.42599E-17
WWP1	0.020530899	0.025986416	-0.025986416	2.5102E-19
WWP2	-0.005987589	-0.002121679	0.002121679	8.6486E-07
XIAP	0.006821918	0.010977119	-0.010977119	7.47523E-10
XKR4	-0.100953831	-0.090972709	0.090972709	2.27221E-95
XKR6	-0.153360259	-0.143792842	0.143792842	3.4198E-222
XKR9	-0.027799645	-0.024211071	0.024211071	5.34643E-56
XPA	-0.001453379	0.00188328	-0.00188328	3.23132E-08
XPNPEP1	-0.005555878	-0.002786912	0.002786912	4.2366E-09
XPNPEP3	-0.004441742	-0.001765791	0.001765791	3.98324E-08
XPO1	0.020182055	0.026252242	-0.026252242	2.13506E-19
XPO4	-0.022468928	-0.017783542	0.017783542	5.69422E-24
XPO5	-0.004182285	-0.001124019	0.001124019	4.55113E-06
XPO6	-0.001751633	0.003028305	-0.003028305	7.07464E-08
XPO7	0.017134527	0.021935648	-0.021935648	1.35295E-13
XPOT	0.015647999	0.018758103	-0.018758103	5.74653E-25
XPR1	-0.030643399	-0.024633639	0.024633639	7.64441E-25
XRCC5	0.005253762	0.011023412	-0.011023412	0.000626522
XRCC6	0.004787404	0.00817842	-0.00817842	0.001317238
XRN1	-0.025436642	-0.018726754	0.018726754	2.82826E-21
XRN2	-0.005536732	-0.001312721	0.001312721	2.24899E-06
XRRA1	-0.042056132	-0.037657337	0.037657337	1.98994E-79
XXYLT1	-0.011801119	-0.008398315	0.008398315	1.53286E-12
XYLB	-0.052798201	-0.048688384	0.048688384	3.1455E-147
XYLT1	-0.070614793	-0.06366645	0.06366645	3.00944E-90
YAF2	-0.019598516	-0.014155741	0.014155741	3.11189E-13
YBX1	0.003039483	0.005762314	-0.005762314	0.011529009
YEATS2	-0.030176892	-0.02457023	0.02457023	7.47831E-31
YIPF2	0.005693769	0.008369001	-0.008369001	4.35428E-06
YIPF4	0.000859015	0.005401252	-0.005401252	2.82796E-06
YIPF6	0.010429123	0.013354451	-0.013354451	7.97825E-13
YJEFN3	0.055790701	0.060225111	-0.060225111	6.6142E-132
YLPM1	-0.029255404	-0.022778642	0.022778642	1.33213E-20
YME1L1	0.00399926	0.007994421	-0.007994421	1.63173E-05
YPEL1	0.016556517	0.020665157	-0.020665157	7.8607E-20
YPEL2	-0.009712233	-0.004888409	0.004888409	1.86214E-13
YPEL3	0.082941554	0.089475117	-0.089475117	3.5655E-143
YPEL4	0.002501588	0.005801566	-0.005801566	1.35598E-19
YPEL5	0.009313035	0.013014319	-0.013014319	1.28033E-07
YTHDC1	-0.022865236	-0.017996687	0.017996687	5.05687E-30
YTHDC2	-0.048757386	-0.042095981	0.042095981	9.71132E-49
YTHDF2	0.001800107	0.004671584	-0.004671584	0.005949348
YTHDF3	-0.013152416	-0.008934253	0.008934253	4.36434E-15
YWHAB	0.035914121	0.042242664	-0.042242664	1.74942E-31
YWHAE	0.02287072	0.029167756	-0.029167756	8.04533E-12
YWHAG	0.040249069	0.048169189	-0.048169189	1.54838E-25
YWHAH	0.09490074	0.100438201	-0.100438201	1.6278E-243
YWHAQ	0.002576021	0.006980381	-0.006980381	0.421460381
YWHAZ	0.039690776	0.047435153	-0.047435153	4.11589E-39
YY1	-0.00944836	-0.00508027	0.00508027	5.98524E-10
YY1AP1	0.013705876	0.017323971	-0.017323971	5.64485E-17
ZADH2	-0.004418899	-0.001209241	0.001209241	1.35966E-05
ZBBX	-0.072146562	-0.067463261	0.067463261	2.5217E-212
ZBED5	0.01417771	0.018013105	-0.018013105	5.39442E-14
ZBTB1	-0.005015498	-0.00032962	0.00032962	8.56853E-08
ZBTB11	-0.007203865	-0.003836575	0.003836575	1.28525E-08
ZBTB16	0.024752667	0.03346202	-0.03346202	2.86659E-25
ZBTB18	0.00809034	0.01343634	-0.01343634	5.07196E-13
ZBTB20	0.062897814	0.070937222	-0.070937222	1.82151E-56
ZBTB21	-0.010763831	-0.00741983	0.00741983	5.03676E-15
ZBTB25	-0.008711437	-0.005485707	0.005485707	7.56032E-12
ZBTB38	-0.019575717	-0.013107012	0.013107012	6.16676E-14
ZBTB4	-0.008606462	-0.00363025	0.00363025	3.28615E-15
ZBTB41	-0.010082772	-0.005428505	0.005428505	1.175E-24
ZBTB43	-0.007635925	-0.004441151	0.004441151	4.59494E-09
ZBTB44	0.021305756	0.026557611	-0.026557611	2.07349E-30
ZBTB46	-0.020484588	-0.016749856	0.016749856	5.25997E-31
ZBTB7A	0.04516936	0.051679062	-0.051679062	1.15792E-68
ZBTB7C	-0.013752638	-0.009500353	0.009500353	2.23499E-14
ZBTB8OS	-0.034009884	-0.028259856	0.028259856	2.47807E-30
ZC2HC1A	-0.012831316	-0.008322194	0.008322194	2.25337E-22
ZC3H12B	-0.033932894	-0.029393996	0.029393996	7.39557E-49
ZC3H12C	0.004533155	0.00842516	-0.00842516	0.01696393
ZC3H13	-0.131691616	-0.124715923	0.124715923	5.2007E-304
ZC3H14	-0.001567072	0.003672681	-0.003672681	2.97454E-05
ZC3H15	0.004193248	0.007916173	-0.007916173	2.81606E-05
ZC3H3	0.006384323	0.009268762	-0.009268762	8.88198E-08
ZC3H6	-0.019392076	-0.014179932	0.014179932	1.58552E-23
ZC3H7A	0.001057307	0.00438088	-0.00438088	0.000304376
ZC3H7B	0.00084569	0.004848518	-0.004848518	0.00406438
ZC3H8	-0.027201566	-0.023014572	0.023014572	1.13031E-36
ZC4H2	-0.00994532	-0.005441749	0.005441749	1.42414E-06
ZCCHC14	-0.016439353	-0.010961528	0.010961528	1.61251E-09
ZCCHC17	-0.001648533	0.002155101	-0.002155101	0.000164888
ZCCHC2	-0.021976004	-0.017424253	0.017424253	1.08917E-22
ZCCHC3	0.005587998	0.008375797	-0.008375797	4.12274E-11
ZCCHC7	-0.101638649	-0.092774754	0.092774754	1.0047E-110
ZCCHC8	-0.002178213	0.001245979	-0.001245979	1.31464E-05
ZDBF2	-0.041276333	-0.035197589	0.035197589	7.86492E-41
ZDHHC11B	-0.108512267	-0.102523178	0.102523178	1.096E-291
ZDHHC13	-0.019380144	-0.015576437	0.015576437	5.26004E-23
ZDHHC14	-0.051789569	-0.043527252	0.043527252	1.14081E-34
ZDHHC17	-0.00616916	-0.000179945	0.000179945	1.22929E-16
ZDHHC18	0.018968949	0.022158106	-0.022158106	2.08281E-31
ZDHHC2	-0.021315943	-0.017491723	0.017491723	3.68306E-32
ZDHHC20	-0.010344079	-0.004541831	0.004541831	9.72338E-10
ZDHHC21	-0.094117515	-0.085973068	0.085973068	1.1559E-113
ZDHHC22	0.013839848	0.016723635	-0.016723635	2.57495E-24
ZDHHC5	0.001262904	0.003889276	-0.003889276	0.60178293
ZDHHC8	0.023821292	0.027644667	-0.027644667	3.13912E-37
ZEB1	-0.082974989	-0.074105787	0.074105787	2.81059E-76
ZEB2	0.079723996	0.089198607	-0.089198607	2.3598E-101
ZER1	-0.020578628	-0.013292462	0.013292462	7.6497E-20
ZFAND1	-0.011303853	-0.007995657	0.007995657	2.60671E-20
ZFAND3	-0.045015108	-0.035798813	0.035798813	2.49E-22
ZFAND5	0.001489062	0.006668788	-0.006668788	0.004951834
ZFAND6	0.001160134	0.004348406	-0.004348406	0.000367866
ZFAT	-0.008228278	-0.004958299	0.004958299	1.00652E-07
ZFC3H1	-0.007031638	-0.001641968	0.001641968	1.02731E-10
ZFHX2	-0.014610866	-0.01054673	0.01054673	7.26961E-15
ZFHX3	-0.00629904	-0.002108996	0.002108996	0.001547294
ZFHX4	0.010511966	0.013439878	-0.013439878	5.85518E-12
ZFP14	-0.004911378	-0.001758811	0.001758811	4.41308E-09
ZFP30	-0.004848373	-0.001675967	0.001675967	1.6489E-10
ZFP64	-0.006224983	-0.003246671	0.003246671	2.94418E-12
ZFP82	-0.003876784	-0.00139562	0.00139562	0.001232289
ZFP90	-0.044416687	-0.039909691	0.039909691	1.78356E-84
ZFPM2	-0.056676978	-0.046888281	0.046888281	1.22346E-29
ZFR	0.005495841	0.011783357	-0.011783357	8.13971E-15
ZFR2	-0.032633225	-0.027599845	0.027599845	4.86898E-38
ZFX	0.005491065	0.009750761	-0.009750761	0.000323622
ZFYVE16	-0.039021824	-0.032649908	0.032649908	2.96136E-40
ZFYVE21	-0.003774815	-0.000889997	0.000889997	0.000222539
ZFYVE27	0.012769118	0.016562214	-0.016562214	3.08326E-16
ZFYVE28	-0.062398807	-0.05535067	0.05535067	1.00122E-66
ZFYVE9	-0.044482873	-0.037724329	0.037724329	3.36013E-37
ZGLP1	0.018929015	0.021524902	-0.021524902	8.78816E-46
ZHX2	0.002674845	0.005954027	-0.005954027	0.054021082
ZHX3	-0.00861113	-0.002002795	0.002002795	4.27703E-10
ZIM2	-0.013507844	-0.010518253	0.010518253	8.08992E-23
ZKSCAN1	-0.031000977	-0.026266625	0.026266625	2.58178E-41
ZMAT1	-0.03387019	-0.029457173	0.029457173	1.32681E-59
ZMAT2	0.008136654	0.011208144	-0.011208144	2.49769E-07
ZMAT3	0.01550065	0.020294502	-0.020294502	1.43678E-20
ZMAT4	-0.106683619	-0.097338793	0.097338793	7.7211E-116
ZMIZ1	-0.009320951	-0.005189722	0.005189722	1.14526E-10
ZMIZ2	0.029396709	0.033611215	-0.033611215	3.2114E-53
ZMYM2	-0.043946667	-0.035478233	0.035478233	1.61512E-26
ZMYM3	0.031008639	0.034904421	-0.034904421	2.55044E-62
ZMYM4	-0.036820957	-0.030026986	0.030026986	9.86637E-30
ZMYM5	-0.026653841	-0.022724538	0.022724538	2.18839E-41
ZMYND11	-0.04976709	-0.042750294	0.042750294	3.89064E-45
ZMYND8	-0.004776191	0.003203216	-0.003203216	6.84307E-11
ZNF106	-0.021080589	-0.016167328	0.016167328	6.70847E-21
ZNF124	-0.016458624	-0.013649483	0.013649483	2.70766E-30
ZNF131	-0.034166114	-0.028379866	0.028379866	2.70193E-32
ZNF133	-0.004545024	-0.000216841	0.000216841	4.13671E-08
ZNF135	-0.014459898	-0.011517309	0.011517309	3.5626E-30
ZNF138	-0.015553666	-0.011341211	0.011341211	1.76233E-13
ZNF141	-0.000677068	0.002644946	-0.002644946	6.70861E-07
ZNF146	-0.0012821	0.001904396	-0.001904396	1.33096E-05
ZNF148	-0.047728571	-0.039951599	0.039951599	1.09814E-32
ZNF155	-0.018778729	-0.015315368	0.015315368	2.56808E-28
ZNF160	-0.01982043	-0.016722911	0.016722911	3.19844E-40
ZNF189	0.000359349	0.003439999	-0.003439999	1.98853E-05
ZNF195	-0.004353152	-0.001379012	0.001379012	4.14556E-08
ZNF197	-0.00618175	-0.003003779	0.003003779	1.68823E-05
ZNF207	-0.039249711	-0.033591109	0.033591109	4.2637E-47
ZNF235	-0.010336322	-0.006804696	0.006804696	7.42525E-11
ZNF236	-0.034530242	-0.030266134	0.030266134	8.86669E-59
ZNF24	0.004869671	0.008737141	-0.008737141	7.78608E-12
ZNF248	-0.040684734	-0.033888723	0.033888723	2.90475E-32
ZNF25	-0.016392889	-0.011938773	0.011938773	1.02739E-22
ZNF251	-0.019438952	-0.015366774	0.015366774	1.32189E-21
ZNF253	-0.001783356	0.000882098	-0.000882098	8.63187E-05
ZNF254	-0.037633932	-0.032397995	0.032397995	1.19104E-45
ZNF26	-0.006482086	-0.003742292	0.003742292	9.48749E-07
ZNF264	0.000693967	0.003521873	-0.003521873	0.161180437
ZNF273	-0.009518494	-0.003973681	0.003973681	7.88727E-05
ZNF277	-0.005078995	-0.00119231	0.00119231	4.46952E-05
ZNF280D	0.067095611	0.07227573	-0.07227573	8.5202E-188
ZNF281	0.001320981	0.004147062	-0.004147062	4.18406E-06
ZNF292	-0.126119248	-0.117253709	0.117253709	3.3391E-173
ZNF302	-8.44986E-05	0.002830862	-0.002830862	4.20221E-05
ZNF316	0.023001884	0.025995428	-0.025995428	7.37116E-61
ZNF318	-0.025009341	-0.020508463	0.020508463	2.4185E-30
ZNF326	-0.004697263	-0.001315765	0.001315765	9.75586E-14
ZNF331	-0.001950565	0.001635882	-0.001635882	0.000279857
ZNF337	-0.006148297	-0.002277956	0.002277956	4.67837E-07
ZNF33A	-0.00228707	0.001582245	-0.001582245	0.034222527
ZNF33B	0.000906884	0.003974531	-0.003974531	0.031346811
ZNF345	-0.008125571	-0.004942653	0.004942653	1.64171E-07
ZNF346	-0.032256746	-0.027791067	0.027791067	3.55493E-46
ZNF358	0.033362752	0.036224106	-0.036224106	1.2728E-117
ZNF362	-0.01048436	-0.007354959	0.007354959	1.02692E-13
ZNF365	-0.09363656	-0.08623431	0.08623431	3.3585E-137
ZNF382	0.007703579	0.010698669	-0.010698669	7.34366E-08
ZNF385B	-0.103269401	-0.093129714	0.093129714	6.00639E-93
ZNF385D	-0.004467174	0.005650533	-0.005650533	2.60485E-08
ZNF397	0.003171715	0.00580181	-0.00580181	0.008661402
ZNF398	-0.009007311	-0.005487755	0.005487755	8.21968E-10
ZNF407	-0.040134394	-0.033681638	0.033681638	3.29423E-37
ZNF420	-0.017895683	-0.014431486	0.014431486	5.58694E-27
ZNF428	-0.007829646	-0.005077663	0.005077663	1.53798E-08
ZNF429	-0.012379647	-0.009262717	0.009262717	7.67039E-18
ZNF431	0.003314587	0.006097664	-0.006097664	1.10003E-08
ZNF438	-0.009864215	-0.005131253	0.005131253	6.7856E-06
ZNF439	-0.005921081	-0.003138221	0.003138221	1.88651E-06
ZNF44	-0.007834213	-0.004918256	0.004918256	1.92385E-07
ZNF444	0.01136931	0.014613098	-0.014613098	4.61148E-26
ZNF445	-0.011977155	-0.00804889	0.00804889	3.12268E-13
ZNF451	-0.00889963	-0.002387798	0.002387798	5.56805E-10
ZNF462	-0.004439656	-0.000393472	0.000393472	0.000946822
ZNF471	-0.00387259	-0.001224896	0.001224896	0.000657957
ZNF483	0.00308381	0.010984767	-0.010984767	1.94414E-19
ZNF493	0.057906117	0.060696419	-0.060696419	0
ZNF496	-0.010615243	-0.007943065	0.007943065	7.25691E-16
ZNF507	-0.007242741	-0.003190202	0.003190202	1.07159E-11
ZNF510	-0.002962486	-0.000489132	0.000489132	0.014577713
ZNF512	-0.002776759	4.22458E-05	-4.22458E-05	3.88625E-06
ZNF512B	0.000350681	0.003455712	-0.003455712	1.11897E-11
ZNF516	0.009625317	0.013574341	-0.013574341	2.04716E-06
ZNF518A	-0.030608504	-0.024804567	0.024804567	2.86415E-24
ZNF518B	0.003065332	0.005618642	-0.005618642	0.002110173
ZNF519	-0.005316731	-9.67535E-05	9.67535E-05	3.71246E-07
ZNF521	0.003996588	0.006926399	-0.006926399	0.000204299
ZNF528	-0.02117338	-0.018092146	0.018092146	4.01977E-45
ZNF529	-0.009648818	-0.005997013	0.005997013	6.24782E-10
ZNF532	-0.040285071	-0.033507581	0.033507581	1.84898E-30
ZNF536	0.048414848	0.055567393	-0.055567393	1.03764E-39
ZNF540	-0.017263658	-0.013593043	0.013593043	1.09766E-22
ZNF549	-0.013743715	-0.010897369	0.010897369	8.51764E-22
ZNF562	-0.007743135	-0.004869757	0.004869757	5.46287E-09
ZNF565	0.002754145	0.005304187	-0.005304187	0.008735043
ZNF566	-0.007001606	-0.004136031	0.004136031	1.74574E-07
ZNF568	-0.004936474	-0.001933099	0.001933099	1.79775E-05
ZNF573	-0.006736894	-0.004120461	0.004120461	2.30625E-07
ZNF577	-0.013085367	-0.009347996	0.009347996	1.4037E-15
ZNF586	-0.018733339	-0.014318063	0.014318063	3.23272E-16
ZNF587	0.002444998	0.005130398	-0.005130398	0.004798371
ZNF589	-0.008191107	-0.004823608	0.004823608	3.6795E-07
ZNF592	-0.002191872	0.000558512	-0.000558512	0.001048987
ZNF595	-0.018455691	-0.01516015	0.01516015	2.10453E-29
ZNF608	0.008037957	0.012861182	-0.012861182	5.69946E-05
ZNF609	-0.050209485	-0.042599372	0.042599372	2.59233E-37
ZNF618	-0.011990925	-0.008677232	0.008677232	1.4525E-12
ZNF638	-0.110166882	-0.100960709	0.100960709	1.3808E-119
ZNF644	-0.039941654	-0.03354157	0.03354157	4.90034E-36
ZNF652	-0.003406745	0.001510608	-0.001510608	1.32747E-06
ZNF654	-0.018271149	-0.01385291	0.01385291	3.5544E-21
ZNF667	-0.048131713	-0.044062026	0.044062026	1.5601E-123
ZNF675	-0.001498553	0.002530083	-0.002530083	0.000185068
ZNF678	-0.007136118	-0.00443195	0.00443195	8.97906E-09
ZNF680	0.010371923	0.014476089	-0.014476089	4.61652E-16
ZNF692	0.044023847	0.047813699	-0.047813699	1.7798E-115
ZNF704	0.008776017	0.01619321	-0.01619321	1.51449E-15
ZNF706	0.046939326	0.053134114	-0.053134114	1.44499E-58
ZNF708	-0.002591589	0.000872821	-0.000872821	1.0623E-07
ZNF711	-0.006054696	-0.003276617	0.003276617	5.13636E-17
ZNF714	-0.009892974	-0.007250764	0.007250764	6.07814E-17
ZNF717	0.008566446	0.011753566	-0.011753566	3.48458E-16
ZNF718	-0.007563001	-0.002888903	0.002888903	5.42831E-15
ZNF721	-0.079801774	-0.072568351	0.072568351	1.8556E-103
ZNF736	-0.008274412	-0.004254137	0.004254137	2.28358E-11
ZNF75A	-0.027649621	-0.024618325	0.024618325	2.79829E-78
ZNF75D	-0.014397906	-0.011523392	0.011523392	1.81176E-22
ZNF76	0.001978151	0.005093279	-0.005093279	6.49598E-05
ZNF770	0.012178807	0.015406999	-0.015406999	7.46866E-15
ZNF780B	-0.106515676	-0.100305903	0.100305903	2.5864E-253
ZNF782	-0.014141021	-0.009660052	0.009660052	1.61842E-10
ZNF783	0.008721118	0.013023548	-0.013023548	6.25976E-21
ZNF785	-0.01911742	-0.016144829	0.016144829	2.04055E-37
ZNF789	-0.015019034	-0.011984278	0.011984278	1.35129E-23
ZNF791	-0.003374335	-0.000285672	0.000285672	1.24123E-05
ZNF800	-0.02081088	-0.016232549	0.016232549	1.00023E-21
ZNF804A	0.00259668	0.011947	-0.011947	9.07658E-08
ZNF804B	-0.078094863	-0.069773559	0.069773559	7.14117E-83
ZNF81	-0.005526227	-0.002665189	0.002665189	8.17002E-05
ZNF814	-0.002858599	6.74629E-05	-6.74629E-05	0.001177274
ZNF821	-0.003051401	0.000546371	-0.000546371	0.00118912
ZNF827	0.009002311	0.014235509	-0.014235509	1.03217E-09
ZNF83	-0.007850868	-0.004182511	0.004182511	1.88435E-05
ZNF831	-0.010431418	-0.007082025	0.007082025	4.02508E-11
ZNF84	-0.007582354	-0.003699227	0.003699227	7.5969E-15
ZNF846	-0.020141642	-0.016973905	0.016973905	3.72114E-43
ZNF862	0.00437286	0.007485023	-0.007485023	3.1303E-07
ZNF891	-0.009882862	-0.007056453	0.007056453	8.70268E-13
ZNF91	-0.145987448	-0.137916327	0.137916327	6.2254E-281
ZNHIT6	-0.013111293	-0.009354659	0.009354659	6.63251E-19
ZNRF1	-0.013974867	-0.0095628	0.0095628	1.70462E-12
ZNRF2	-0.004029478	-0.000742588	0.000742588	0.000105211
ZNRF3	-0.040296238	-0.034983536	0.034983536	7.11933E-59
ZRANB1	-0.00225382	0.001635359	-0.001635359	0.000405663
ZRANB2	0.00978931	0.016343894	-0.016343894	1.16854E-40
ZRANB3	-0.070279445	-0.06471722	0.06471722	1.5452E-138
ZRSR2	0.012972033	0.016031461	-0.016031461	5.39015E-18
ZSCAN18	-0.004173995	-0.001655408	0.001655408	0.00474221
ZSCAN30	-0.008109412	-0.005332452	0.005332452	1.11005E-12
ZSCAN31	0.00577095	0.008589082	-0.008589082	1.85986E-06
ZSCAN5A	-0.029184303	-0.025413954	0.025413954	1.64133E-52
ZSWIM5	-0.035164145	-0.029318819	0.029318819	8.38456E-32
ZSWIM6	-0.105663819	-0.097095591	0.097095591	2.5535E-128
ZSWIM8	0.030446652	0.03431483	-0.03431483	2.78248E-53
ZXDC	-0.000710002	0.003043366	-0.003043366	2.271E-08
ZYG11B	0.014567889	0.020653289	-0.020653289	9.7149E-17
ZYX	0.013939464	0.017653379	-0.017653379	2.08384E-20
ZZEF1	-0.011858571	-0.007777618	0.007777618	1.95168E-10
